category;name;rus;eng
talent_name;albedo_calcite_might;Превосходство кальцита;Calcite Might
talent_descr;albedo_calcite_might;Увеличивает урон Цветков мимолётности навыка skill{skill:Абиогенез: Цветок солнца} по противникам с name{HP} ниже value{50%} на %{dmg_skill_albedo}.;name{Transient Blossoms} generated by skill{skill:Abiogenesis: Solar Isotoma} deal %{dmg_skill_albedo} more DMG to opponents whose name{HP} is below value{50%}.
talent_name;albedo_homuncular_nature;Гомункулярная природа;Homuncular Nature
talent_descr;albedo_homuncular_nature;Активация навыка skill{burst:Ритуал рождения: Тектоническая волна} увеличивает name{мастерство стихий} ближайших членов отряда на %{mastery} ед. в течение 10 сек.;Using skill{burst:Rite of Progeniture: Tectonic Tide} increases the name{Elemental Mastery} of nearby party members by %{mastery} for 10s.
talent_name;albedo_flower_of_eden;Цветок Эдема;Flower of Eden
talent_descr;albedo_flower_of_eden;name{Цветки мимолётности}, сгенерированные навыком name{Альбедо} skill{skill:Абиогенез: Цветок солнца}, восстанавливают 1,2 name{ед. энергии} name{Альбедо}.;name{Transient Blossoms} generated by name{Albedo}'s skill{skill:Abiogenesis: Solar Isotoma} regenerate 1.2 name{Energy} for name{Albedo}.
talent_name;albedo_opening_of_phanerozoic;Открытие фанерозоя;Opening of Phanerozoic
talent_descr;albedo_opening_of_phanerozoic;name{Цветки мимолётности}, сгенерированные навыком skill{skill:Абиогенез: Цветок солнца}, на 30 сек. наделяют name{Альбедо} name{Роковым расчётом}:<br>· Активация навыка skill{burst:Ритуал рождения: Тектоническая волна} снимает эффект name{Рокового расчёта} и, в зависимости от снятых уровней эффекта, увеличивает урон от взрыва навыка name{Ритуал рождения: Тектоническая волна} и урон name{Цветков неизбежности}.<br>· Каждый уровень name{Рокового расчёта} увеличивает урон на %{text_percent_dmg} от name{защиты} name{Альбедо}.<br>· Этот эффект может складываться до 4 раз.;name{Transient Blossoms} generated by skill{skill:Abiogenesis: Solar Isotoma} grant name{Albedo} name{Fatal Reckoning} for 30s:<br>·Unleashing skill{burst:Rite of Progeniture: Tectonic Tide} consumes all stacks of name{Fatal Reckoning}. Each stack of name{Fatal Reckoning} consumed increases the DMG dealt by name{Fatal Blossoms} and name{Rite of Progeniture: Tectonic Tide}'s burst DMG by %{text_percent_dmg} of name{Albedo}'s name{DEF}.<br>·This effect stacks up to 4 times.
talent_name;albedo_grace_of_helios;Милость Гелиоса;Grace of Helios
talent_name;albedo_descent_of_divinity;Сошествие духовности;Descent of Divinity
talent_descr;albedo_descent_of_divinity;Увеличивает урон name{атаки в падении} активных членов отряда в области name{Цветка солнца} на %{dmg_plunge}.;Active party members within the name{Solar Isotoma} field have their name{Plunging Attack DMG} increased by %{dmg_plunge}.
talent_name;albedo_tide_of_hadean;Прилив катархея;Tide of Hadean
talent_name;albedo_dust_of_purification;Пыль очищения;Dust of Purification
talent_descr;albedo_dust_of_purification;Увеличивает урон активных членов отряда в области name{Цветка солнца}, находящихся под эффектом щита реакции geo{Кристалл}, на %{dmg_all}.;Active party members within the name{Solar Isotoma} field who are protected by a shield created by geo{Crystallize} have their DMG increased by %{dmg_all}.
talent_name;alhaitham_four_causal_correction;Коррекция по четырём причинам;Four-Causal Correction
talent_descr;alhaitham_four_causal_correction;name{Заряженные атаки} или name{атаки в падении} name{аль-Хайтама} при попадании создают 1 name{Зеркало света}. Этот эффект может возникнуть один раз в 12 сек.;When name{Alhaitham}'s name{Charged} or name{Plunging Attacks} hit opponents, they will generate 1 name{Chisel-Light Mirror}. This effect can be triggered once every 12s.
talent_name;alhaitham_mysteries_laid_bare;Раскрытие тайн;Mysteries Laid Bare
talent_descr;alhaitham_mysteries_laid_bare;Каждая единица name{мастерства стихий} name{аль-Хайтама} увеличивает урон его name{Проекционного удара} и навыка skill{burst:Особое поле: Взаимосвязь феноменов} на %{text_percent_dmg}.<br>Бонус урона этих навыков, полученный таким образом, не может превышать %{text_percent_max}.;Each point of name{Alhaitham}'s name{Elemental Mastery} will increase the DMG dealt by name{Projection Attacks} and skill{burst:Particular Field: Fetters of Phenomena} by %{text_percent_dmg}.<br>The DMG of both aforementioned abilities can be increased by a maximum of %{text_percent_max} this way.
talent_name;alhaitham_intuition;Интуиция;Intuition
talent_descr;alhaitham_intuition;Когда Проекционный удар попадает по противнику, откат навыка skill{skill:Универсалия: Совершенствование формы} уменьшается на 1,2 сек. Эффект активируется не чаще одного раза в 1 сек.;When a Projection Attack hits an opponent, skill{skill:Universality: An Elaboration on Form}'s CD is decreased by 1.2s. This effect can be triggered once every 1s.
talent_name;alhaitham_debate;Полемика;Debate
talent_descr;alhaitham_debate;Когда name{аль-Хайтам} создаёт name{Зеркало света}, его name{мастерство стихий} повышается на %{mastery} ед. на 8 сек. Эффект может складываться до 4 раз. Длительность каждого уровня рассчитывается отдельно. Эффект срабатывает, даже если достигнуто максимальное количество name{Зеркал света}.;When name{Alhaitham} generates a name{Chisel-Light Mirror}, his name{Elemental Mastery} will be increased by %{mastery} for 8 seconds, max 4 stacks. Each stack's duration is counted independently. This effect can be triggered even when the maximum number of name{Chisel-Light Mirrors} has been reached.
talent_name;alhaitham_negation;Отрицание;Negation
talent_name;alhaitham_elucidation;Толкование;Elucidation
talent_descr;alhaitham_elucidation;Во время применения навыка skill{burst:Особое поле: Взаимосвязь феноменов} в зависимости от количества израсходованных и созданных в этот раз name{Зеркал света} активируются следующие эффекты:<br>· Каждое израсходованное name{Зеркало света} повышает name{мастерство стихий} остальных членов отряда поблизости на %{text_value_mastery} ед. на 15 сек.<br>· Каждое созданное name{Зеркало света} даёт name{аль-Хайтаму} %{text_value_dendro} бонус dendro{Дендро урона} на 15 сек.<br><br>Существующие эффекты, описанные выше, будут сняты, если во время их действия повторно активировать name{Особое поле: Взаимосвязь феноменов}.;When skill{burst:Particular Field: Fetters of Phenomena} is unleashed, the following effects will become active based on the number of name{Chisel-Light Mirrors} consumed and created this time around:<br>·Each name{Mirror} consumed will increase the name{Elemental Mastery} of all other nearby party members by %{text_value_mastery} for 15s.<br>·Each name{Mirror} generated will grant name{Alhaitham} a %{text_value_dendro} dendro{Dendro DMG Bonus} for 15s.<br><br>The pre-existing duration of the aforementioned effects will be cleared if you use name{Particular Field: Fetters of Phenomena} again while they are in effect.
talent_name;alhaitham_sagacity;Проницательность;Sagacity
talent_name;alhaitham_structuration;Структурирование;Structuration
talent_descr;alhaitham_structuration;name{Аль-Хайтам} получает следующие эффекты:<br>· Через 2 сек. после применения навыка skill{burst:Особое поле: Взаимосвязь феноменов} вне зависимости от числа израсходованных name{Зеркал света} создаётся 3 name{Зеркала света}.<br>· Если name{аль-Хайтам} создаёт name{Зеркала света}, когда достигнуто их максимальное количество, его name{шанс крит. попадания} повысится на %{crit_rate}, а name{крит. урон} - на %{crit_dmg} на 6 сек. Если эффект во время его исходного действия активируется повторно, его остающаяся длительность увеличится на 6 сек.;name{Alhaitham} gains the following effects:<br>· 2 seconds after skill{burst:Particular Field: Fetters of Phenomena} is unleashed, he will generate 3 name{Chisel-Light Mirrors} regardless of the number of mirrors consumed.<br>· If name{Alhaitham} generates name{Chisel-Light Mirrors} when their numbers have already maxed out, his name{CRIT Rate} and name{CRIT DMG} will increase by %{crit_rate} and %{crit_dmg} respectively for 6s. If this effect is triggered again during its initial duration, the duration remaining will be increased by 6s.
talent_name;aloy_combat_override;Боевой перехват;Combat Override
talent_descr;aloy_combat_override;Когда name{Элой} получает эффект name{Спирали} навыка skill{skill:Ледяная пустошь}, её name{сила атаки} повышается на %{text_percent_1}, а name{сила атаки} других окружающих членов отряда повышается на %{text_percent_2}. Этот эффект длится 10 сек.;When name{Aloy} receives the name{Coil} effect from skill{skill:Frozen Wilds}, her name{ATK} is increased by %{text_percent_1}, while nearby party members' name{ATK} is increased by %{text_percent_2}. This effect lasts 10s.
talent_name;aloy_strong_strike;Сильная атака;Strong Strike
talent_descr;aloy_strong_strike;Когда name{Элой} находится в состоянии name{Стремительного льда} навыка skill{skill:Ледяная пустошь}, её бонус cryo{Крио урона} увеличивается на %{dmg_cryo} каждую секунду. Подобным способом можно получить до %{text_percent} бонуса cryo{Крио урона}.;When name{Aloy} is in the name{Rushing Ice} state conferred by skill{skill:Frozen Wilds}, her cryo{Cryo DMG Bonus} increases by %{dmg_cryo} every 1s. A maximum cryo{Cryo DMG Bonus} increase of %{text_percent} can be gained in this way.
talent_name;aloy_star_of_another_world;Чужеземная звезда;Star of Another World
talent_descr;aloy_star_of_another_world;Момент осветить звёздное небо этого человека ещё не настал.;The time has not yet come for this person's corner of the night sky to light up.
talent_name;amber_every_arrow_finds_its_target;Сто стрел - все в цель!;Every Arrow Finds Its Target
talent_descr;amber_every_arrow_finds_its_target;name{Шанс критического попадания} навыка skill{burst:Огненный дождь} увеличивается на %{crit_rate_amber}, а его зона поражения - на %{text_percent_radius}.;Increases the name{CRIT Rate} of skill{burst:Fiery Rain} by %{crit_rate_amber} and widens its AoE by %{text_percent_radius}.
talent_name;amber_precise_shot;Подавляющий огонь;Precise Shot
talent_descr;amber_precise_shot;Прицельные выстрелы по name{уязвимым местам} противника увеличивают name{силу атаки} на %{atk_percent} на 10 сек.;Aimed Shot hits on name{weak points} increase name{ATK} by %{atk_percent} for 10s.
talent_name;amber_one_arrow_to_rule_them_all;Двух зайцев...;One Arrow to Rule Them All
talent_descr;amber_one_arrow_to_rule_them_all;Во время skill{прицельной стрельбы} выпускает по две стрелы за выстрел. Вторая стрела наносит %{text_percent_dmg} от урона первой стрелы.;Fires 2 arrows per skill{Aimed Shot}. The second arrow deals %{text_percent_dmg} of the first arrow's DMG.
talent_name;amber_bunny_triggered;Зайчик активирован;Bunny Triggered
talent_descr;amber_bunny_triggered;name{Барон Зайчик}, свежий и навороченный! Попадание по его ногам полностью заряженным прицельным выстрелом заставляет его моментально взорваться.<br>Такой взрыв наносит дополнительные %{dmg_skill_amber} урона.;name{Baron Bunny}, new and improved! Hitting name{Baron Bunny}'s foot with a fully-charged Aimed Shot manually detonates it.<br>Explosion via manual detonation deals %{dmg_skill_amber} additional DMG.
talent_name;amber_it_burns;Оно горит!;It Burns!
talent_name;amber_its_not_just_any_doll;Это не просто кукла;It's Not Just Any Doll...
talent_descr;amber_its_not_just_any_doll;Уменьшает время отката навыка skill{skill:Барон Зайчик} на %{text_percent_cd}. Также даёт одну дополнительную куклу.;Decreases skill{skill:Explosive Puppet}'s CD by %{text_percent_cd}. Adds 1 additional charge.
talent_name;amber_its_baron_bunny;Взрывная кукла!;It's Baron Bunny!
talent_name;amber_wildfire;Горящие пятки;Wildfire
talent_descr;amber_wildfire;Использование навыка skill{burst:Огненный дождь} увеличивает name{скорость передвижения} всех членов отряда и их name{атаку} на %{atk_percent} в течение 10 сек.;skill{burst:Fiery Rain} increases all party members' name{Movement SPD} by %{move_speed} and name{ATK} by %{atk_percent} for 10s.
talent_name;arataki_itto_arataki_ichiban;Аратаки итибан;Arataki Ichiban
talent_descr;arataki_itto_arataki_ichiban;Когда name{Аратаки Итто} выполняет серию выпадов name{Аратаки кэсагири}, действуют следующие эффекты:<br>· Каждый выпад увеличивает name{скорость атаки} следующего выпада в серии на %{atk_speed_charged}. Максимальное увеличение скорости атаки - %{text_percent_max}.<br>· Увеличивается сопротивление прерыванию.<br>Эти эффекты исчезают, когда серия прерывается.;When name{Arataki Itto} uses consecutive name{Arataki Kesagiri}, he obtains the following effects:<br>· Each slash increases the name{ATK SPD} of the next slash by %{atk_speed_charged}. Max name{ATK SPD} increase is %{text_percent_max}.<br>· Increases his resistance to interruption.<br>These effects will be cleared once he stops performing consecutive slashes.
talent_name;arataki_itto_bloodline_of_the_crimson_oni;Наследие Багрового Óни;Bloodline of the Crimson Oni
talent_descr;arataki_itto_bloodline_of_the_crimson_oni;Урон name{Аратаки кэсагири} увеличивается на %{text_percent} от name{защиты} name{Аратаки Итто}.;name{Arataki Kesagiri} DMG is increased by %{text_percent} of name{Arataki Itto}'s name{DEF}.
talent_name;arataki_itto_stay_a_while_and_listen_up;Слушай мой наказ;Stay a While and Listen Up
talent_descr;arataki_itto_stay_a_while_and_listen_up;При запуске skill{burst:Явления короля: Итто Жестокий!} name{Аратаки Итто} получает 2 ур. name{Невероятной силы}. Через 1 сек. после запуска name{Аратаки Итто} начинает получать по 1 ур. name{Невероятной силы} каждые 0,5 сек. в течение 1,5 сек.;After using skill{burst:Royal Descent: Behold, name{Itto} the Evil!}, name{Arataki Itto} gains 2 stacks of name{Superlative Superstrength}. After 1s, name{Itto} will gain 1 stack of name{Superlative Superstrength} every 0.5s for 1.5s.
talent_name;arataki_itto_gather_round_its_a_brawl;Все в круг для драки!;Gather 'Round, It's a Brawl!
talent_descr;arataki_itto_gather_round_its_a_brawl;После активации навыка skill{burst:Явление короля: Итто Жестокий!} за каждого члена отряда с элементом geo{Гео} время отката навыка уменьшается на 1,5 сек., а name{Аратаки Итто} восстанавливает 6 ед. name{элементальной энергии}.<br>Этим способом можно снизить откат не более чем на 4,5 сек. и восстановить не более 18 name{ед. энергии}.;After using skill{burst:Royal Descent: Behold, name{Itto} the Evil!}, each party member whose Element is geo{Geo} will decrease that skill's CD by 1.5s and restore 6 name{Energy} to name{Arataki Itto}.<br>CD can be decreased by up to 4.5s in this manner. Max 18 name{Energy} can be restored in this manner.
talent_name;arataki_itto_horns_lowered_coming_through;Быка за рога;Horns Lowered, Coming Through
talent_name;arataki_itto_jailhouse_bread_and_butter;Тюремное угощение;Jailhouse Bread and Butter
talent_descr;arataki_itto_jailhouse_bread_and_butter;После окончания действия статуса name{Яростный король óни} от навыка skill{burst:Явление короля: Итто Жестокий!} на 10 сек. у всех членов отряда поблизости name{защита} повышается на %{def_percent}, name{атака} также повышается на %{atk_percent}.;When the name{Raging Oni King} state caused by skill{burst:Royal Descent: Behold, name{Itto} the Evil!} ends, all nearby party members gain %{def_percent} name{DEF} and %{atk_percent} name{ATK} for 10s.
talent_name;arataki_itto_10_years_of_hanamizaka_fame;10 лет славы Ханамидзаки;10 Years of Hanamizaka Fame
talent_name;arataki_itto_arataki_itto_present;Аратаки Итто к вашим услугам!;Arataki Itto, Present!
talent_descr;arataki_itto_arataki_itto_present;name{Крит. урон} name{заряженных атак} name{Аратаки Итто} повышается на %{crit_dmg_charged}. С вероятностью 50% запуск name{Аратаки кэсагири} не расходует name{Невероятную силу}.;name{Arataki Itto}'s name{Charged Attacks} deal +%{crit_dmg_charged} name{CRIT DMG}. Additionally, when he uses name{Arataki Kesagiri}, he has a 50% chance to not consume stacks of name{Superlative Superstrength}.
talent_name;arlecchino_agony_alone_may_be_repaid;Лишь страдания искупят;Agony Alone May Be Repaid
talent_descr;arlecchino_agony_alone_may_be_repaid;skill{skill:Веление кровавого долга} обладает следующими характеристиками:<br>· Победа над врагом с наложенным самой name{Арлекино} name{Велением кровавого долга} даёт ей name{Долг жизни}, равный %{text_percent} от её name{макс. HP}.<br>· Через 5 сек. после наложения он повышается до name{Кровавого долга: Взыскание}, который при поглощении наделяет name{Арлекино} name{Долгом жизни} в размере %{text_percent}.<br>Количество name{Долга жизни}, получаемого этими способами, не может превышать исходного лимита name{Долга жизни} навыка skill{skill:Всё превращается в прах}.;skill{skill:Blood-Debt Directives} have the following characteristics:<br>·name{Arlecchino} will be granted a name{Bond of Life} worth %{text_percent} of her name{Max HP} when an opponent to which she herself applied a name{Directive} is defeated.<br>·5s after a name{Directive} is applied, it will be upgraded to a name{Blood-Debt Due}. When absorbed, it will instead grant name{Arlecchino} a name{Bond of Life} worth %{text_percent}.<br>A name{Bond of Life} created in the aforementioned ways cannot exceed the original limit on the value of name{Bonds of Life} obtained through skill{skill:All Is Ash}.
talent_name;arlecchino_strength_alone_can_defend;Лишь сила защитит;Strength Alone Can Defend
talent_descr;arlecchino_strength_alone_can_defend;За каждые 100 ед. name{силы атаки} свыше 1000 ед. name{Арлекино} получает %{text_percent} сопротивления всем элементам и физ. сопротивления. Максимум сопротивления всем элементам и физ. сопротивления, которое name{Арлекино} может получить таким образом, не превышает %{text_percent_max}.;name{Arlecchino} gains %{text_percent} All Elemental and name{Physical RES} for every 100 name{ATK} she has in excess of 1,000. The maximum RES increase she can gain this way for each is %{text_percent_max}.
talent_name;arlecchino_all_reprisals_and_arrears_mine_to_bear;«Все возмездия и повинности понесу я...»;"""All Reprisals and Arrears, Mine to Bear..."""
talent_descr;arlecchino_all_reprisals_and_arrears_mine_to_bear;name{Маска Красной Смерти} дополнительно усиливается на %{text_percent_dmg}. Кроме того, когда name{Арлекино} со статусом name{Маски Красной Смерти} выполняет обычные или name{заряженные атаки}, её сопротивление прерыванию увеличивается.;name{Masque of the Red Death} is further enhanced, the value of the increase is %{text_percent_dmg}. Additionally, name{Arlecchino}'s interruption resistance is increased when she performs name{Normal} or name{Charged Attacks} while affected by the name{Masque of the Red Death}.
talent_name;arlecchino_all_rewards_and_retribution_mine_to_bestow;«За добрые деяния и прегрешения воздам я...»;"""All Rewards and Retribution, Mine to Bestow..."""
talent_descr;arlecchino_all_rewards_and_retribution_mine_to_bestow;Налагаемое skill{skill:Веление кровавого долга} сразу становится name{Кровавым долгом: Взыскание}.<br>Поглощая name{Кровавый долг: Взыскание}, name{Арлекино} выпускает перед собой name{Пламя роковой луны}, которое наносит pyro{Пиро урон} по площади, равный %{text_percent_dmg} от её name{силы атаки}, а также на 15 сек. повышает элементальное и физическое сопротивление на %{text_percent}. Этот эффект может возникнуть один раз в 10 сек.<br>Требуется разблокировать талант возвышения name{Лишь страдания искупят}.;"skill{skill:Blood-Debt Directives} are now already name{Blood-Debt Due} when first applied.<br>When name{Arlecchino} absorbs such a name{Due}, she unleashes name{Balemoon Bloodfire} in front of her, dealing %{text_percent_dmg} of her name{ATK} as AoE pyro{Pyro DMG} and increasing her All name{Elemental RES} and name{Physical RES} by %{text_percent} for 15s. This effect can trigger once every 10s.<br>You must first unlock the Ascension Talent ""name{Agony Alone May Be Repaid}."""
talent_name;arlecchino_you_shall_become_a_new_member_of_our_family;«Ты станешь новым членом нашей семьи...»;"""You Shall Become a New Member of Our Family..."""
talent_name;arlecchino_you_shall_love_and_protect_each_other_henceforth;«Впредь любите и защищайте друг друга...»;"""You Shall Love and Protect Each Other Henceforth..."""
talent_descr;arlecchino_you_shall_love_and_protect_each_other_henceforth;Когда name{Арлекино} поглощает name{Веление кровавого долга}, откат skill{burst:Восхождения роковой луны} сокращается на 2 сек., и 15 ед. её энергии восстанавливается. Эффект может возникнуть один раз в 10 сек.;When name{Arlecchino} successfully absorbs a name{Blood-Debt Directive}, skill{burst:Balemoon Rising}'s CD will decrease by 2s and 15 name{Elemental Energy} will be restored to her. This effect can occur once every 10s.
talent_name;arlecchino_for_alone_we_are_as_good_as_dead;«Поодиночке мы всё равно что мертвы...»;"""For Alone, We Are as Good as Dead..."""
talent_name;arlecchino_from_this_day_on_we_shall_delight_in_new_life_together;«Возрадуемся новой жизни вместе»;"""From This Day On, We Shall Delight in New Life Together."""
talent_descr;arlecchino_from_this_day_on_we_shall_delight_in_new_life_together_1;Урон навыка skill{burst:Восхождение роковой луны} увеличивается пропорционально name{силе атаки} name{Арлекино}, умноженной на %{text_percent_dmg} процентного значения текущего name{Долга жизни}.;The DMG of skill{burst:Balemoon Rising} is increased by name{Arlecchino}'s name{ATK} multiplied by %{text_percent_dmg} of name{Arlecchino}'s current name{Bond of Life} percentage.
talent_descr;arlecchino_from_this_day_on_we_shall_delight_in_new_life_together_2;В течение 20 сек. после использования навыка skill{skill:Всё превращается в прах} у её name{обычных атак} и name{взрыва стихии} name{шанс крит. попадания} повышается на %{crit_rate_normal_arlecchino}, а name{крит. урон} повышается на %{crit_dmg_normal_arlecchino}. Эффект может возникнуть один раз в 15 сек.;For 20s after name{Arlecchino} uses skill{skill:All Is Ash}, both her name{Normal Attacks} and name{Elemental Burst} gain %{crit_rate_normal_arlecchino} increased name{CRIT Rate} and %{crit_dmg_normal_arlecchino} increased name{CRIT DMG}. This effect can be triggered up to once every 15s.
talent_name;baizhu_five_fortunes_forever;Вечный круговорот стихий;Five Fortunes Forever
talent_descr;baizhu_five_fortunes_forever_1;name{Бай Чжу} получает различные эффекты в зависимости от текущего name{HP} вашего активного персонажа:  Если его name{HP} ниже 50%, name{Бай Чжу} получает %{healing} бонус лечения.;name{Baizhu} gains different effects according to the current name{HP} of your current active character: When their name{HP} is less than 50%, name{Baizhu} gains %{healing} name{Healing Bonus}.
talent_descr;baizhu_five_fortunes_forever_2;name{Бай Чжу} получает различные эффекты в зависимости от текущего name{HP} вашего активного персонажа:  Если его name{HP} равно или выше 50%, name{Бай Чжу} получает %{dmg_dendro} бонус dendro{Дендро урона}.;name{Baizhu} gains different effects according to the current name{HP} of your current active character: When their name{HP} is equal to or more than 50%, name{Baizhu} gains %{dmg_dendro} dendro{Dendro DMG Bonus}.
talent_name;baizhu_all_things_are_of_the_earth;Всё рождено землёй;All Things Are of the Earth
talent_descr;baizhu_all_things_are_of_the_earth;Персонажи, получившие лечение skill{burst:Бесшовного щита}, наделяются эффектом name{Год зелёного благодеяния}: каждые 1000 ед. name{макс. HP} name{Бай Чжу} (до 50 000 ед. макс.) увеличивают на 6 сек. урон вызываемых этими персонажами реакций pyro{Горение}, dendro{Бутонизация}, dendro{Вегетация} и dendro{Цветение} на value{2%}, реакций electro{Обострение} и dendro{Разрастание} - на value{0,8%}, а реакции dendro{Лунная бутонизация} - на value{0,7%}.;Characters who are healed by skill{burst:Seamless Shields} will gain the name{Year of Verdant Favor} effect: Each 1,000 name{Max HP} that name{Baizhu} possesses that does not exceed 50,000 will increase the pyro{Burning}, dendro{Bloom}, dendro{Hyperbloom}, and dendro{Burgeon} reaction DMG dealt by these characters by value{2%}, their dendro{Lunar-Bloom} DMG by value{0.7%}, and the name{DMG Bonus} provided by electro{Aggravate} and dendro{Spread} by value{0.8%}. This effect lasts 6s.
talent_name;baizhu_attentive_observation;Пристальное наблюдение;Attentive Observation
talent_descr;baizhu_attentive_observation;Увеличивает количество зарядов навыка skill{skill:Универсальная диагностика} на 1.;skill{skill:Universal Diagnosis} gains 1 additional charge.
talent_name;baizhu_incisive_discernment;Острая проницательность;Incisive Discernment
talent_descr;baizhu_incisive_discernment;Когда атаки вашего активного персонажа попадают по противнику поблизости, name{Бай Чжу} вызывает name{Летучего духа: Разрез}.<br>name{Летучий дух: Разрез} выполняет 1 атаку и возвращается. Он наносит dendro{Дендро урон}, равный 250% от name{силы атаки} name{Бай Чжу}, и восстанавливает name{HP} размером value{20%} от лечения name{Летучего духа} skill{skill:Универсальной диагностики}.<br>Этот урон считается уроном name{элементального навыка}.<br>Эффект активируется не чаще одного раза в 5 сек.;When your own active character hits a nearby opponent with their attacks, name{Baizhu} will unleash a name{Gossamer Sprite: Splice}.<br>name{Gossamer Sprite: Splice} will initiate 1 attack before returning, dealing 250% of name{Baizhu}'s name{ATK} as dendro{Dendro DMG} and healing for value{20%} of skill{skill:Universal Diagnosis}'s name{Gossamer Sprite}'s normal healing.<br>DMG dealt this way is considered name{Elemental Skill DMG}.<br>This effect can be triggered once every 5s.
talent_name;baizhu_all_aspects_stabilized;Стабилизация восьми аспектов;All Aspects Stabilized
talent_name;baizhu_ancient_art_of_perception;Древнее искусство восприятия;Ancient Art of Perception
talent_descr;baizhu_ancient_art_of_perception;На 15 сек. после применения skill{burst:Целостного восстановления} name{мастерство стихий} всех членов отряда поблизости увеличивается на %{mastery} ед.;For 15s after skill{burst:Holistic Revivification} is used, name{Baizhu} will increase all nearby party members' name{Elemental Mastery} by %{mastery}.
talent_name;baizhu_the_hidden_ebb_and_flow;Сокрытые токи;The Hidden Ebb and Flow
talent_name;baizhu_elimination_of_malicious_qi;Устранение зловредной энергии;Elimination of Malicious Qi
talent_descr;baizhu_elimination_of_malicious_qi;Повышает урон name{Призрачных артерий} навыка skill{burst:Целостное восстановление} на %{text_percent} от name{макс. HP} name{Бай Чжу}.<br>Кроме того, попадание skill{burst:Летучего духа} или name{Летучего духа: Разрез} по противнику с вероятностью 100% создаёт name{Бесшовный щит} навыка skill{burst:Целостность выздоровления}. Этот эффект может быть вызван каждым name{Летучим духом} или name{Летучим духом: Разрез} только один раз.;Increases the DMG dealt by skill{burst:Holistic Revivification}'s name{Spiritveins} by %{text_percent} of name{Baizhu}'s name{Max HP}.<br>Additionally, when a skill{burst:Gossamer Sprite} or name{Gossamer Sprite: Splice} hits opponents, there is a 100% chance of generating one of skill{burst:Holistic Revivification}'s name{Seamless Shields}. This effect can only be triggered once by each name{Gossamer Sprite} or name{Gossamer Sprite: Splice}.
talent_name;barbara_glorious_season;Урожайный сезон;Glorious Season
talent_descr;barbara_glorious_season;Уменьшает потребление выносливости персонажей в name{Кольце мелодии} навыка skill{skill:Да начнётся шоу♪} на %{stamina_consume}.;The Stamina Consumption of characters within skill{skill:Let the Show Begin♪}'s name{Melody Loop} is reduced by %{stamina_consume}.
talent_name;barbara_encore;На бис;Encore
talent_descr;barbara_encore;Подобранные вашими персонажами name{элементальные сферы и частицы} увеличивают длительность name{Кольца мелодии} навыка skill{skill:Да начнётся шоу♪} на 1 сек.<br>Нельзя увеличить больше чем на 5 сек.;When your active character gains an name{Elemental Orb/Particle}, the duration of the name{Melody Loop} of skill{skill:Let the Show Begin♪} is extended by 1s.<br>The maximum extension is 5s.
talent_name;barbara_gleeful_songs;Баллада счастья;Gleeful Songs
talent_descr;barbara_gleeful_songs;name{Барбара} каждые 10 сек. восстанавливает 1 name{ед. энергии}.;name{Barbara} regenerates 1 name{Energy} every 10s.
talent_name;barbara_vitality_burst;Прилив сил;Vitality Burst
talent_descr;barbara_vitality_burst;"Уменьшает время отката навыка skill{skill:Да начнётся шоу♪} на %{text_percent_cd};<br>Пока навык активен, ваш текущий персонаж получает %{dmg_hydro} бонус hydro{Гидро урона}.";Decreases the CD of skill{skill:Let the Show Begin♪} by %{text_percent_cd}.<br>During the ability's duration, your active character gains a %{dmg_hydro} hydro{Hydro DMG Bonus}.
talent_name;barbara_star_of_tomorrow;Утренняя звезда;Star of Tomorrow
talent_name;barbara_attentiveness_be_my_power;Магия усердия;Attentiveness Be My Power
talent_descr;barbara_attentiveness_be_my_power;При каждом попадании name{заряженной атакой} name{Барбара} восстанавливает 1 name{единицу энергии}.<br>Не более 5 name{ед. энергии} за раз.;Every opponent name{Barbara} hits with her name{Charged Attack} regenerates 1 name{Energy} for her.<br>A maximum of 5 name{energy} can be regenerated in this manner with any one name{Charged Attack}.
talent_name;barbara_the_purest_companionship;Воля к жизни;The Purest Companionship
talent_name;barbara_dedicating_everything_to_you;В твою честь;Dedicating Everything to You
talent_descr;barbara_dedicating_everything_to_you;"Когда член отряда name{Барбары} погибает, и она не находится на поле боя:<br>Автоматически воскрешает павшего персонажа вашего отряда;<br>Восстанавливает его name{HP} до 100%.<br>Может возникнуть раз в 15 мин.";When name{Barbara} is in the party but not on the field, and one of your own party members falls:<br>·Automatically revives the fallen character.<br>·Fully restores the revived character's name{HP} to 100%.<br>This effect can only occur once every 15 mins.
talent_name;beidou_retribution;Возмездие;Retribution
talent_descr;beidou_retribution;Идеальная контратака навыком skill{skill:Призыв волны} даёт максимальный бонус урона.;Counterattacking with skill{skill:Tidecaller} at the precise moment when the character is hit grants the maximum name{DMG Bonus}.
talent_name;beidou_lightning_storm;Гром и молния;Lightning Storm
talent_descr;beidou_lightning_storm;"В течение 10 сек. после идеального парирования навыком skill{skill:Призыв волны}, name{Бэй Доу} получает следующие эффекты:<br>· Увеличивается урон name{обычной} и name{заряженной атаки} на %{dmg_normal}, а также name{скорость атаки} на %{atk_speed};<br>·Значительно уменьшается время, необходимое для активации name{заряженной атаки}.";Gain the following effects for 10s after unleashing skill{skill:Tidecaller} with its maximum name{DMG Bonus}: <br>·DMG dealt by name{Normal} and name{Charged Attacks} is increased by %{dmg_normal}. name{ATK SPD} of name{Normal} and name{Charged Attacks} is increased by %{atk_speed}.<br>·Greatly reduced delay before unleashing name{Charged Attacks}.
talent_name;beidou_sea_beasts_scourge;Хищник морей;Sea Beast's Scourge
talent_descr;beidou_sea_beasts_scourge;При использовании таланта skill{burst:Крушитель бури}:<br>Создаёт щит, который в течение 15 сек. поглощает урон, равный %{text_percent_shield} от name{макс. HP} name{Бэй Доу}.<br>electro{Электро урон} поглощается с эффективностью 250%.;When skill{burst:Stormbreaker} is used:<br>Creates a shield that absorbs up to %{text_percent_shield} of name{Beidou}'s name{Max HP} for 15s.<br>This shield absorbs electro{Electro DMG} 250% more effectively.
talent_name;beidou_upon_the_turbulent_sea_the_thunder_arises;Гроза морей;Upon the Turbulent Sea, the Thunder Arises
talent_descr;beidou_upon_the_turbulent_sea_the_thunder_arises;Цепная молния навыка skill{burst:Крушитель бури} может перепрыгнуть на двух дополнительных противников.;skill{burst:Stormbreaker}'s arc lightning can jump to 2 additional targets.
talent_name;beidou_summoner_of_storm;Призыв бури;Summoner of Storm
talent_name;beidou_stunning_revenge;Оглушающая месть;Stunning Revenge
talent_descr;beidou_stunning_revenge;После полученного удара обычные атаки name{Бэй Доу} наносят дополнительные %{text_percent_dmg} electro{Электро урона} в течение 10 сек.;Upon being attacked, name{Beidou}'s name{Normal Attacks} gain an additional instance of %{text_percent_dmg} electro{Electro DMG} for 10s.
talent_name;beidou_crimson_tidewalker;Алые паруса на горизонте;Crimson Tidewalker
talent_name;beidou_bane_of_evil;Погибель порока;Bane of Evil
talent_descr;beidou_bane_of_evil;На время действия навыка skill{burst:Крушитель бури} electro{Электро сопротивление} окружающих противников понижается на %{enemy_res_electro}.;During the duration of skill{burst:Stormbreaker}, the electro{Electro RES} of surrounding opponents is decreased by %{enemy_res_electro}.
talent_name;bennett_rekindle;Вспышка страсти;Rekindle
talent_descr;bennett_rekindle;Уменьшает время отката навыка skill{skill:Чрезмерные стремления} на %{text_percent_cd}.;Decreases skill{skill:Passion Overload}'s CD by %{text_percent_cd}.
talent_name;bennett_fearnaught;Храбрая кровь;Fearnaught
talent_descr;bennett_fearnaught;"Находясь в области навыка skill{burst:Волнительное приключение}, навык skill{skill:Чрезмерные стремления} получает следующие свойства:<br>· Уменьшается время отката навыка на %{text_percent_cd};<br>· Уровень заряда 2 не подбрасывает name{Беннета} в воздух.";Within the area created by skill{burst:Fantastic Voyage}, skill{skill:Passion Overload} takes on the following effects:<br>·CD is reduced by %{text_percent_cd}.<br>·name{Bennett} will not be launched by the effects of Charge Level 2.
talent_name;bennett_grand_expectation;Мечты о приключениях;Grand Expectation
talent_descr;bennett_grand_expectation;Увеличение name{силы атаки} навыка skill{burst:Волнительное приключение} больше не имеет ограничений по name{HP}, также навык получает дополнительные %{bonus_bennet_atk} name{базовой атаки} name{Беннета}.;skill{burst:Fantastic Voyage}'s name{ATK} increase no longer has an name{HP} restriction, and gains an additional %{bonus_bennet_atk} of name{Bennett}'s name{Base ATK}.
talent_name;bennett_impasse_conqueror;Тупиковая ситуация;Impasse Conqueror
talent_descr;bennett_impasse_conqueror;Увеличивает name{восстановление энергии} name{Беннета} на %{recharge}, когда его name{HP} падает ниже %{text_percent_hp}.;When name{Bennett}'s name{HP} falls below %{text_percent_hp}, his name{Energy Recharge} is increased by %{recharge}.
talent_name;bennett_unstoppable_fervor;Горячая страсть;Unstoppable Fervor
talent_name;bennett_unexpected_odyssey;Несгораемая решительность;Unexpected Odyssey
talent_descr;bennett_unexpected_odyssey;Использование name{обычной атаки} во время второго удара уровня заряда 1 навыка skill{skill:Чрезмерные стремления} позволяет совершить дополнительную атаку.<br>Эта атака наносит урон, равный %{text_percent_dmg} урона второго удара.;Using a name{Normal Attack} as the second attack of skill{skill:Passion Overload}'s Charge Level 1 will perform a follow-up attack.<br>This additional attack does %{text_percent_dmg} of the second attack's DMG.
talent_name;bennett_true_explorer;Душа первооткрывателя;True Explorer
talent_name;bennett_fire_ventures_with_me;Пылкая храбрость;Fire Ventures With Me
talent_descr;bennett_fire_ventures_with_me;Активные члены отряда в области навыка skill{burst:Волнительное приключение}, экипированные name{одноручным мечом}, name{двуручным мечом} или name{древковым оружием}, получают %{text_percent} бонус pyro{Пиро урона}, а их оружие наделяется инфузией pyro{Пиро}.;name{Sword}, name{Claymore}, or name{Polearm}-wielding characters inside skill{burst:Fantastic Voyage}'s radius gain a %{text_percent} pyro{Pyro DMG Bonus} and their weapons are infused with pyro{Pyro}.
talent_name;candace_aegis_of_crossed_arrows;Защита скрещённых стрел;Aegis of Crossed Arrows
talent_descr;candace_aegis_of_crossed_arrows;Если во время зарядки skill{skill:Священного обряда: Обитель цапли} name{Кандакию} атакуют, навык заряжается мгновенно.;If name{Candace} is hit by an attack in the Hold duration of skill{skill:Sacred Rite: Heron's Sanctum}, that skill will finish charging instantly.
talent_name;candace_celestial_dome_of_sand;Песчаный свод небес;Celestial Dome of Sand
talent_descr;candace_celestial_dome_of_sand;Элементальный урон, наносимый name{обычной атакой} персонажей под воздействием name{Молитвы алой короны} skill{burst:Священного обряда: Прилив трясогузки}, увеличивается на 0,5% за каждые 1000 ед. name{макс. HP} name{Кандакии}.;Characters affected by the name{Prayer of the Crimson Crown} caused by skill{burst:Sacred Rite: Wagtail's Tide} will deal 0.5% increased DMG to opponents for every 1,000 points of name{Candace}'s name{Max HP} when they deal name{Elemental DMG} with their name{Normal Attacks}.
talent_name;candace_returning_heiress_of_the_scarlet_sands;Возвращение наследницы алых песков;Returning Heiress of the Scarlet Sands
talent_descr;candace_returning_heiress_of_the_scarlet_sands;Длительность name{Молитвы алой короны} skill{burst:Священного обряда: Прилив трясогузки} увеличивается на 3 сек.;The duration of name{Prayer of the Crimson Crown} effect triggered by skill{burst:Sacred Rite: Wagtail's Tide} is increased by 3s.
talent_name;candace_moon_piercing_brilliance;Пронзающее луну сияние;Moon-Piercing Brilliance
talent_descr;candace_moon_piercing_brilliance;Попадание skill{skill:Священного обряда: Обитель цапли} по врагу увеличивает name{макс. HP} name{Кандакии} на %{hp_percent} на 15 сек.;When skill{skill:Sacred Rite: Heron's Sanctum} hits opponents, name{Candace}'s name{Max HP} will be increased by %{hp_percent} for 15s.
talent_name;candace_hunters_supplication;Подношение охотницы;Hunter's Supplication
talent_name;candace_sentinel_oath;Клятва часового;Sentinel Oath
talent_descr;candace_sentinel_oath;Уменьшает время отката заряженного режима skill{skill:Священного обряда: Обитель цапли}, делая его равным времени отката незаряженного варианта.;Shortens the Hold CD of skill{skill:Sacred Rite: Heron's Sanctum} to be the same as that of the Tapping CD.
talent_name;candace_heterochromatic_gaze;Разноцветные глаза;Heterochromatic Gaze
talent_name;candace_the_overflow;Затопляющий прилив;The Overflow
talent_descr;candace_the_overflow;name{Обычные атаки} персонажей под воздействием name{Молитвы алой короны} skill{burst:Священного обряда: Прилив трясогузки} (кроме самой name{Кандакии}), наносящие элементальный урон, вызывают name{Водяной вал}, который наносит hydro{Гидро урон} по площади, равный %{text_percent_dmg} от name{макс. HP} name{Кандакии}.<br>Эффект может возникнуть не чаще 1 раза в 2,3 сек. Урон водяных валов считается уроном name{взрыва стихии}.;When characters (excluding name{Candace} herself) affected by the name{Prayer of the Crimson Crown} caused by skill{burst:Sacred Rite: Wagtail's Tide} deal name{Elemental DMG} to opponents using name{Normal Attacks}, an attack wave will be unleashed that deals AoE hydro{Hydro DMG} equal to %{text_percent_dmg} of name{Candace}'s name{Max HP}.<br>This effect can trigger once every 2.3s and is considered name{Elemental Burst DMG}.
talent_name;charlotte_moment_of_impact;Момент удара;Moment of Impact
talent_descr;charlotte_moment_of_impact;Когда противник, отмеченный name{Сфокусированным впечатлением}, повержен, откат skill{skill:Съёмки: Композиция точки замерзания} уменьшается на 2 сек. Откат name{элементального навыка} этим способом можно снизить не более 4 раз в 12 сек.;"When opponents marked by ""name{Focused Impression}"" are defeated, skill{skill:Framing: Freezing Point Composition}'s CD will be decreased by 2s. This CD decrease can be triggered 4 times every 12s."
talent_name;charlotte_diversified_investigation;Многостороннее исследование;Diversified Investigation
talent_descr;charlotte_diversified_investigation_1;Когда в отряде, кроме самой name{Шарлотты}, есть format{text_number=1|1}/format{text_number=2|2}/format{text_number=3|3} персонажа из name{Фонтейна}, name{Шарлотта} получает format{text_number=1|5}/format{text_number=2|10}/format{text_number=3|15}% name{бонус лечения}.;When the party contains format{text_number=1|1}/format{text_number=2|2}/format{text_number=3|3} name{Fontainians} other than herself, name{Charlotte} gains a format{text_number=1|5}/format{text_number=2|10}/format{text_number=3|15}% name{Healing Bonus}.
talent_descr;charlotte_diversified_investigation_2;Когда в отряде есть format{text_number=1|1}/format{text_number=2|2}/format{text_number=3|3} персонажа не из name{Фонтейна}, name{Шарлотта} получает format{text_number=1|5}/format{text_number=2|10}/format{text_number=3|15}% бонус cryo{Крио урона}.;When the party contains format{text_number=1|1}/format{text_number=2|2}/format{text_number=3|3} non-name{Fontainians}, name{Charlotte} gains a format{text_number=1|5}/format{text_number=2|10}/format{text_number=3|15}% cryo{Cryo DMG Bonus}.
talent_name;charlotte_a_need_to_verify_facts;Точность как обязательство;A Need to Verify Facts
talent_descr;charlotte_a_need_to_verify_facts;После того как skill{burst:Стоп-кадр: Всестороннее подтверждение} исцеляет персонажа, он помечается name{Верификацией}, которая исцеляет его раз в 2 сек. на %{text_percent_heal} от name{силы атаки} name{Шарлотты}. Этот эффект длится 6 сек.;After skill{burst:Still Photo: Comprehensive Confirmation} heals a character, it will mark them with name{Verification}, which will heal them once every 2s for %{text_percent_heal} of name{Charlotte}'s name{ATK}. This effect lasts 6s.
talent_name;charlotte_a_duty_to_pursue_truth;Стремление к истине как долг;A Duty to Pursue Truth
talent_descr;charlotte_a_duty_to_pursue_truth;При использовании skill{skill:Съёмки: Композиция точки замерзания}, когда name{Господин Верите} поражает 1/2/3 (или более) противников, собственная name{сила атаки} name{Шарлотты} увеличивается на 10%/20%/30% на 12 сек.;When using skill{skill:Framing: Freezing Point Composition}, when name{Monsieur Verite} hits 1/2/3 (or more) opponents, name{Charlotte}'s own name{ATK} will be increased by 10%/20%/30% for 12s.
talent_name;charlotte_an_imperative_to_independence;Независимость как необходимость;An Imperative to Independence
talent_name;charlotte_a_responsibility_to_oversee;Мотивация как долг;A Responsibility to Oversee
talent_descr;charlotte_a_responsibility_to_oversee;Когда skill{burst:Стоп-кадр: Всестороннее подтверждение} попадает по противнику, отмеченному name{Скоростным силуэтом} или name{Сфокусированным впечатлением}, он наносит на %{text_percent_dmg} больше урона и восстанавливает name{Шарлотте} 2 name{ед. энергии}. Это восстановление может быть вызвано до 5 раз каждые 20 сек.;When skill{burst:Still Photo: Comprehensive Confirmation} hits an opponent marked by name{Snappy Silhouette} or name{Focused Impression}, it will deal %{text_percent_dmg} more DMG and restore 2 name{Energy} to name{Charlotte}. This restoration can be triggered 5 times every 20s.
talent_name;charlotte_a_principle_of_conscience;Интуиция как принцип;A Principle of Conscience
talent_name;charlotte_a_summation_of_interest;Любопытство как суть;A Summation of Interest
talent_descr;charlotte_a_summation_of_interest;Когда name{обычные} или name{заряженные атаки} активного персонажа попадают по противнику, отмеченному name{Сфокусированным впечатлением} skill{skill:Съёмки: Композиция точки замерзания}, name{Господин Верите} инициирует совместную атаку, которая наносит cryo{Крио урон} по площади в размере %{text_percent_dmg} от name{силы атаки} name{Шарлотты} и исцеляет активных персонажей в зоне действия навыка в размере %{text_percent_heal} от name{силы атаки} name{Шарлотты}. Этот эффект может возникнуть один раз в 6 сек. Этот урон и исцеление считаются нанесёнными name{взрывом стихии} name{Шарлотты}.;When the active character's name{Normal} and name{Charged Attacks} hit an opponent marked by skill{skill:Framing: Freezing Point Composition}'s name{Focused Impression}, name{Monsieur Verite} will initiate a coordinated attack that deals %{text_percent_dmg} of name{Charlotte}'s name{ATK} as AoE cryo{Cryo DMG} and heals active character(s) within the AoE for %{text_percent_heal} of name{Charlotte}'s name{ATK}. This effect can be triggered once every 6s and both DMG and healing dealt in this way will be considered as having been done by name{Charlotte}'s name{Elemental Burst}.
talent_name;chasca_bullet_trick;Трюк с пулей;Bullet Trick
talent_descr;chasca_bullet_trick;Когда заряжается skill{skill:Огонь по множеству целей} name{элементального навыка} skill{skill:Поводья охоты за тенью}, если в отряде есть персонажи, соответствующие условиям смены типа элемента, то, в зависимости от количества разных подходящих элементов, возникают следующие эффекты:<br>· Каждый тип элемента с шансом в 33,3%/66,7%/100% активирует name{Обращение духовной связи}, которое заставляет третью заряженную в барабан skill{skill:Пулю охотника на тени} случайным образом превратиться в skill{skill:Сияющую пулю охотника на тени} одного из соответствующих типов элементов.<br>· Каждый тип элементов наделяет name{Часку} 1 уровнем name{Духа сияющей тени}, повышая урон name{Сияющих пуль охотника на тени} на %{text_percent_dmg_1}/%{text_percent_dmg_2}/%{text_percent_dmg_3}. Этот эффект действует вплоть до завершения текущего name{Огня по множеству целей} и складывается до 3 раз.;"When the name{Elemental Skill} skill{skill:Spirit Reins, Shadow Hunt}'s skill{skill:Multitarget Fire} is being charged, if there are party members who meet the Elemental Conversion Type requirements, gain the following effects based on the number of different eligible Elemental Types present:<br>·There is a 33.3%/66.7%/100% chance for each Type to trigger ""name{Spiritbinding Conversion}"" and cause the 3rd skill{skill:Shadowhunt Shell} loaded into the cylinder to be randomly converted into a skill{skill:Shining Shadowhunt Shell} from one of the corresponding Elemental Types.<br>·Each Elemental Type will grant name{Chasca} 1 stack of name{Spirit of the Radiant Shadow}, increasing the DMG of Shining name{Shadowhunt Shell} by %{text_percent_dmg_1}/%{text_percent_dmg_2}/%{text_percent_dmg_3}. This effect lasts until the current name{Multitarget Fire} ends. Max 3 stacks."
talent_name;chasca_intent_to_cover;Намерение прикрыть;Intent to Cover
talent_descr;chasca_intent_to_cover;Когда член отряда поблизости активирует name{Вспышку Ночного духа}, name{Часка} выстреливает name{Горящей пулей охотника на тени} во врага поблизости, которая наносит anemo{Анемо урон} с характеристикой name{Ночного духа}, равный %{text_percent_anemo} урона skill{skill:Пули охотника на тени} её name{элементального навыка} skill{skill:Поводья охоты за тенью}. Если в отряде есть pyro{Пиро}, hydro{Гидро}, cryo{Крио} или electro{Электро} персонажи, то name{Горящая пуля охотника на тени} изменяет свой элемент и наносит урон соответствующего элемента с характеристикой name{Ночного духа}, равный %{text_percent_elemental} урона skill{skill:Сияющих пуль охотника на тени} name{элементального навыка} skill{skill:Поводья охоты за тенью}.<br>Урон, наносимый таким способом, считается уроном name{заряженной атаки}.;"When a nearby party member triggers a name{Nightsoul Burst}, name{Chasca} will fire a ""name{Burning Shadowhunt Shot}"" at a nearby opponent, dealing Nightsoul-aligned anemo{Anemo DMG} equal to %{text_percent_anemo} of the skill{skill:Shadowhunt Shell} DMG from her name{Elemental Skill} skill{skill:Spirit Reins, Shadow Hunt}. If the party has pyro{Pyro}, hydro{Hydro}, cryo{Cryo}, or electro{Electro} characters, the name{Burning Shadowhunt Shot} will be converted to deal Nightsoul-aligned name{Elemental DMG} of the corresponding Elemental Type equal to %{text_percent_elemental} of the DMG dealt by skill{skill:Spirit Reins, Shadow Hunt}'s skill{skill:Shining Shadowhunt Shells}.<br>The DMG done in this way is considered name{Charged Attack DMG}."
talent_name;chasca_cylinder_the_restless_roulette;Барабан, беспокойная рулетка;Cylinder, the Restless Roulette
talent_descr;chasca_cylinder_the_restless_roulette;Когда активируется name{Обращение духовной связи} таланта возвышения name{Трюк с пулей}, то вторая заряженная в барабан skill{skill:Пуля охотника на тени} дополнительно превратится в skill{skill:Сияющую пулю охотника на тени}.<br>Повышается шанс активировать name{Обращение духовной связи}: если в отряде есть персонажи, соответствующие условиям смены типа элемента, то шанс активации name{Обращения духовной связи} повышается на 33,3%, максимум на 100%.<br><br>Требуется разблокировать талант возвышения name{Трюк с пулей}.<br>Кроме того, потребление очков name{Ночного духа} и флогистона вне боя состоянием name{Благословение Ночного духа} name{Часки} снижается на 30%.;"When triggering the Ascension Talent ""name{Bullet Trick}""'s ""name{Spiritbinding Conversion},"" the 2nd skill{skill:Shadowhunt Shell} loaded into the cylinder will be additionally converted into a skill{skill:Shining Shadowhunt Shell}.<br>The chance to trigger ""name{Spiritbinding Conversion}"" is increased: If there are party members who meet the Elemental Conversion Type requirements, the chance to trigger ""name{Spiritbinding Conversion}"" is increased by 33.3%, up to a maximum of 100%.<br><br>You must first unlock the Ascension Talent ""name{Bullet Trick}.""<br>In addition, name{Chasca}'s name{Nightsoul point} and Phlogiston consumption in her name{Nightsoul's Blessing} state is decreased by 30% while out of combat."
talent_name;chasca_muzzle_the_searing_smoke;Дуло, испепеляющий дым;Muzzle, the Searing Smoke
talent_descr;chasca_muzzle_the_searing_smoke_1;Выходя на поле, name{Часка} получает 1 уровень name{Духа сияющей тени} таланта возвышения name{Трюк с пулей}. Требуется разблокировать талант возвышения name{Трюк с пулей}.;"When name{Chasca} takes the field, she will obtain 1 stack of ""name{Spirit of the Radiant Shadow}"" from the Ascension Talent ""name{Bullet Trick}."" You must first unlock the Ascension Talent ""name{Bullet Trick}"" for this effect."
talent_descr;chasca_muzzle_the_searing_smoke_2;Кроме того, когда skill{Сияющие пули охотника на тени} skill{skill:Огня по множеству целей} name{элементального навыка} skill{skill:Поводья охоты за тенью} попадают во врагов, они наносят урон по площади соответствующего элемента skill{skill:Сияющих пуль охотника на тени}, равный %{text_percent_dmg} от name{силы атаки} name{Часки}. Этот урон считается уроном name{заряженной атаки}. Во время одного и того же skill{skill:Огня по множеству целей} этот эффект может возникнуть один раз.;In addition, when the skill{skill:Shining Shadowhunt Shells} from skill{skill:Spirit Reins, Shadow Hunt}'s skill{skill:Multitarget Fire} hit opponents, they will deal AoE name{Elemental DMG} of the corresponding Elemental Type of the skill{skill:Shining Shadowhunt Shells} equal to %{text_percent_dmg} of name{Chasca}'s name{ATK}. This DMG is considered name{Charged Attack DMG}. This effect can be triggered once each time name{Chasca} uses skill{skill:Multitarget Fire}.
talent_name;chasca_reins_her_careful_control;Поводья, её чуткое управление;Reins, Her Careful Control
talent_name;chasca_sparks_the_sudden_shot;Искры, внезапный выстрел;Sparks, the Sudden Shot
talent_descr;chasca_sparks_the_sudden_shot;Попадания skill{burst:Сверкающих пуль ловца душ} name{взрыва стихии} skill{burst:Роковой выстрел ловца душ} во врагов восстанавливают name{Часке} 1,5 name{ед. энергии} и наносят элементальный урон по площади, соответствующий элементам skill{burst:Сверкающих пуль ловца душ}, равный %{text_percent_dmg} name{силы атаки} name{Часки}. Такой урон считается уроном name{заряженной атаки}.<br>Вышеупомянутый элементальный урон может возникать один раз при каждом применении name{Чаской} skill{burst:Рокового выстрела ловца душ}.;When the skill{burst:Radiant Soulseeker Shells} from skill{burst:Soul Reaper's Fatal Round} hit opponents, they will restore 1.5 name{Elemental Energy} to name{Chasca}, and deal AoE name{Elemental DMG} of the corresponding Elemental Type of the skill{burst:Radiant Soulseeker Shells} equal to %{text_percent_dmg} of name{Chasca}'s name{ATK}. This DMG is considered name{Charged Attack DMG}.<br>The aforementioned corresponding elemental AoE DMG effect can be triggered once each time name{Chasca} uses skill{burst:Soul Reaper's Fatal Round}.
talent_name;chasca_brim_the_sandshadows_silhouette;Поля шляпы, силуэт песчаной тени;Brim, the Sandshadow's Silhouette
talent_name;chasca_showdown_the_glory_of_battle;Схватка, слава битвы;Showdown, the Glory of Battle
talent_descr;chasca_showdown_the_glory_of_battle;Уменьшает время зарядки skill{skill:Огня по множеству целей} name{Часки}. Кроме того, после активации name{Обращения духовной связи} таланта возвышения name{Трюк с пулей} name{Часка} получает состояние name{Роковых выстрелов}: в течение следующих 3 сек. при следующем применении skill{skill:Огня по множеству целей} name{элементального навыка} skill{skill:Поводья охоты за тенью} зарядка будет завершаться мгновенно, а name{критический урон} skill{Пуль охотника на тени} и skill{skill:Сияющих пуль охотника на тени} данного skill{skill:Огня по множеству целей} увеличивается на %{crit_dmg_chasca}. Эффект name{Роковых выстрелов} может быть получен раз в 3 сек.<br><br>Для эффекта выше требуется разблокировать талант возвышения name{Трюк с пулей}.;"name{Chasca}'s skill{skill:Multitarget Fire} charge time is decreased, and after the Ascension Talent ""name{Bullet Trick}""'s ""name{Spiritbinding Conversion}"" is triggered, name{Chasca} will gain the ""name{Fatal Rounds}"" state: For the next 3s, the next time name{Chasca} uses skill{skill:Spirit Reins, Shadow Hunt}'s skill{skill:Multitarget Fire}, the shots will finish charging instantly, and the name{CRIT DMG} of that instance of skill{skill:Multitarget Fire}'s skill{Shadowhunt Shells} and skill{skill:Shining Shadowhunt Shells} increases by %{crit_dmg_chasca}. 1 ""name{Fatal Rounds}"" effect can be gained once every 3s.<br><br>You must first unlock the Ascension Talent ""name{Bullet Trick}"" to gain access to the above effect."
talent_name;chevreuse_vanguards_coordinated_tactics;Согласованная тактика авангарда;Vanguard's Coordinated Tactics
talent_descr;chevreuse_vanguards_coordinated_tactics;Если отряд полностью состоит из pyro{Пиро} и electro{Электро} персонажей и в отряде есть хотя бы по одному персонажу electro{Электро} или pyro{Пиро}:<br>name{Шеврёз} наделяет персонажей поблизости name{Согласованной тактикой}: когда персонаж активирует реакцию pyro{Перегрузка}, pyro{Пиро} и electro{Электро сопротивление} противника, который был поражён данной реакцией, понижается на %{enemy_res_pyro} на 6 сек.<br>Если элементы персонажей отряда не соответствуют требованиям этого таланта возвышения, все существующие эффекты name{Согласованной тактики} прерываются.;"When all party members are pyro{Pyro} and electro{Electro} characters and there is at least one pyro{Pyro} and one electro{Electro} character each in the party:<br>name{Chevreuse} grants ""name{Coordinated Tactics}"" to nearby party members: After a character triggers the pyro{Overloaded} reaction, the pyro{Pyro} and electro{Electro RES} of the opponent(s) affected by this pyro{Overloaded} reaction will be decreased by %{enemy_res_pyro} for 6s.<br>The ""name{Coordinated Tactics}"" effect will be removed when the Elemental Types of the characters in the party do not meet the basic requirements for the Ascension Talent."
talent_name;chevreuse_vertical_force_coordination;Вертикальное координирование сил;Vertical Force Coordination
talent_descr;chevreuse_vertical_force_coordination;После того как name{Шеврёз} выстреливает name{Перегруженным зарядом} skill{skill:Быстрого преграждающего выстрела вблизи}, name{сила атаки} персонажей pyro{Пиро} и electro{Электро} в отряде поблизости на 30 сек. увеличится на %{text_percent} за каждые %{text_value} ед. name{макс. HP} name{Шеврёз}. Силу атаки этим способом можно повысить максимум на %{text_percent_max}.;After name{Chevreuse} fires an name{Overcharged Ball} using skill{skill:Short-Range Rapid Interdiction Fire}, nearby pyro{Pyro} and electro{Electro} characters in the party gain %{text_percent} increased name{ATK} for every %{text_value} name{Max HP} name{Chevreuse} has for 30s. name{ATK} can be increased by up to %{text_percent_max} in this way.
talent_name;chevreuse_stable_front_lines_resolve;Решительность прочного фронта;Stable Front Line's Resolve
talent_descr;chevreuse_stable_front_lines_resolve;Когда активный персонаж (кроме самой name{Шеврёз}), находящийся под воздействием эффекта name{Согласованная тактика}, активирует реакцию pyro{Перегрузка}, он восстанавливает 6 name{ед. энергии}. Эффект может возникнуть один раз в 10 сек.<br>Требуется разблокировать талант возвышения name{Согласованная тактика авангарда}.;"When the active character with the ""name{Coordinated Tactics}"" status (not including name{Chevreuse} herself) triggers the pyro{Overloaded} reaction, they will recover 6 name{Energy}. This effect can be triggered once every 10s.<br>You must first unlock the Ascension Talent ""name{Vanguard's Coordinated Tactics}."""
talent_name;chevreuse_sniper_induced_explosion;Вызванный метким выстрелом взрыв;Sniper Induced Explosion
talent_descr;chevreuse_sniper_induced_explosion;При попадании долгого нажатия навыка skill{skill:Быстрый преграждающий выстрел вблизи} рядом с местом попадания вызывается 2 цепных взрыва. Каждый взрыв наносит pyro{Пиро урон} в %{text_percent_dmg} от name{силы атаки} name{Шеврёз}. Эффект возникает раз в 10 сек. Этот урон считается уроном name{элементального навыка}.;After Holding skill{skill:Short-Range Rapid Interdiction Fire} and hitting a target, 2 chain explosions will be triggered near the location where said target is hit. Each explosion deals pyro{Pyro DMG} equal to %{text_percent_dmg} of name{Chevreuse}'s name{ATK}. This effect can be triggered up to once every 10s, and DMG dealt this way is considered name{Elemental Skill DMG}.
talent_name;chevreuse_practiced_field_stripping_technique;Отработанная разборка в поле;Practiced Field Stripping Technique
talent_name;chevreuse_the_secret_to_rapid_fire_multishots;Секрет частого огня;The Secret to Rapid-Fire Multishots
talent_descr;chevreuse_the_secret_to_rapid_fire_multishots;После применения skill{burst:Кольца разрывных гранат}, skill{skill:Быстрый преграждающий выстрел вблизи} name{Шеврёз}, активированный долгим нажатием, не уходит в откат. Через 6 сек. или после двух активаций name{Быстрого преграждающего выстрела вблизи} удержанием эффект исчезает.;After using skill{burst:Ring of Bursting Grenades}, the Hold mode of skill{skill:Short-Range Rapid Interdiction Fire} will not go on cooldown when name{Chevreuse} uses it. This effect is removed after name{Short-Range Rapid Interdiction Fire} has been fired twice using Hold or after 6s.
talent_name;chevreuse_enhanced_incendiary_firepower;Урон усиленного огня;Enhanced Incendiary Firepower
talent_name;chevreuse_in_pursuit_of_ending_evil;В погоне за искоренением зла;In Pursuit of Ending Evil
talent_descr;chevreuse_in_pursuit_of_ending_evil;После 12 сек. действия эффекта лечения навыка skill{skill:Быстрый преграждающий выстрел вблизи} все окружающие члены отряда один раз восстанавливают name{HP} в размере %{text_percent_heal} от name{макс. HP} name{Шеврёз}.<br>После получения лечения name{Быстрого преграждающего выстрела вблизи} персонаж отряда на 8 сек. наделяется %{dmg_pyro} бонусом pyro{Пиро} и electro{Электро урона}. Этот эффект может складываться до 3 раз. Длительность каждого уровня рассчитывается отдельно.;After 12s of the healing effect from skill{skill:Short-Range Rapid Interdiction Fire}, all nearby party members recover name{HP} equivalent to %{text_percent_heal} of name{Chevreuse}'s name{Max HP} once.<br>After a party member is healed by name{Short-Range Rapid Interdiction Fire}, they gain a 20% pyro{Pyro DMG Bonus} and electro{Electro DMG Bonus} for %{dmg_pyro}s. Max 3 stacks. Each stack's duration is counted independently.
talent_name;chiori_tailor_made;Сшито на заказ;Tailor-Made
talent_descr;chiori_tailor_made_1;В зависимости от действия, которое вы совершаете в короткий промежуток времени после восходящего удара навыка skill{skill:Порхание хасодэ}, возникают разные эффекты: нажатие кнопки name{элементального навыка} активирует name{Узорную ткань}, тогда как name{обычная атака} активирует name{Покрой}. <br>Если name{Тиори}, будучи активным персонажем, в течение короткого промежутка времени после выполнения восходящего удара name{Порхания хасодэ} не использует name{элементальный навык} или name{обычную атаку}, то активируется эффект name{Покроя}.;Gain different effects depending on the next action you take within a short duration after using skill{skill:Fluttering Hasode}'s upward sweep. If you Press the name{Elemental Skill}, you will trigger the name{Tapestry} effect. If you Press your name{Normal Attack}, the name{Tailoring} effect will be triggered instead. <br>When on the field, if name{Chiori} does not either Press her name{Elemental Skill} or use a name{Normal Attack} within a short time after using name{Fluttering Hasode}'s upward sweep, the name{Tailoring} effect will be triggered by default.
talent_descr;chiori_tailor_made_2;· Следующий персонаж вашего отряда становится активным.<br>· Все персонажи вашего отряда получают эффект name{Поймав мгновение}: при попадании name{обычной атаки}, name{заряженной атаки} или name{атаки в падении} вашего активного персонажа по противнику поблизости кукла-автоматон name{Тамото} инициирует совместную атаку, которая на позиции поражённого противника наносит geo{Гео урон} по площади, равный %{text_percent_dmg} урона восходящего удара навыка Порхание хасодэ. Этот урон считается уроном name{элементального навыка}.<br>· Эффект name{Поймав мгновение} действует 8 сек. Кукла-автоматон может инициировать 1 совместную атаку раз в 2 сек., причём во время действия одного и того же эффекта name{Поймав мгновение} может быть выполнено до 2 совместных атак.;"· Switches to the next character in your roster.<br>· Grants all your party members ""name{Seize the Moment}"": When your active party member's name{Normal Attacks}, name{Charged Attacks}, and name{Plunging Attacks} hit a nearby opponent, ""name{Tamoto}"" will execute a coordinated attack, dealing %{text_percent_dmg} of name{Fluttering Hasode}'s upward sweep DMG as AoE geo{Geo DMG} at the opponent's location. DMG dealt this way is considered name{Elemental Skill DMG}.<br>· ""name{Seize the Moment}"" lasts 8s, and 1 of ""name{Tamoto}""'s coordinated attack can be unleashed every 2s. 2 such coordinated attacks can occur per ""name{Seize the Moment}"" effect duration."
talent_descr;chiori_tailor_made_3;· name{Тиори} на 5 сек. получает инфузию geo{Гео}.;· name{Chiori} gains geo{Geo} infusion for 5s.
talent_name;chiori_the_finishing_touch;Украшенная парча;The Finishing Touch
talent_descr;chiori_the_finishing_touch;Когда член отряда поблизости создаёт geo{Гео} конструкцию, name{Тиори} на 20 сек. получает %{dmg_geo} бонус geo{Гео урона}.;When a nearby party member creates a geo{Geo} Construct, name{Chiori} will gain %{dmg_geo} geo{Geo DMG Bonus} for 20s.
talent_name;chiori_six_paths_of_sage_silkcraft;Шесть знаний шёлка;Six Paths of Sage Silkcraft
talent_descr;chiori_six_paths_of_sage_silkcraft;Область атак куклы-автоматона name{Тамото} навыка skill{skill:Порхание хасодэ} увеличивается на 50%.<br>Кроме того, если в отряде есть персонажи geo{Гео} помимо name{Тиори}, после завершения выпада name{Порхания хасодэ} активируются следующие эффекты:<br>· Призывает ещё одну name{Тамото}. Одновременно может существовать только 1 дополнительная кукла-автоматон name{Тамото}, призванная name{Тиори} этим способом либо с помощью geo{Гео} конструкции.<br>· Активирует талант возвышения name{Украшенная парча}. Требуется разблокировать талант возвышения name{Украшенная парча}.;"The AoE of the automaton doll ""name{Tamoto}"" summoned by skill{skill:Fluttering Hasode} is increased by 50%.<br>Additionally, if there is a geo{Geo} party member other than name{Chiori}, name{Fluttering Hasode} will trigger the following after the dash is completed:<br>· Summon an additional name{Tamoto}. Only one additional name{Tamoto} can exist at the same time, whether summoned by name{Chiori} this way or through the presence of a geo{Geo} Construct.<br>· Triggers the Ascension Talent ""name{The Finishing Touch}."" You must first unlock the Ascension Talent ""name{The Finishing Touch}."""
talent_name;chiori_in_five_colors_dyed;Пять цветов ткани;In Five Colors Dyed
talent_descr;chiori_in_five_colors_dyed;В течение 10 сек. после применения навыка skill{burst:Хиёку: Парные клинки} раз в 3 сек. рядом с вашим активным персонажем будет призываться простая кукла-автоматон name{Кину}. Простая кукла-автоматон name{Кину} будет атаковать врагов поблизости, нанося geo{Гео урон} по площади, равный %{text_percent_dmg} урона куклы-автоматона name{Тамото}. Этот урон считается уроном name{элементального навыка}.<br>Выполнив 1 атаку или просуществовав 3 сек., простая кукла-автоматон name{Кину} покидает поле боя.;"For 10s after using skill{burst:Hiyoku: Twin Blades}, a simplified automaton doll, ""name{Kinu},"" will be summoned next to your active character every 3s. name{Kinu} will attack nearby opponents, dealing AoE geo{Geo DMG} equivalent to %{text_percent_dmg} of name{Tamoto}'s DMG. DMG dealt this way is considered name{Elemental Skill DMG}.<br>name{Kinu} will leave the field after 1 attack or after lasting 3s."
talent_name;chiori_four_brocade_embellishments;Четыре украшения парчи;Four Brocade Embellishments
talent_name;chiori_a_tailors_three_courtesies;Три любезности портного;A Tailor's Three Courtesies
talent_descr;chiori_a_tailors_three_courtesies;В течение 8 сек. после активации последующего эффекта таланта возвышения name{Сшито на заказ} попадание name{обычных атак}, name{заряженных атак} и name{атак в падении} вашего активного персонажа по противнику поблизости призывают рядом с ним простую куклу-автоматона name{Кину}. Таким способом можно призвать 1 простую куклу-автоматона name{Кину} раз в 1 сек., но не более 3 раз в течение одного и того же эффекта name{Поймав мгновение} или name{Покрой} таланта возвышения name{Сшито на заказ}. Этот эффект может возникнуть раз в 15 сек.<br>Требуется разблокировать талант возвышения name{Сшито на заказ}.;"For 8s after triggering either follow-up effect of the Ascension Talent ""name{Tailor-Made},"" when your current active character's name{Normal}, name{Charged}, or name{Plunging Attacks} hit a nearby opponent, a simplified automaton doll, ""name{Kinu},"" will be summoned near this opponent. You can summon 1 name{Kinu} every 1s in this way, and up to 3 name{Kinu} may be summoned this way during each instance of ""name{Tailor-Made}""'s name{Seize the Moment} or name{Tailoring} effect. The above effect can be triggered up to once every 15s.<br>You must first unlock the Ascension Talent ""name{Tailor-Made}."""
talent_name;chiori_two_silken_plumules;Два шёлковых пера;Two Silken Plumules
talent_name;chiori_sole_principle_pursuit;Следуя единому принципу;Sole Principle Pursuit
talent_descr;chiori_sole_principle_pursuit;Активация последующего эффекта таланта возвышения name{Сшито на заказ} сокращает откат навыка самой name{Тиори} skill{skill:Порхание хасодэ} на 12 сек. Требуется разблокировать талант возвышения name{Сшито на заказ}.<br>Кроме того, урон name{обычных атак} name{Тиори} увеличивается на %{text_percent_dmg} от её собственной name{защиты}.;"After triggering a follow-up effect of the Ascension Talent ""name{Tailor-Made},"" name{Chiori}'s own skill{skill:Fluttering Hasode}'s CD is decreased by 12s. You must first unlock the Ascension Talent ""name{Tailor-Made}."".<br>In addition, the DMG dealt by name{Chiori}'s own name{Normal Attacks} is increased by an amount equal to %{text_percent_dmg} of her own name{DEF}."
talent_name;chongyun_steady_breathing;Ровное дыхание;Steady Breathing
talent_descr;chongyun_steady_breathing;Увеличивает name{скорость} name{обычной атаки} name{одноручным}, name{двуручным} и name{древковым оружием} в области навыка skill{skill:name{Духовное лезвие}: Холод Чунхуа} на %{atk_speed_normal}.;name{Sword}, name{Claymore}, or name{Polearm}-wielding characters within the field created by skill{skill:Spirit Blade: Chonghua's Layered Frost} have their name{Normal} name{ATK SPD} increased by %{atk_speed_normal}.
talent_name;chongyun_rimechaser_blade;Лезвие ледяного хищника;Rimechaser Blade
talent_descr;chongyun_rimechaser_blade_1;После исчезновения области skill{skill:Холода Чунхуа} призывает name{Духовное лезвие}, которое наносит %{text_percent_dmg} урона навыка name{Духовное лезвие: Холод Чунхуа} в качестве cryo{Крио урона} по площади.;When the field created by skill{skill:Spirit Blade: Chonghua's Layered Frost} disappears, another name{spirit blade} will be summoned to strike nearby opponents, dealing %{text_percent_dmg} of name{Chonghua's Layered Frost}'s Skill DMG as AoE cryo{Cryo DMG}.
talent_descr;chongyun_rimechaser_blade_2;Понижает cryo{Крио сопротивление} врагов, получивших урон от name{Духовного лезвия}, на %{enemy_res_cryo} в течение 8 сек.;Opponents hit by this blade will have their cryo{Cryo RES} decreased by %{enemy_res_cryo} for 8s.
talent_name;chongyun_ice_unleashed;Вольные льды;Ice Unleashed
talent_descr;chongyun_ice_unleashed;Последний удар name{обычной атаки} name{Чун Юня} выпускает 3 name{ледяных клинка}. Каждый клинок наносит cryo{Крио урон}, равный %{text_percent_dmg} от name{силы атаки} name{Чун Юня}.;The last attack of name{Chongyun}'s name{Normal Attack} combo releases 3 name{ice blades}. Each blade deals %{text_percent_dmg} of name{Chongyun}'s name{ATK} as cryo{Cryo DMG} to all opponents in its path.
talent_name;chongyun_atmospheric_revolution;Циркуляция воздуха;Atmospheric Revolution
talent_descr;chongyun_atmospheric_revolution;Уменьшает время отката name{элементальных навыков} и взрывов стихии, активированных в области навыка skill{skill:name{Духовное лезвие}: Холод Чунхуа}, на %{text_percent_cd}.;name{Elemental Skills} and name{Elemental Bursts} cast within the name{Frost Field} created by skill{skill:Spirit Blade: Chonghua's Layered Frost} have their CD time decreased by %{text_percent_cd}.
talent_name;chongyun_cloudburst;Облачный раскат;Cloudburst
talent_name;chongyun_frozen_skies;Замёрзшие небеса;Frozen Skies
talent_descr;chongyun_frozen_skies;При попадании по врагу с эффектом cryo{Крио} name{Чун Юнь} восстанавливает 1 name{ед. энергии}.<br>Может возникнуть раз в 2 сек.;name{Chongyun} regenerates 1 name{Energy} every time he hits an opponent affected by cryo{Cryo}.<br>This effect can only occur once every 2s.
talent_name;chongyun_the_true_path;Истинный порядок вещей;The True Path
talent_name;chongyun_rally_of_four_blades;Молитва четырём духам;Rally of Four Blades
talent_descr;chongyun_rally_of_four_blades;"На %{dmg_burst_chongyun} увеличивает урон навыка skill{burst:name{Духовное лезвие}: Падение с небес} по врагам, у которых меньше процентов name{HP}, чем у name{Чун Юня};<br>Также активация этого навыка призывает одно дополнительное name{Духовное лезвие}.";skill{burst:Spirit Blade: Cloud-Parting Star} deals %{dmg_burst_chongyun} more DMG to opponents with a lower percentage of their name{Max HP} remaining than name{Chongyun}.<br>This skill will also summon 1 additional name{spirit blade}.
talent_name;citlali_mamaloacos_frigid_rain;Холодный дождь Мамалоако;Mamaloaco's Frigid Rain
talent_descr;citlali_mamaloacos_frigid_rain;Когда name{Ицпапа} находится на поле боя, а члены отряда поблизости активируют реакции cryo{Заморозка} или name{Таяние}, то pyro{Пиро} и hydro{Гидро сопротивление} поражённых ими противников снижается на %{enemy_res_pyro} на 12 сек. Кроме того, name{Ситлали} восстанавливает 16 очков name{Ночного духа}. Восстанавливать очки name{Ночного духа} таким способом можно один раз в 8 сек.;While name{Itzpapa} is on the field, after nearby party members trigger the cryo{Frozen} or name{Melt} reactions, the pyro{Pyro} and hydro{Hydro RES} of opponents affected by that reaction decreases by %{enemy_res_pyro} for 12s. Additionally, name{Citlali} will regain 16 name{Nightsoul points}. name{Nightsoul points} can be restored this way once every 8s.
talent_name;citlali_itzpapalotls_star_garments;Звёздное одеяние Ицпапалотль;Itzpapalotl's Star Garments
talent_descr;citlali_itzpapalotls_star_garments;Во время name{элементального навыка} skill{skill:Тёмная звезда утреннего инея} урон name{Морозного урагана} name{Ицпапы} повышается на %{text_percent_1} от name{мастерства стихий} name{Ситлали}. Во время name{взрыва стихии} skill{burst:Указ светил} урон name{ледяного шторма} повышается на %{text_percent_2} от name{мастерства стихий} name{Ситлали}.<br>Кроме того, когда члены отряда поблизости активируют name{Вспышку Ночного духа}, name{Ситлали} восстанавливает 4 очка name{Ночного духа}.;During the name{Elemental Skill} skill{skill:Dawnfrost Darkstar}, name{Itzpapa}'s name{Frostfall Storm} DMG is increased by %{text_percent_1} of name{Citlali}'s name{Elemental Mastery}. During the name{Elemental Burst} skill{burst:Edict of Entwined Splendor}, name{Ice Storm} DMG is increased by %{text_percent_2} of name{Citlali}'s name{Elemental Mastery}.<br>In addition, when nearby party members trigger name{Nightsoul Bursts}, name{Citlali} regains 4 name{Nightsoul points}.
talent_name;citlali_radiant_blades_of_centzon_mimixcoah;Острые клинки Сенцон Мимишкоа;Radiant Blades of Centzon Mimixcoah
talent_descr;citlali_radiant_blades_of_centzon_mimixcoah;При использовании name{элементального навыка} skill{skill:Тёмная звезда утреннего инея} name{Ситлали} до тех пор, пока name{Ицпапа} не покинет поле боя, обретает эффект name{Одеяния опаловой звезды}: во время его действия name{Ситлали} получает 10 уровней name{Звёздных клинков}. Когда активный персонаж поблизости за исключением name{Ситлали} наносит урон name{обычной атакой}, name{заряженной атакой}, name{атакой в падении}, name{элементальным навыком} или name{взрывом стихии}, 1 уровень name{Звёздных клинков} расходуется и повышает наносимый урон на %{text_percent} от name{мастерства стихий} name{Ситлали}.<br>После того как персонажи отряда поблизости активируют реакции cryo{Заморозка} или name{Таяние}, name{Ситлали} дополнительно получает 3 уровня name{Звёздных клинков}. Такой эффект может возникнуть один раз в 8 сек.<br><br>При использовании name{элементального навыка} skill{skill:Тёмная звезда утреннего инея} количество уровней name{Звёздных клинков} сбрасывается.<br>Кроме того, когда name{Ситлали} совершает прыжок, либо прицеливается или выполняет заряженную атаку, находясь в воздухе, потребление флогистона снижается на 45%.;"When she uses the name{Elemental Skill} skill{skill:Dawnfrost Darkstar}, name{Citlali} gains the ""name{Opalstar Vestments}"" effect until name{Itzpapa} leaves the field. During this time, she will obtain 10 stacks of name{Stellar Blade}. When a nearby active character other than name{Citlali} deals DMG using name{Normal}, name{Charged}, or name{Plunging Attacks}, or name{Elemental Skills} and Bursts, 1 stack of name{Stellar Blade} will be consumed to increase the DMG dealt by %{text_percent} of name{Citlali}'s name{Elemental Mastery}.<br>After nearby party members trigger cryo{Frozen} or name{Melt}, name{Citlali} will gain another 3 stacks of name{Stellar Blade}. This effect can trigger once every 8s.<br><br>Using the name{Elemental Skill} skill{skill:Dawnfrost Darkstar} will reset name{Stellar Blade} stacks.<br>Additionally, when name{Citlali} is using her leap, or is Aiming or using her name{Charged Attack} in mid-air, her Phlogiston consumption is decreased by 45%."
talent_name;citlali_heart_devourers_travail;Путь пожирателя сердец;Heart Devourer's Travail
talent_descr;citlali_heart_devourers_travail_1;name{Мастерство стихий} name{Ситлали} увеличивается на %{text_value_self} ед., а персонажей, которые защищены её name{Опаловым щитом} или за которыми следует name{Ицпапа}, - на %{text_value_other} ед.<br>Вдобавок во время использования name{элементального навыка} skill{skill:Тёмная звезда утреннего инея} активные персонажи поблизости также наделяются name{Опаловым щитом}.;name{Citlali} gains %{text_value_self} name{Elemental Mastery}, and other characters shielded by her name{Opal Shield}, or who have name{Itzpapa} following them, gain %{text_value_other} name{Elemental Mastery}.<br>Additionally, when the name{Elemental Skill} skill{skill:Dawnfrost Darkstar} is used, nearby active characters will also be granted an name{Opal Shield}.
talent_descr;citlali_heart_devourers_travail_2;Кроме того, усиливается эффект таланта возвышения name{Холодного дождя Мамалоако}:<br>Когда name{Ицпапа} находится на поле боя, а члены отряда поблизости активируют реакции cryo{Заморозка} или name{Таяние}, pyro{Пиро} и hydro{Гидро сопротивление} подверженных им противников дополнительно снижается на %{enemy_res_pyro} на 12 сек. Требуется разблокировать талант возвышения name{Холодный дождь Мамалоако}.;"Also, the Ascension Talent ""name{Mamaloaco's Frigid Rain}"" has its effects enhanced:<br>While name{Itzpapa} is on the field, after nearby party members trigger cryo{Frozen} or name{Melt}, the opponent(s) affected by this reaction will have their pyro{Pyro} and hydro{Hydro RES} additionally decreased by %{enemy_res_pyro} for 12s. You must first unlock the Ascension Talent ""name{Mamaloaco's Frigid Rain}"" to gain access to the above effect."
talent_name;citlali_cloud_serpents_feathered_crown;Перьевая корона Облачного змея;Cloud Serpent's Feathered Crown
talent_name;citlali_death_defiers_spirit_skull;Духовный череп обманувшего смерть;Death Defier's Spirit Skull
talent_descr;citlali_death_defiers_spirit_skull;Во время действия name{элементального навыка} skill{skill:Тёмная звезда утреннего инея} попадание name{Морозного урагана} name{Ицпапы} по врагам дополнительно призывает один skill{Духовный сосуд-череп: Обсидиановая звезда}. Взрыв name{Духовного сосуда-черепа}, призванного таким образом, наносит cryo{Крио урон} по площади с характеристикой name{Ночного духа}, пропорциональный %{text_percent_dmg} от name{мастерства стихий} name{Ситлали}, а также восстанавливает ей 16 очков name{Ночного духа} и 8 name{ед. энергии}. Этот эффект может возникнуть один раз в 8 сек. Такой урон не считается уроном name{взрыва стихии}.;While the name{Elemental Skill} skill{skill:Dawnfrost Darkstar} is active, when name{Itzpapa}'s name{Frostfall Storm} hits opponents, an additional skill{Obsidian Spiritvessel Skull} will be summoned. When a name{Spiritvessel Skull} summoned this way explodes, it deals %{text_percent_dmg} of name{Citlali}'s name{Elemental Mastery} as Nightsoul-aligned AoE cryo{Cryo DMG} and restores 16 name{Nightsoul points} and 8 name{Energy} for name{Citlali}. This effect can trigger once every 8s. This DMG is not considered name{Elemental Burst DMG}.
talent_name;citlali_nemontemis_hex;Проклятие Немонтеми;Nemontemi's Hex
talent_name;citlali_teoiztacs_secret_pact;Тайный договор Теоицтак;Teoiztac's Secret Pact
talent_descr;citlali_teoiztacs_secret_pact_1;name{Ицпапа}, призванный name{элементальным навыком} skill{skill:Тёмная звезда утреннего инея}, всегда будет пребывать в состоянии name{Белого пламени}, а когда очки name{Ночного духа} исчерпаются, это состояние не завершится.;After being summoned with the name{Elemental Skill} skill{skill:Dawnfrost Darkstar}, name{Itzpapa} will always be in the name{Opal Fire} state, and when name{Nightsoul points} are exhausted, this state will not end.
talent_descr;citlali_teoiztacs_secret_pact_2;Кроме того, во время использования name{элементального навыка} skill{skill:Тёмная звезда утреннего инея} name{Ицпапа} израсходует все очки name{Ночного духа}, а во время своего существования будет непрерывно расходовать очки name{Ночного духа}. За каждое очко name{Ночного духа}, потраченное таким способом, name{Ситлали} будет получать 1 очко name{Свода тайных законов}.<br>Максимум очков name{Свода тайных законов} составляет 40. За каждое очко name{Свода тайных законов} все персонажи поблизости получают %{text_percent_1} бонуса pyro{Пиро} и hydro{Гидро урона}, а наносимый урон name{Ситлали} повышается на %{text_percent_2}.<br>Когда name{Ицпапа} покидает поле боя или ещё раз используется name{элементальный навык}, все очки name{Свода тайных законов} name{Ситлали} исчезают.;"Additionally, when skill{skill:Dawnfrost Darkstar} is used, name{Itzpapa} will consume all name{Nightsoul points}, and while it is on the field, it will continuously consume name{Nightsoul points}. Each name{Nightsoul point} consumed in this way will grant name{Citlali} 1 ""name{Cifra of the Secret Law}"" point.<br>A maximum of 40 such points can be gained, and each point name{Citlali} possesses will grant all nearby party members a %{text_percent_1} pyro{Pyro} and hydro{Hydro DMG Bonus}, and increase the DMG name{Citlali} deals by %{text_percent_2}.<br>When name{Itzpapa} leaves the field, or upon using name{Citlali}'s name{Elemental Skill} again, all ""name{Cifra of the Secret Law}"" points she has will be removed."
talent_name;clorinde_dark_shattering_flame;Разрывающее мрак пламя;Dark-Shattering Flame
talent_descr;clorinde_dark_shattering_flame;После того как член отряда поблизости активирует electro{Электро} реакцию на противнике, electro{Электро урон} name{обычной атаки} и skill{burst:Последних лучей света} name{Клоринды} на 15 сек. увеличивается на %{dmg_electro_clorinde} от её name{силы атаки}. Эффект складывается до 3 раз, а отсчёт времени каждого уровня происходит отдельно. Максимальное увеличение урона атак name{Клоринды}, получаемое таким способом, не может превышать %{text_value_max} ед.;After a nearby party member triggers an electro{Electro}-related reaction against an opponent, electro{Electro DMG} dealt by name{Clorinde}'s name{Normal Attacks} and skill{burst:Last Lightfall} will be increased by %{dmg_electro_clorinde} of name{Clorinde}'s name{ATK} for 15s. Max 3 stacks. Each stack is counted independently. The Maximum DMG increase achievable this way for the above attacks is %{text_value_max}.
talent_name;clorinde_lawful_remuneration;Законное вознаграждение;Lawful Remuneration
talent_descr;clorinde_lawful_remuneration;Если name{Долг жизни} name{Клоринды} равен или превышает 100% от её name{макс. HP}, при снижении или повышении значения name{Долга жизни} её name{шанс крит. попадания} на 15 сек. повышается на %{crit_rate}. Эффект складывается до 2 раз, отсчёт времени каждого уровня происходит отдельно.<br>Кроме того, состояние name{Ночного дозора} навыка skill{skill:Охота на тьму} получает усиление: во время его действия процент лечения, конвертируемого в name{Долг жизни}, повышается до 100%.;If name{Clorinde}'s name{Bond of Life} is equal to or greater than 100% of her name{Max HP}, her name{CRIT Rate} will increase by %{crit_rate} for 15s whenever her name{Bond of Life} value increases or decreases. Max 2 stacks. Each stack is counted independently.<br>Additionally, skill{skill:Hunter's Vigil}'s name{Night Vigil} state is buffed: While it is active, the percent of healing converted to name{Bond of Life} increases to 100%.
talent_name;clorinde_from_this_day_i_pass_the_candles_shadow_veil;«И вот я прохожу завесу тени от свечи»;"""From This Day, I Pass the Candle's Shadow-Veil"""
talent_descr;clorinde_from_this_day_i_pass_the_candles_shadow_veil;electro{Электро урон} name{обычной атаки} name{Клоринды}, поражая противника во время действия name{Ночного дозора} навыка skill{skill:Охота на тьму}, вызывает рядом с ним name{Тень ночного дозора}. Тень проводит две совместные атаки, каждая из которых наносит electro{Электро урон}, равный %{text_percent_dmg} от name{силы атаки} name{Клоринды}.<br>Этот эффект может возникнуть один раз в 1,2 сек. Урон, наносимый таким способом, считается уроном name{обычной атаки}.;While skill{skill:Hunter's Vigil}'s name{Night Vigil} state is active, when electro{Electro DMG} from name{Clorinde}'s name{Normal Attacks} hit opponents, they will trigger 2 coordinated attacks from a name{Nightvigil Shade} summoned near the hit opponent, each dealing %{text_percent_dmg} of name{Clorinde}'s name{ATK} as electro{Electro DMG}.<br>This effect can occur once every 1.2s. DMG dealt this way is considered name{Normal Attack DMG}.
talent_name;clorinde_now_as_we_face_the_perils_of_the_long_night;«И вот мы лицом к лицу с опасностью долгой ночи»;"""Now, As We Face the Perils of the Long Night"""
talent_descr;clorinde_now_as_we_face_the_perils_of_the_long_night;Талант возвышения name{Разрывающее мрак пламя} получает усиление: после того как член отряда поблизости применяет electro{Электро} реакцию на противнике, electro{Электро урон} name{обычной атаки} и skill{burst:Последних лучей света} name{Клоринды} на 15 сек. увеличивается на %{text_percent} от её name{силы атаки}. Эффект складывается до 3 раз, а отсчёт времени каждого уровня происходит отдельно. С 3 уровнями сопротивление прерыванию name{Клоринды} повышается. Максимальное увеличение урона атак name{Клоринды}, получаемое таким способом, не может превышать %{text_value} ед.<br>Требуется разблокировать талант возвышения name{Разрывающее мрак пламя}.;"Enhance the Ascension Talent ""name{Dark-Shattering Flame}"": After a nearby party member triggers an electro{Electro}-related reaction against an opponent, electro{Electro DMG} dealt by name{Clorinde}'s name{Normal Attacks} and skill{burst:Last Lightfall} will be increased by %{text_percent} of name{Clorinde}'s name{ATK} for 15s. Max 3 stacks. Each stack is counted independently. When you have 3 stacks, name{Clorinde}'s interruption resistance will be increased. The Maximum DMG increase achievable this way for the above attacks is %{text_value}.<br>You must first unlock the Ascension Talent ""name{Dark-Shattering Flame}."""
talent_name;clorinde_i_pledge_to_remember_the_oath_of_daylight;«Я обязуюсь помнить клятву дневного света»;"""I Pledge to Remember the Oath of Daylight"""
talent_name;clorinde_to_enshrine_tears_life_and_love;«Помнить слёзы, жизнь и любовь»;"""To Enshrine Tears, Life, and Love"""
talent_descr;clorinde_to_enshrine_tears_life_and_love;Урон, наносимый навыком skill{burst:Последние лучи света}, увеличивается пропорционально процентному значению name{Долга жизни} name{Клоринды}. За каждый 1% текущего name{Долга жизни} урон навыка skill{burst:Последние лучи света} увеличивается на %{text_percent}. Максимальное увеличение урона навыка skill{burst:Последние лучи света}, полученное таким способом, может составлять %{text_percent_max}.;When skill{burst:Last Lightfall} deals DMG to opponent(s), DMG dealt is increased based on name{Clorinde}'s name{Bond of Life} percentage. Every 1% of her current name{Bond of Life} will increase skill{burst:Last Lightfall} DMG by %{text_percent}. The maximum skill{burst:Last Lightfall} DMG increase achievable this way is %{text_percent_max}.
talent_name;clorinde_holding_dawns_coming_as_my_votive;«Помнить, что рассвет наступит»;"""Holding Dawn's Coming as My Votive"""
talent_name;clorinde_and_so_shall_i_never_despair;«Посему я никогда не утрачу надежду»;"""And So Shall I Never Despair"""
talent_descr;clorinde_and_so_shall_i_never_despair_1;В течение 12 сек. после применения skill{skill:Охоты на тьму} name{шанс крит. попадания} name{Клоринды} увеличивается на %{crit_rate}, а name{крит. урон} - на %{crit_dmg}.;For 12s after skill{skill:Hunter's Vigil} is used, name{Clorinde}'s name{CRIT Rate} will be increased by %{crit_rate}, and her name{CRIT DMG} by %{crit_dmg}.
talent_descr;clorinde_and_so_shall_i_never_despair_2;Кроме того, пока активен name{Ночной дозор}, в определённых ситуациях появляется name{Тень яркой свечи} и атакует, нанося %{text_percent_dmg} electro{Электро урона} от name{силы атаки} name{Клоринды}. Урон, наносимый таким способом, считается уроном name{обычной атаки}.<br>name{Тень яркой свечи} появляется в следующих ситуациях:<br>· Когда name{Клоринда} вот-вот будет атакована.<br>· Когда name{Клоринда} применяет name{Пронзание ночи: Пакт}.<br>Одна name{Тень яркой свечи} может призываться такими способами не чаще чем раз в 1 сек. Во время действия одного и того же состояния name{Ночного дозора} name{Тень яркой свечи} можно призывать до 6 раз. Кроме того, в состоянии name{Ночного дозора} получаемый name{Клориндой} урон снижается на 80%, а её сопротивление прерыванию повышается. Этот эффект исчезает, когда действие name{Ночного дозора} завершается или в течение 1 сек. после призывания name{Тени яркой свечи} 6 раз.;Additionally, while name{Night Vigil} is active, a name{Glimbright Shade} will appear under specific circumstances, executing an attack that deals %{text_percent_dmg} of name{Clorinde}'s name{ATK} as electro{Electro DMG}. DMG dealt this way is considered name{Normal Attack DMG}.<br>The name{Glimbright Shade} will appear under the following circumstances:<br>· When name{Clorinde} is about to be hit by an attack.<br>· When name{Clorinde} uses name{Impale the Night: Pact}.<br>1 name{Glimbright Shade} can be summoned in the aforementioned ways every 1s. 6 Shades can be summoned per single name{Night Vigil} duration.<br>In addition, while name{Night Vigil} is active, the DMG name{Clorinde} receives is decreased by 80% and her interruption resistance is increased. This effect will disappear after the name{Night Vigil} state ends or 1s after she summons 6 name{Glimbright Shades}.
talent_name;collei_floral_sidewinder;Возвращение цветов;Floral Sidewinder
talent_descr;collei_floral_sidewinder;Ваш персонаж, который до возвращения skill{Цветочного кольца} вызвал pyro{Горение}, dendro{Стимуляцию}, electro{Обострение}, dendro{Разрастание}, dendro{Бутонизацию}, dendro{Вегетацию}, dendro{Цветение} или dendro{Лунную бутонизацию}, по его возвращении получит name{Росток}. Во время его действия враги поблизости будут получать продолжительный dendro{Дендро урон}, равный %{text_percent} от name{силы атаки} name{Коллеи}. Эффект длится 3 сек.<br>При повторной активации name{Ростка} существующий эффект снимается. Нанесённый name{Ростком} урон считается уроном name{элементального навыка}.;If one of your party members has triggered pyro{Burning}, dendro{Quicken}, electro{Aggravate}, dendro{Spread}, dendro{Bloom}, dendro{Hyperbloom}, dendro{Burgeon}, or dendro{Lunar-Bloom} reactions before the skill{Floral Ring} returns, it will grant the character the name{Sprout} effect upon return, which will continuously deal dendro{Dendro DMG} equivalent to %{text_percent} of name{Collei}'s name{ATK} to nearby opponents for 3s.<br>If another name{Sprout} effect is triggered during its initial duration, the initial effect will be removed. DMG dealt by name{Sprout} is considered name{Elemental Skill DMG}.
talent_name;collei_the_languid_wood;Безмолвная чаща;The Languid Wood
talent_descr;collei_the_languid_wood;Когда персонаж в skill{зоне Куйлейн-Анбара} активирует реакции pyro{Горение}, dendro{Стимуляция}, electro{Обострение}, dendro{Разрастание}, dendro{Бутонизация}, dendro{Вегетация}, dendro{Цветение} или dendro{Лунная бутонизация}, длительность зоны увеличивается на 1 сек.<br>Длительность одного и того же skill{burst:Кошачьего сокровища} можно увеличить этим способом до 3 раз.;When a character within the skill{Cuilein-Anbar Zone} triggers pyro{Burning}, dendro{Quicken}, electro{Aggravate}, dendro{Spread}, dendro{Bloom}, dendro{Hyperbloom}, dendro{Burgeon}, or dendro{Lunar-Bloom} reactions, the Zone's duration will be increased by 1s.<br>A single skill{burst:Trump-Card Kitty} can be extended this way by up to 3s.
talent_name;collei_deepwood_patrol;Охрана чащи;Deepwood Patrol
talent_descr;collei_deepwood_patrol;Когда name{Коллеи} в отряде, но не является активным персонажем, её name{восстановление энергии} повышается на %{recharge}.;When in the party and not on the field, name{Collei}'s name{Energy Recharge} is increased by %{recharge}.
talent_name;collei_through_hill_and_copse;По горам и лесам;Through Hill and Copse
talent_descr;collei_through_hill_and_copse;Талант возвышения name{Возвращение цветов} меняется следующим образом:<br>Возвращаясь, skill{Цветочное кольцо} наделяет персонажа эффектом name{Ростка} таланта возвышения name{Возвращение цветов}, нанося врагам поблизости dendro{Дендро урон}, равный %{text_percent} от name{силы атаки} name{Коллеи}, в течение 3 сек.<br>Если с момента использования навыка skill{skill:Сметающие цветы} до завершения текущего name{Ростка} свой персонаж отряда вызывает pyro{Горение}, dendro{Стимуляцию}, electro{Обострение}, dendro{Разрастание}, dendro{Бутонизацию}, dendro{Вегетацию}, dendro{Цветение} или dendro{Лунную бутонизацию}, действие name{Ростка} продлится на 3 сек.<br>Продлить действие name{Ростка} таким способом можно только один раз. При повторной активации name{Ростка} текущий эффект снимается. Урон, наносимый эффектом name{Ростком}, считается уроном name{элементального навыка}.<br>Требуется разблокировать талант возвышения name{Возвращение цветов}.;"The Ascension Talent name{Floral Sidewinder} is changed to this:<br>The skill{Floral Ring} will grant the character the name{Sprout} effect from name{Floral Sidewinder} upon return, dealing %{text_percent} of name{Collei}'s name{ATK} as dendro{Dendro DMG} to nearby opponents for 3s.<br>From the moment of using skill{skill:Floral Brush} to the moment when this instance of name{Sprout} effect ends, if any of your party members triggers pyro{Burning}, dendro{Quicken}, electro{Aggravate}, dendro{Spread}, dendro{Bloom}, dendro{Hyperbloom}, dendro{Lunar-Bloom}, or dendro{Burgeon} reactions, the name{Sprout} effect will be extended by 3s.<br>The name{Sprout} effect can only be extended this way once. If another name{Sprout} effect is triggered during its initial duration, the initial effect will be removed. DMG dealt by name{Sprout} is considered name{Elemental Skill DMG}.<br>You must first unlock the Ascension Talent ""name{Floral Sidewinder}."""
talent_name;collei_scent_of_summer;Благоухание лета;Scent of Summer
talent_name;collei_gift_of_the_woods;Дар лесов;Gift of the Woods
talent_descr;collei_gift_of_the_woods;Активация skill{burst:Кошачьего сокровища} увеличивает name{мастерство стихий} всех членов отряда поблизости (кроме самой name{Коллеи}) на %{text_value} ед. на 12 сек.;Using skill{burst:Trump-Card Kitty} will increase all nearby characters' name{Elemental Mastery} by %{text_value} for 12s (not including name{Collei} herself).
talent_name;collei_all_embers;Всё как угли;All Embers
talent_name;collei_forest_of_falling_arrows;Лес падающих стрел;Forest of Falling Arrows
talent_descr;collei_forest_of_falling_arrows;Попадание skill{Цветочного кольца} создаёт миниатюрного name{Куйлейн-Анбара}, который наносит dendro{Дендро урон}, равный %{text_percent_dmg} от name{силы атаки} name{Коллеи}.<br>При каждом использовании skill{skill:Сметающих цветов} можно создать только одного миниатюрного name{Куйлейн-Анбара}.;When the skill{Floral Ring} hits, it will create a miniature name{Cuilein-Anbar} that will deal %{text_percent_dmg} of name{Collei}'s name{ATK} as dendro{Dendro DMG}.<br>Each skill{skill:Floral Brush} can only create one such miniature name{Cuilein-Anbar}.
talent_name;cyno_featherfall_judgment;Суд пера;Featherfall Judgment
talent_descr;cyno_featherfall_judgment;Во время действия name{Поклявшегося прокладывать путь} skill{burst:Священного обряда: Проворство шакала} name{Сайно} периодически входит в состояние name{Свидетеля истины}. Активация skill{skill:Тайного обряда: Переправляющий души} в этом состоянии вызывает эффект name{Вынесения приговора}, который повышает урон текущего name{Тайного обряда: Переправляющий души} на %{dmg_skill_cyno} и выпускает 3 name{Молнии бедствия}, наносящие electro{Электро урон} в %{text_percent_dmg} от name{силы атаки} name{Сайно}.<br>Урон name{Молний бедствия} считается уроном name{элементального навыка}.;When name{Cyno} is in the name{Pactsworn Pathclearer} state activated by skill{burst:Sacred Rite: Wolf's Swiftness}, name{Cyno} will enter the name{Endseer} stance at intervals. If he activates skill{skill:Secret Rite: Chasmic Soulfarer} while affected by this stance, he will activate the name{Judication} effect, increasing the DMG of this name{Secret Rite: Chasmic Soulfarer} by %{dmg_skill_cyno}, and firing off 3 name{Duststalker Bolts} that deal %{text_percent_dmg} of name{Cyno}'s name{ATK} as electro{Electro DMG}.<br>name{Duststalker Bolt} DMG is considered name{Elemental Skill DMG}.
talent_name;cyno_authority_over_the_nine_bows;Повелитель девяти луков;Authority Over the Nine Bows
talent_descr;cyno_authority_over_the_nine_bows;Увеличивает следующие показатели урона name{Сайно} в зависимости от его name{мастерства стихий}:<br>· Урон name{обычной атаки} в состоянии name{Поклявшегося прокладывать путь} увеличивается на %{text_percent_dmg} от его name{мастерства стихий}.<br>· Урон name{Молний бедствия} таланта возвышения name{Суд пера} увеличивается на %{text_percent_dmg2} от его name{мастерства стихий}.;name{Cyno}'s DMG values will be increased based on his name{Elemental Mastery} as follows:<br>· name{Pactsworn Pathclearer}'s name{Normal Attack DMG} is increased by %{text_percent_dmg} of his name{Elemental Mastery}.<br>· name{Duststalker Bolt} DMG from his Ascension Talent name{Featherfall Judgment} is increased by %{text_percent_dmg2} of his name{Elemental Mastery}.
talent_name;cyno_unceasing_vigil;Завет: Беспрестанное бдение;Ordinance: Unceasing Vigil
talent_descr;cyno_unceasing_vigil;После активации skill{burst:Священного обряда: Проворство шакала} скорость name{обычной атаки} name{Сайно} повышается на %{atk_speed_normal} на 10 сек. Если во время действия skill{skill:Тайного обряда: Переправляющий души} активируется name{Вынесение приговора} таланта возвышения name{Суд пера}, длительность этого эффекта обновится.<br>Требуется разблокировать талант возвышения name{Суд пера}.;"After using skill{burst:Sacred Rite: Wolf's Swiftness}, name{Cyno}'s name{Normal Attack SPD} will be increased by %{atk_speed_normal} for 10s. If the name{Judication} effect of his Ascension Talent name{Featherfall Judgment} is triggered during skill{skill:Secret Rite: Chasmic Soulfarer}, the duration of this increase will be refreshed.<br>You must first unlock the Ascension Talent ""name{Featherfall Judgment}."""
talent_name;cyno_homecoming_of_spirits;Церемония: Проводы душ;Ceremony: Homecoming of Spirits
talent_descr;cyno_homecoming_of_spirits;Попадание name{Сайно} по врагу name{обычной атакой} увеличивает бонус electro{Электро урона} на %{dmg_electro} на 4 сек. Эффект может возникнуть не чаще 1 раза в 0,1 сек. и складывается до 5 раз.;When name{Cyno}'s name{Normal Attacks} hit opponents, his electro{Electro DMG Bonus} will increase by %{dmg_electro} for 4s. This effect can be triggered once every 0.1s. Max 5 stacks.
talent_name;cyno_lawful_enforcer;Указ: Исполнение наказания;Precept: Lawful Enforcer
talent_name;cyno_forbidding_guard;Строгая мера: Страж запрета;Austerity: Forbidding Guard
talent_descr;cyno_forbidding_guard;name{Сайно}, активируя реакции electro{Заряжен}, electro{Лунный заряд}, cryo{Сверхпроводник}, pyro{Перегрузка}, dendro{Стимуляция}, electro{Обострение}, dendro{Вегетация} или electro{Электро Рассеивание} во время действия name{Поклявшегося прокладывать путь} skill{burst:Священного обряда: Проворство шакала}, восстанавливает 3 name{ед. энергии} всем членам отряда поблизости (кроме самого name{Сайно}).<br>Эффект активируется до 5 раз во время действия одного и того же skill{burst:Священного обряда: Проворство шакала}.;When name{Cyno} is in the name{Pactsworn Pathclearer} state triggered by skill{burst:Sacred Rite: Wolf's Swiftness}, after he triggers an electro{Electro-Charged}, electro{Lunar-Charged}, cryo{Superconduct}, pyro{Overloaded}, dendro{Quicken}, electro{Aggravate}, dendro{Hyperbloom}, or electro{Electro Swirl} reaction, he will restore 3 name{Elemental Energy} for all nearby party members (except himself.)<br>This effect can occur 5 times within one use of skill{burst:Sacred Rite: Wolf's Swiftness}.
talent_name;cyno_the_passing_of_starlight;Погребение: Уходящий свет звёзд;Funerary Rite: The Passing of Starlight
talent_name;cyno_just_scales;Церемония пера: Весы справедливости;Raiment: Just Scales
talent_descr;cyno_just_scales;Использование skill{burst:Священного обряда: Проворство шакала} или активация name{Вынесения приговора} таланта возвышения name{Суд пера} наделяет name{Сайно} 4 уровнями name{Жертвоприношения шакала}. Попав name{обычной атакой}, name{Сайно} расходует 1 уровень name{Жертвоприношения шакала} и выпускает одну name{Молнию бедствия}.<br>name{Жертвоприношение шакала} длится 8 сек. и складывается до 8 раз. С завершением name{Поклявшегося прокладывать путь} name{Священного обряда: Проворство шакала} эффект полностью исчезает.<br>name{Молнию бедствия} таким образом можно выпустить не чаще одного раза в 0,4 сек.<br>Требуется разблокировать талант возвышения name{Суд пера}.;"After using skill{burst:Sacred Rite: Wolf's Swiftness} or triggering the name{Judication} effect of the Ascension Talent ""name{Featherfall Judgment},"" name{Cyno} will gain 4 stacks of the ""name{Day of the Jackal}"" effect. When he hits opponents with name{Normal Attacks}, he will consume 1 stack of ""name{Day of the Jackal}"" to fire off one name{Duststalker Bolt}.<br>""name{Day of the Jackal}"" lasts for 8s. Max 8 stacks. It will be canceled once name{Pactsworn Pathclearer} ends.<br>A maximum of 1 name{Duststalker Bolt} can be unleashed this way every 0.4s.<br>You must first unlock the Ascension Talent ""name{Featherfall Judgment}."""
talent_name;dahlia_the_winds_gentle_grace;Милостивое благоволение ветра;The Wind's Gentle Grace
talent_descr;dahlia_the_winds_gentle_grace;Когда персонажи под воздействием name{Милости Фавония} name{взрыва стихии} skill{burst:Сияющий молебен} активируют на противнике реакцию cryo{Заморозка}, они наделяют name{Далию} 2 уровнями name{Бенедикции}. Этот эффект может возникнуть один раз в 8 сек.;When characters affected by the name{Favonian Favor} effect of the name{Elemental Burst} skill{burst:Radiant Psalter} trigger cryo{Frozen} reactions on opponents, they will grant name{Dahlia} 2 name{Benison} stacks. This effect can trigger once every 8s.
talent_name;dahlia_prayer_of_well_wrought_joy;Молитва искушённой радости;Prayer of Well-Wrought Joy
talent_descr;dahlia_prayer_of_well_wrought_joy;Когда активный персонаж вашего отряда находится под воздействием name{Милости Фавония} name{взрыва стихии} skill{burst:Сияющий молебен}, его name{скорость атаки} возрастает пропорционально name{макс. HP} name{Далии}: каждая 1000 ед. name{макс. HP} повышает name{скорость атаки} на %{text_percent}. Максимальное увеличение скорости атаки, которое можно получить таким способом, составляет %{text_percent_max}.;"When your active party member is affected by the name{Favonian Favor} effect of the name{Elemental Burst} skill{""Radiant Psalter,""} their name{ATK SPD} will increase based on name{Dahlia}'s name{Max HP}: Every 1,000 name{Max HP} will cause an increase of %{text_percent}, up to a maximum of %{text_percent_max}."
talent_name;dahlia_infallible_procession;Непогрешимая процессия;Infallible Procession
talent_descr;dahlia_infallible_procession;Каждый раз, когда name{Далия} получает 1 уровень name{Бенедикции} name{взрыва стихии} skill{burst:Сияющий молебен}, он восстанавливает 2,5 name{ед. энергии}.;Each time name{Dahlia} gains 1 of his name{Elemental Burst} skill{burst:Radiant Psalter}'s name{Benison} stacks, he will regain 2.5 name{Elemental Energy}.
talent_name;dahlia_revelation_of_mercy;Откровение милосердия;Revelation of Mercy
talent_descr;dahlia_revelation_of_mercy;После того как name{Далия} расходует уровни name{Бенедикции} name{взрыва стихии} skill{burst:Сияющий молебен} и призывает name{Щит священной милости}, то name{прочность щита} персонажа под его защитой увеличивается на %{shield} на 12 сек.;After name{Dahlia} consumes his name{Elemental Burst} skill{burst:Radiant Psalter}'s name{Benison} stacks to summon a name{Shield of Sacred Favor}, the character protected by said Shield will gain %{shield} increased name{Shield Strength} for 12s.
talent_name;dahlia_windblume_offertory;Офферторий анемонии;Windblume Offertory
talent_name;dahlia_collect_of_the_assembly;Коллекта собрания;Collect of the Assembly
talent_descr;dahlia_collect_of_the_assembly;Длительность name{Милости Фавония} name{взрыва стихии} skill{burst:Сияющий молебен} увеличивается на 3 сек.;The name{Favonian Favor} from name{Dahlia}'s name{Elemental Burst} skill{burst:Radiant Psalter} lasts 3 more seconds.
talent_name;dahlia_let_it_be_subtly_so;Пусть изощрённо будет так;Let It Be Subtly So
talent_name;dahlia_you_shall_go_out_with_joy;Итак вы выйдете с веселием;You Shall Go Out With Joy
talent_descr;dahlia_you_shall_go_out_with_joy;Скорость атаки активного персонажа, находящегося под воздействием name{Милости Фавония} name{взрыва стихии} skill{burst:Сияющий молебен}, увеличивается на %{atk_speed}.<br>Кроме того, когда активный персонаж под воздействием name{Милости Фавония} оказывается повержен, то мгновенно:<br>· Этот персонаж воскресает.<br>· Его name{HP} восстанавливается до 100%.<br>Этот эффект может возникнуть раз в 15 минут.;The current active character affected by the name{Elemental Burst} skill{burst:Radiant Psalter}'s name{Favonian Favor} has their name{ATK SPD} increased by %{atk_speed}.<br>Additionally, when an active character affected by name{Favonian Favor} falls, immediately:<br>· Revive them.<br>· Restore their name{HP} to 100%.<br>This effect can trigger once every 15 minutes.
talent_name;dehya_unstinting_succor;Безмерная поддержка;Unstinting Succor
talent_descr;dehya_unstinting_succor;После того как name{Дэхья} посредством skill{skill:Сферы пламени Расплавленного пекла} или skill{burst:Клыков львицы} отзывает name{Огненное узилище}, получаемый name{Дэхьей} урон, если она принимает урон name{Крови алой гривы}, на 6 сек. снижается на 60%. Этот эффект может возникнуть один раз в 2 сек.<br>Кроме того, после активации skill{Непреклонного пламени Расплавленного пекла} name{Дэхья} наделяет всех персонажей отряда статусом Золотая форма на 9 сек. Сопротивление прерыванию персонажей со статусом Золотая форма в области name{Огненного узилища} увеличится. Этот статус может возникнуть один раз в 18 сек.;Within 6 seconds after name{Dehya} retrieves the name{Fiery Sanctum} field through skill{skill:Molten Inferno: Ranging Flame} or skill{burst:Leonine Bite}, she will take 60% less DMG when receiving DMG from name{Redmane's Blood}. This effect can be triggered once every 2s.<br>Additionally, within 9s after name{Dehya} unleashes skill{skill:Molten Inferno: Indomitable Flame}, she will grant all party members the name{Gold-Forged Form} state. This state will further increase a character's resistance to interruption when they are within the name{Fiery Sanctum} field. name{Gold-Forged Form} can be activated once every 18s.
talent_name;dehya_stalwart_and_true;Непоколебимая искренность;Stalwart and True
talent_descr;dehya_stalwart_and_true;Когда name{HP} name{Дэхьи} опускается ниже 40%, она восстанавливает value{20%} от name{макс. HP} и по value{6%} от name{макс. HP} каждые 2 сек. в течение следующих 10 сек. Этот эффект может возникнуть раз в 20 сек.;When her name{HP} is less than 40%, name{Dehya} will recover value{20%} of her name{Max HP} and will restore value{6%} of her name{Max HP} every 2s for the next 10s. This effect can be triggered once every 20s.
talent_name;dehya_the_flame_incandescent;Ослепительное пламя;The Flame Incandescent
talent_descr;dehya_the_flame_incandescent;Макс. name{HP} name{Дэхьи} увеличивается на %{hp_percent}. Также она наносит дополнительный урон, который зависит от её name{макс. HP}:<br>· Урон skill{skill:Расплавленного пекла} увеличивается на value{3,6%} от name{макс. HP}.<br>· Урон skill{burst:Клыков львицы} увеличивается на value{6%} от name{макс. HP}.;name{Dehya}'s name{Max HP} is increased by %{hp_percent}, and she deals bonus DMG based on her name{Max HP} when using the following attacks:<br>·skill{skill:Molten Inferno}'s DMG will be increased by %{skill_base_hp_percent} of her name{Max HP}.<br>·skill{burst:Leonine Bite}'s DMG will be increased by %{burst_base_hp_percent} of her name{Max HP}.
talent_name;dehya_the_sand_blades_glittering;Сверкающие клинки песков;The Sand-Blades Glittering
talent_descr;dehya_the_sand_blades_glittering;После активации skill{skill:Сферы пламени Расплавленного пекла} длительность повторно созданного name{Огненного узилища} повышается на 6 сек.<br>Кроме того, когда на поле боя существует name{Огненное узилище}, если активные персонажи в области его действия атакованы, урон следующей совместной атаки name{Огненного узилища} повышается на %{dmg_skill_dehya}.;When name{Dehya} uses skill{skill:Molten Inferno: Ranging Flame}, the duration of the recreated name{Fiery Sanctum} field will be increased by 6s.<br>Additionally, when a name{Fiery Sanctum} exists on the field, DMG dealt by its next coordinated attack will be increased by %{dmg_skill_dehya} when active character(s) within the name{Fiery Sanctum} field are attacked.
talent_name;dehya_a_rage_swift_as_fire;Пламенная ярость;A Rage Swift as Fire
talent_name;dehya_an_oath_abiding;Непреложная клятва;An Oath Abiding
talent_descr;dehya_an_oath_abiding;name{Кулаки Пламенной Гривы} и name{Сжигающий удар} skill{burst:Клыков львицы}, поражая противников, восстанавливают 1,5 name{ед. энергии} name{Дэхьи}, а также %{text_percent_heal} от её name{макс. HP}. Этот эффект может возникнуть раз в 0,2 сек.;When name{Flame-Mane's Fist} and name{Incineration Drive} attacks unleashed during skill{burst:Leonine Bite} hit opponents, they will restore 1.5 name{Energy} for name{Dehya} and %{text_percent_heal} of her name{Max HP}. This effect can be triggered once every 0.2s.
talent_name;dehya_the_alpha_unleashed;Необузданная львица;The Alpha Unleashed
talent_name;dehya_the_burning_claws_cleaving;Разрывающие огненные когти;The Burning Claws Cleaving
talent_descr;dehya_the_burning_claws_cleaving_1;name{Шанс крит. попадания} skill{burst:Клыков львицы} повышается на %{crit_rate_burst}.;The name{CRIT Rate} of skill{burst:Leonine Bite} is increased by %{crit_rate_burst}.
talent_descr;dehya_the_burning_claws_cleaving_2;Кроме того, если name{Кулаки Пламенной Гривы} наносят противнику критическое попадание во время действия одного и того же состояния name{Пылающей львицы}, до его окончания name{крит. урон} name{Клыков львицы} повысится на %{crit_dmg_burst}, а длительность состояния name{Пылающей львицы} увеличится на 0,5 сек. Эффект может возникнуть раз в 0,2 сек. Таким способом нельзя увеличить длительность больше чем на 2 сек. name{Крит. урон} увеличивается максимум на value{60%}.;Additionally, after a name{Flame-Mane's Fist} attack hits an opponent and deals CRIT Hits during a single name{Blazing Lioness} state, it will cause the name{CRIT DMG} of Leonine Bite to increase by %{crit_dmg_burst} for the rest of name{Blazing Lioness}'s duration and extend that duration by 0.5s. This effect can be triggered every 0.2s. The duration can be extended for a maximum of 2s and name{CRIT DMG} can be increased by a maximum of value{60%} this way.
talent_name;diluc_relentless;Беспощадность;Relentless
talent_descr;diluc_relentless;Уменьшает стоимость name{заряженной атаки} name{Дилюка} на %{stamina_consume_charged}, а длительность увеличена на 3 сек.;name{Diluc}'s name{Charged Attack} Stamina Cost is decreased by %{stamina_consume_charged}, and its duration is increased by 3s.
talent_name;diluc_blessing_of_phoenix;Благословение феникса;Blessing of Phoenix
talent_descr;diluc_blessing_of_phoenix;Увеличивает длительность инфузии pyro{Пиро} навыка skill{burst:Рассвет} на 4 сек. В течение действия этого эффекта name{Дилюк} также получает %{dmg_pyro} бонус pyro{Пиро урона}.;The pyro{Pyro} Infusion provided by skill{burst:Dawn} lasts for 4s longer. Additionally, name{Diluc} gains %{dmg_pyro} pyro{Pyro DMG Bonus} during the duration of this effect.
talent_name;diluc_conviction;Раскалённая месть;Conviction
talent_descr;diluc_conviction;Увеличивает урон name{Дилюка} против врагов с name{HP} выше 50% на %{dmg_all}.;name{Diluc} deals %{dmg_all} more DMG to opponents whose name{HP} is above 50%.
talent_name;diluc_searing_ember;Тлеющий уголёк;Searing Ember
talent_descr;diluc_searing_ember;Когда name{Дилюк} получает урон, его name{сила атаки} увеличивается на %{atk_percent}, а name{скорость атаки} - на %{atk_speed_normal}. Длится 10 сек.<br>Может складываться до 3 раз и возникнуть раз в 1,5 сек.;When name{Diluc} takes DMG, his name{ATK} increases by %{atk_percent} and his name{ATK SPD} increases by %{atk_speed_normal}. Lasts for 10s.<br>This effect can stack up to 3 times and can only occur once every 1.5s.
talent_name;diluc_fire_and_steel;Стальное пламя;Fire and Steel
talent_name;diluc_flowing_flame;Палящая комета;Flowing Flame
talent_descr;diluc_flowing_flame;Ритмичная активация навыка skill{skill:Огненный натиск} увеличивает наносимый им урон.<br>Активация навыка skill{skill:Огненный натиск} через 2 сек. после предыдущего удара увеличивает урон следующего удара на %{dmg_skill_diluc_bonus} в течение 2 сек.;Casting skill{skill:Searing Onslaught} in rhythm greatly increases damage dealt.<br>2s after casting skill{skill:Searing Onslaught}, casting the next name{Searing Onslaught} in the combo deals %{dmg_skill_diluc_bonus} additional DMG. This effect lasts for 2s.
talent_name;diluc_phoenix_harbinger_of_dawn;Феникс, предвестник зари;Phoenix, Harbinger of Dawn
talent_name;diluc_flaming_sword_nemesis_of_the_dark;Клинок, освещающий тьму;Flaming Sword, Nemesis of the Dark
talent_descr;diluc_flaming_sword_nemesis_of_the_dark;После активации навыка skill{skill:Огненный натиск} в течение 6 сек. увеличивает скорость и наносимый урон двух следующих name{обычных атак} на %{atk_speed_normal}.<br>Также навык name{Огненный натиск} больше не прерывает серию name{обычных атак}.;After casting skill{skill:Searing Onslaught}, the next 2 name{Normal Attacks} within the next 6s will have their DMG and name{ATK SPD} increased by %{atk_speed_normal}.<br>Additionally, name{Searing Onslaught} will not interrupt the name{Normal Attack} combo.
talent_name;diona_cats_tail_secret_menu;Секретное меню;Cat's Tail Secret Menu
talent_descr;diona_cats_tail_secret_menu;Щит навыка skill{skill:Морозные коготочки} увеличивает name{скорость передвижения} персонажа на %{move_speed} и уменьшает его потребление выносливости на %{stamina_consume}.;Characters shielded by skill{skill:Icy Paws} have their name{Movement SPD} increased by %{move_speed} and their Stamina Consumption decreased by %{stamina_consume}.
talent_name;diona_drunkards_farce;Пьяный балаган;Drunkards' Farce
talent_descr;diona_drunkards_farce;Уменьшает name{силу атаки} вошедших в зону действия навыка skill{burst:Авторский коктейль} врагов на %{text_percent_dmg} в течение 15 сек.;Opponents who enter the AoE of skill{burst:Signature Mix} have %{text_percent_dmg} decreased name{ATK} for 15s.
talent_name;diona_a_lingering_flavor;Затяжное послевкусие;A Lingering Flavor
talent_descr;diona_a_lingering_flavor;После окончания эффектов навыка skill{burst:Авторский коктейль} восстанавливает name{Дионе} 15 name{ед. энергии}.;Regenerates 15 name{Energy} for name{Diona} after the effects of skill{burst:Signature Mix} end.
talent_name;diona_shaken_not_purred;Взболтать, но не мурлыкать;Shaken, Not Purred
talent_descr;diona_shaken_not_purred;Увеличивает урон и поглощение щита навыка skill{skill:Морозные коготочки} на %{dmg_skill_diona}.<br>Также при попадании навык создаёт другим находящимся неподалёку персонажам на 5 сек. щит, поглощение урона которого составляет %{text_percent} от поглощения щита навыка skill{skill:Морозные коготочки}.;Increases skill{skill:Icy Paws}' DMG by %{dmg_skill_diona}, and increases its shield's name{DMG Absorption} by %{diona_shield}.<br>Additionally, when paws hit their targets, creates a shield for other nearby characters on the field with %{text_percent} of the skill{skill:Icy Paws} shield's name{DMG Absorption} for 5s.
talent_name;diona_aanother_round;Ещё стаканчик?;A—Another Round?
talent_name;diona_wine_industry_slayer;Конец винной индустрии;Wine Industry Slayer
talent_descr;diona_wine_industry_slayer;Нахождение в области навыка skill{burst:Авторский коктейль} уменьшает время зарядки выстрела name{Дионы} на %{text_percent}.;Within the radius of skill{burst:Signature Mix}, name{Diona}'s charge time for aimed shots is reduced by %{text_percent}
talent_name;diona_double_shot_on_the_rocks;Двойной шот со льдом;Double Shot, on the Rocks
talent_name;diona_cats_tail_closing_time;Мы закрываемся!;Cat's Tail Closing Time
talent_descr;diona_cats_tail_closing_time_1;Персонажи, находящиеся в области навыка skill{burst:Авторский коктейль}, получают следующие эффекты, зависящие от их name{HP}:  При name{HP} выше 50% увеличивает name{мастерство стихий} на %{mastery} ед.;Characters within skill{burst:Signature Mix}'s radius will gain the following effects based on their name{HP} amounts: name{Elemental Mastery} increased by %{mastery} when name{HP} is above 50%.
talent_descr;diona_cats_tail_closing_time_2; При name{HP} равном или ниже 50% увеличивает name{бонус получаемого лечения} на %{healing_recv}.;Increases name{Incoming Healing Bonus} by %{healing_recv} when name{HP} falls below or is equal to 50%.
talent_name;dori_an_eye_for_gold;Золото в песках;An Eye for Gold
talent_descr;dori_an_eye_for_gold;После того как персонаж, у которого установлена связь с skill{burst:джинном}, вызывает реакции electro{Заряжен}, electro{Лунный заряд}, cryo{Сверхпроводник}, pyro{Перегрузка}, dendro{Стимуляция}, electro{Обострение}, dendro{Вегетация}, electro{Электро Рассеивание} или electro{Электро Кристалл}, откат навыка skill{Лампа усмирения духов: Устраняющая проблемы пушка} уменьшается на 1 сек.<br>Эффект может возникнуть раз в 3 сек.;After a character connected to the skill{burst:Jinni} triggers an electro{Electro-Charged}, electro{Lunar-Charged}, cryo{Superconduct}, pyro{Overloaded}, dendro{Quicken}, electro{Aggravate}, dendro{Hyperbloom}, electro{Electro Swirl}, or electro{Electro Crystallize} reaction, the name{CD} of skill{skill:Spirit-Warding Lamp: Troubleshooter Cannon} is decreased by 1s.<br>This effect can be triggered once every 3s.
talent_name;dori_compound_interest;Сложные проценты;Compound Interest
talent_descr;dori_compound_interest;Попадания name{Устраняющих проблемы зарядов} и name{Снарядов гарантийного обслуживания} навыка skill{Лампа усмирения духов: Устраняющая проблемы пушка} восстанавливают value{5} name{ед. энергии} name{Дори} за каждые 100% от её значения name{восстановления энергии}.<br>Каждая активация навыка Лампа усмирения духов: Устраняющая проблемы пушка может восстановить энергию таким способом только один раз. Восстанавливает до value{15} name{ед. энергии}.;When the name{Troubleshooter Shots} or name{After-Sales Service Rounds} from skill{skill:Spirit-Warding Lamp: Troubleshooter Cannon} hit opponents, name{Dori} will restore value{5} name{Elemental Energy} for every 100% name{Energy Recharge} possessed.<br>Per name{Spirit-Warding Lamp: Troubleshooter Cannon}, only one instance of name{Energy} restoration can be triggered and a maximum of value{15} name{Energy} can be restored this way.
talent_name;dori_additional_investment;Дополнительные вложения;Additional Investment
talent_descr;dori_additional_investment;Увеличивает количество name{Снарядов гарантийного обслуживания}, создаваемых skill{skill:Устраняющими проблемы зарядами}, на 1.;The number of name{After-Sales Service Rounds} created by skill{skill:Troubleshooter Shots} is increased by 1.
talent_name;dori_special_franchise;Особая франшиза;Special Franchise
talent_descr;dori_special_franchise;В бою skill{джинн}, исцеляя связанного с ним персонажа, выстреливает с его позиции name{Зарядом джинна}, который наносит урон размером %{text_percent} от name{силы атаки} name{Дори}.;When you are in combat and the skill{burst:Jinni} heals the character it is connected to, it will fire a name{Jinni Toop} from that character's position that deals %{text_percent} of name{Dori}'s name{ATK} DMG.
talent_name;dori_wonders_never_cease;Непрекращающиеся чудеса;Wonders Never Cease
talent_name;dori_discretionary_supplement;Разумное распределение;Discretionary Supplement
talent_descr;dori_discretionary_supplement_1;Персонаж, у которого установлена связь с skill{burst:джинном}, в зависимости от текущего name{HP} и энергии может получить следующие усиления: <br>· Если осталось не более 50% name{HP}, name{бонус получаемого лечения} повышается на %{healing_recv}.;The character connected to the skill{burst:Jinni} will obtain the following buffs based on their current name{HP} and name{Energy}: <br>· When their name{HP} is lower than 50%, they gain %{healing_recv} name{Incoming Healing Bonus}.
talent_descr;dori_discretionary_supplement_2;Персонаж, у которого установлена связь с skill{burst:джинном}, в зависимости от текущего name{HP} и энергии может получить следующие усиления: <br>· Если осталось не более 50% энергии, name{восстановление энергии} увеличивается на %{recharge}.;The character connected to the skill{burst:Jinni} will obtain the following buffs based on their current name{HP} and name{Energy}: <br>· When their name{Energy} is less than 50%, they gain %{recharge} name{Energy Recharge}.
talent_name;dori_value_for_mora;Оправданные затраты;Value for Mora
talent_name;dori_sprinkling_weight;Расточая богатство;Sprinkling Weight
talent_descr;dori_sprinkling_weight;На 3 сек. после активации навыка skill{Лампа усмирения духов: Устраняющая проблемы пушка} name{Дори} получает следующие эффекты:<br>· Инфузия electro{Электро}.<br>· Попадания name{обычной атакой} восстанавливают всем персонажам отряда поблизости name{HP}, равное %{text_percent} от name{макс. HP} name{Дори}. Восстановить name{HP} этим способом можно не чаще, чем раз в 0,1 сек.;name{Dori} gains the following effects for 3s after using skill{skill:Spirit-Warding Lamp: Troubleshooter Cannon}:<br>·electro{Electro} Infusion.<br>·When name{Normal Attacks} hit opponents, all nearby party members will heal name{HP} equivalent to %{text_percent} of name{Dori}'s name{Max HP}. This type of healing can occur once every 0.1s.
talent_name;emilie_lingering_fragrance;Непреходящий аромат;Lingering Fragrance
talent_descr;emilie_lingering_fragrance;Собрав два skill{skill:Аромата}, name{Шкатулка Люмидус} второго уровня расходует их и выпускает name{Парфюм ясных рос}, который наносит врагам dendro{Дендро урон} по площади, равный %{text_percent_dmg} name{силы атаки} name{Эмилии}. Этот урон не считается уроном name{элементального навыка}.;Each time it collects 2 skill{skill:Scents}, the Level 2 name{Lumidouce Case} will consume name{Scents} and release name{Cleardew Cologne} that deals AoE dendro{Dendro DMG} equal to %{text_percent_dmg} of name{Emilie}'s name{ATK} to opponents. This DMG is not considered name{Elemental Skill DMG}.
talent_name;emilie_rectification;Ректификация;Rectification
talent_descr;emilie_rectification;name{Эмилия} пропорционально своей name{силе атаки} наносит противникам со статусом pyro{Горение} повышенный урон: урон повышается на %{text_percent_dmg} за каждые 1000 ед. name{силы атаки}. Максимальное увеличение урона, которое можно получить таким образом, составляет %{text_percent_max}.;name{Emilie} deals increased DMG to pyro{Burning} opponents based on her name{ATK}, with every 1,000 name{ATK} increasing DMG dealt by %{text_percent_dmg}. The maximum DMG bonus that can be gained this way is %{text_percent_max}.
talent_name;emilie_light_fragrance_leaching;Экстрагирование лёгкого аромата;Light Fragrance Leaching
talent_descr;emilie_light_fragrance_leaching;Повышает урон skill{skill:Извлечения ароматов} и name{Парфюма ясных рос} таланта возвышения name{Непреходящий аромат} на %{dmg_skill_emilie}. Для последнего требуется открыть талант возвышения name{Непреходящий аромат}.<br>Кроме того, когда персонажи отряда поблизости активируют на противнике pyro{Горение} или наносят противнику в состоянии pyro{Горения} dendro{Дендро урон}, будет дополнительно создан 1 skill{skill:Аромат}. Этот эффект может возникнуть один раз в 2,9 сек.;"Increases the DMG dealt by skill{skill:Fragrance Extraction} and her Ascension Talent's name{Cleardew Cologne} ""name{Lingering Fragrance}"" by %{dmg_skill_emilie}. The latter requires unlocking said Ascension Talent first.<br>Additionally, when nearby party members trigger the pyro{Burning} reaction on opponents or deal dendro{Dendro DMG} to pyro{Burning} opponents, they will generate an additional skill{skill:Scent}. This effect can be triggered once every 2.9s."
talent_name;emilie_lakelight_top_note;Высший тон озёрного света;Lakelight Top Note
talent_descr;emilie_lakelight_top_note;Когда skill{skill:Извлечение ароматов}, skill{burst:Толкование ароматов} или name{Парфюм ясных рос} таланта возвышения name{Непреходящий аромат} (для последнего требуется открыть соответствующий талант возвышения) поражают противников, их dendro{Дендро сопротивление} снижается на %{enemy_res_dendro} на 10 сек.;"When skill{skill:Fragrance Extraction}, skill{burst:Aromatic Explication}, or name{Cleardew Cologne} produced by the Ascension Talent ""name{Lingering Fragrance}"" (the last of which requires Ascension Talent activation) hits opponents, those opponents' dendro{Dendro RES} is decreased by %{enemy_res_dendro} for 10s."
talent_name;emilie_exquisite_essence;Благоуханная эссенция;Exquisite Essence
talent_name;emilie_lumidouce_heart_note;Нотка сердца Люмидус;Lumidouce Heart Note
talent_descr;emilie_lumidouce_heart_note;Увеличивает длительность skill{burst:Толкования ароматов} на 2 сек., а также сокращает интервал выбора противника в качестве цели name{Благоухающей росы} на 0,3 сек.;skill{burst:Aromatic Explication}'s duration is increased by 2s. The interval between opponents being selected as the target for Scented Dew is decreased by 0.3s.
talent_name;emilie_puredew_aroma;Аромат чистых рос;Puredew Aroma
talent_name;emilie_marcotte_sillage;Шлейф маркота;Marcotte Sillage
talent_descr;emilie_marcotte_sillage;Применяя skill{skill:Извлечение ароматов} или skill{burst:Толкование ароматов}, name{Эмилия} на 5 сек. получает name{Стойкое благоухание}.<br>Во время его действия после обычных и name{заряженных атак} name{Эмилии} создаётся 1 name{Аромат}, урон её обычных и name{заряженных атак} конвертируется в dendro{Дендро урон}, который не может быть отменён другими инфузиями, а наносимый урон увеличивается на %{text_percent_dmg} от её name{силы атаки}.<br><br>Эффект name{Стойкого благоухания} прекращается, когда он таким способом создаёт name{Аромат} 4 раза или когда заканчивается время его действия. name{Стойкое благоухание} может возникнуть один раз в 12 сек.;When using skill{skill:Fragrance Extraction} or skill{burst:Aromatic Explication}, name{Emilie} will gain name{Abiding Fragrance} for 5s.<br>While this is active, after name{Emilie} uses name{Normal} or name{Charged Attacks}, she will generate 1 name{Scent}, and her name{Normal} and name{Charged Attack DMG} will be converted into dendro{Dendro DMG} that cannot be overridden, and the DMG dealt will be increased by %{text_percent_dmg} of name{Emilie}'s name{ATK}.<br><br>The name{Abiding Fragrance} effect will be removed after 4 name{Scents} are created this way or after its duration expires. name{Abiding Fragrance} can be triggered once every 12s.
talent_name;escoffier_better_to_salivate_than_medicate;Добрая еда лучше лекарств;Better to Salivate Than Medicate
talent_descr;escoffier_better_to_salivate_than_medicate;После применения name{взрыва стихии} skill{burst:Приём нарезки} name{Эскофье} на 9 сек. получает эффект name{Восстановительной диеты}: раз в 1 сек. восстанавливает name{HP} активных персонажей поблизости в размере %{text_percent_dmg} от name{силы атаки} name{Эскофье}.;After using the name{Elemental Burst} skill{burst:Scoring Cuts}, name{Escoffier} will obtain the name{Rehab Diet} effect for 9s: Restores name{HP} for nearby active characters every 1s based on %{text_percent_dmg} of name{Escoffier}'s name{ATK}.
talent_name;escoffier_inspiration_immersed_seasoning;Вдохновение в пряностях;Inspiration-Immersed Seasoning
talent_descr;escoffier_inspiration_immersed_seasoning;Когда в отряде есть format{text_number=1|1}/format{text_number=2|2}/format{text_number=3|3}/format{text_number=4|4} hydro{Гидро} или cryo{Крио} персонажа, то name{элементальный навык} skill{skill:Готовка на малом огне} или взрыв стихии skill{burst:Приём нарезки} name{Эскофье}, поражая врага, снижают его hydro{Гидро} и cryo{Крио сопротивление} на format{text_number=1|5}/format{text_number=2|10}/format{text_number=3|15}/format{text_number=4|55}% на 12 сек.;When there are format{text_number=1|1}/format{text_number=2|2}/format{text_number=3|3}/format{text_number=4|4} hydro{Hydro} or cryo{Cryo} characters in the party, name{Escoffier} will decrease the hydro{Hydro RES} and cryo{Cryo RES} of any opponents hit by her name{Elemental Skill}, skill{skill:Low-Temperature Cooking}, or her name{Elemental Burst}, skill{burst:Scoring Cuts}, by format{text_number=1|5}/format{text_number=2|10}/format{text_number=3|15}/format{text_number=4|55}% for 12s.
talent_name;escoffier_pre_dinner_dance_for_your_taste_buds;Танец аппетитного предвкушения;Pre-Dinner Dance for Your Taste Buds
talent_descr;escoffier_pre_dinner_dance_for_your_taste_buds;Если в отряде 4 персонажа hydro{Гидро} или cryo{Крио}, то после того как name{Эскофье} использует name{элементальный навык} skill{skill:Готовка на малом огне} или взрыв стихии skill{burst:Приём нарезки}, name{крит. урон} cryo{Крио} атак всех членов отряда поблизости повышается на %{crit_dmg_cryo} на 15 сек.<br>Требуется разблокировать талант возвышения name{Вдохновение в пряностях}.;"When 4 party members are hydro{Hydro} or cryo{Cryo}, all nearby party members will have their cryo{Cryo DMG} name{CRIT DMG} increased by %{crit_dmg_cryo} for 15s after name{Escoffier} uses her name{Elemental Skill} skill{skill:Low-Temperature Cooking} or name{Elemental Burst} skill{burst:Scoring Cuts}.<br>You must first unlock the Ascension Talent ""name{Inspiration-Immersed Seasoning}."""
talent_name;escoffier_fresh_fragrant_stew_is_an_art;Ароматное жаркое это искусство;Fresh, Fragrant Stew Is an Art
talent_descr;escoffier_fresh_fragrant_stew_is_an_art;Когда name{Эскофье} активирует name{кулинарного мека} в skill{n11120001:режиме холодильника}, она на 15 сек. получает эффект name{Свежего яства}: на время его действия name{Эскофье} наделяется 5 уровнями name{Холодных закусок}. Когда активный персонаж поблизости, за исключением name{Эскофье}, в это время наносит врагам name{обычной атакой}, name{заряженной атакой}, name{атакой в падении}, name{элементальным навыком} или name{взрывом стихии} cryo{Крио урон}, расходуется 1 уровень name{Холодных закусок} и повышает наносимый урон на %{text_percent_dmg} от name{силы атаки} name{Эскофье}.<br>Если урон одной и той же cryo{Крио} атаки поражает нескольких противников одновременно, то уровни name{Холодных закусок} будут вычтены согласно количеству поражённых противников.;"When name{Escoffier} activates her name{Cooking Mek} in its skill{n11120001:Cold Storage Mode}, she will gain the ""name{Freshly-Prepped Delicacy}"" effect for 15s. During this time, name{Escoffier} will gain 5 name{Cold Dish} stacks. When nearby active characters apart from name{Escoffier} deal cryo{Cryo DMG} with a name{Normal}, name{Charged}, or name{Plunging Attack}, or an name{Elemental Skill} or name{Elemental Burst}, they will expend 1 name{Cold Dish} stack to increase their DMG dealt by %{text_percent_dmg} of name{Escoffier}'s name{ATK}.<br>If you hit multiple opponents with a single instance of cryo{Cryo DMG}, name{Cold Dish} stacks will be consumed based on the number of opponents hit."
talent_name;escoffier_the_bakery_magic_of_caramel_browning;Пекарское волшебство карамелизации;The Bakery Magic of Caramel Browning
talent_name;escoffier_secret_rosemary_recipe;Тайный розмариновый рецепт;Secret Rosemary Recipe
talent_descr;escoffier_secret_rosemary_recipe;Увеличивает длительность skill{Восстановительной диеты} на 6 сек. Во время её действия при активации лечения с помощью skill{Восстановительной диеты} есть шанс увеличить размер лечения на %{crit_dmg_escofier_heal} и восстановить 2 name{ед. энергии} name{Эскофье}. Этот шанс соответствует шансу крит. попадания name{Эскофье}. Во время действия одной и той же skill{Восстановительной диеты} этот эффект может активироваться до 7 раз.<br>Требуется разблокировать талант возвышения name{Добрая еда лучше лекарств}.;"skill{Rehab Diet} lasts 6 more seconds. While it is active, you have a chance of healing %{crit_dmg_escofier_heal} extra name{HP} and restoring 2 name{Energy} to name{Escoffier} when you trigger healing through skill{Rehab Diet}. This chance corresponds to name{Escoffier}'s name{CRIT Rate}. You can trigger this effect 7 times during any one skill{Rehab Diet}'s duration.<br>You must first unlock the Ascension Talent ""name{Better to Salivate Than Medicate}."""
talent_name;escoffier_symphony_of_a_thousand_sauces;Симфония тысячи соусов;Symphony of a Thousand Sauces
talent_name;escoffier_tea_parties_bursting_with_color;Красочные чаепития;Tea Parties Bursting With Color
talent_descr;escoffier_tea_parties_bursting_with_color;skill{n11120001:Кулинарный мек: Режим холодильника} получает усиление:<br>· Когда активный персонаж вашего отряда поражает врага name{обычной атакой}, name{заряженной атакой} или name{атакой в падении}, name{Кулинарный мек: Режим холодильника} дополнительно выпускает одно особое морозное парфе, которое наносит cryo{Крио урон} по площади, равный %{text_percent_dmg} от name{силы атаки} name{Эскофье}. Этот урон считается уроном name{элементального навыка}.<br>Этот эффект может возникнуть один раз в 0,5 сек. и активируется до 6 раз во время действия одного и того же name{Кулинарного мека: Режим холодильника}.;skill{n11120001:name{Cooking Mek}: Cold Storage Mode} is enhanced:<br>· When your party's active character's name{Normal}, name{Charged}, or name{Plunging Attacks} hit opponents, name{Cooking Mek: Cold Storage Mode} will fire off another name{Special-Grade Frosty Parfait}, dealing %{text_percent_dmg} of name{Escoffier}'s name{ATK} as AoE cryo{Cryo DMG}. This DMG is considered name{Elemental Skill DMG}.<br>This effect can be triggered once every 0.5s, and this effect can be triggered 6 times within the duration of one name{Cooking Mek: Cold Storage Mode}.
talent_name;eula_roiling_rime;Дрожащий иней;Roiling Rime
talent_descr;eula_roiling_rime;Если при долгом нажатии навыка skill{skill:Ледяной прибой} за раз тратится два уровня name{Холодного сердца}, то появляется сломанный name{Меч света}, который тут же взрывается и в виде физического урона наносит %{text_percent_dmg} от базового урона name{Меча света}, создаваемого skill{burst:Сумеречным мечом}.;If 2 stacks of name{Grimheart} are consumed upon unleashing the Holding Mode of skill{skill:Icetide Vortex}, a name{Shattered Lightfall Sword} will be created that will explode immediately, dealing %{text_percent_dmg} of the basic name{Physical DMG} dealt by a name{Lightfall Sword} created by skill{burst:Glacial Illumination}.
talent_name;eula_wellspring_of_war_lust;Прилив войны;Wellspring of War-Lust
talent_descr;eula_wellspring_of_war_lust;Использование skill{burst:Сумеречного меча} сбрасывает откат skill{skill:Ледяного прибоя} и даёт name{Эоле} один уровень name{Холодного сердца}.;When skill{burst:Glacial Illumination} is cast, the name{CD} of skill{skill:Icetide Vortex} is reset and name{Eula} gains 1 stack of name{Grimheart}.
talent_name;eula_tidal_illusion;Иллюзия прибоя;Tidal Illusion
talent_descr;eula_tidal_illusion;Когда name{Эола} тратит name{Холодное сердце} во время skill{skill:Ледяного прибоя} её name{бонус физического урона} увеличивается на %{dmg_phys} в течение 6 сек.<br>Каждое потраченное name{Холодное сердце} увеличивает длительность эффекта на 6 сек. Длительность не может превышать 18 сек.;Every time skill{skill:Icetide Vortex}'s name{Grimheart} stacks are consumed, name{Eula}'s name{Physical DMG} is increased by %{dmg_phys} for 6s.<br>Each stack consumed will increase the duration of this effect by 6s up to a maximum of 18s.
talent_name;eula_lady_of_seafoam;Дева морской пены;Lady of Seafoam
talent_descr;eula_lady_of_seafoam;Уменьшает время отката заряженного режима skill{skill:Ледяного прибоя}, делая его равным времени отката незаряженного варианта.;Decreases the name{CD} of skill{skill:Icetide Vortex}'s Holding Mode, rendering it identical to Press name{CD}.
talent_name;eula_lawrence_pedigree;Кровь Лоуренсов;Lawrence Pedigree
talent_name;eula_the_obstinacy_of_ones_inferiors;Упрямство толпы;The Obstinacy of One's Inferiors
talent_descr;eula_the_obstinacy_of_ones_inferiors;name{Меч света} наносит на %{dmg_burst_eula} больше урона против врагов с name{HP} ниже 50%.;name{Lightfall Swords} deal %{dmg_burst_eula} increased DMG against opponents with less than 50% name{HP}.
talent_name;eula_chivalric_quality;Рыцарская суть;Chivalric Quality
talent_name;eula_noble_obligation;Долг благородных;Noble Obligation
talent_descr;eula_noble_obligation;name{Меч света}, который создаёт талант skill{burst:Сумеречный меч}, сразу получает 5 name{единиц энергии}. Когда name{обычная атака}, name{элементальный навык} или name{взрыв стихии} даёт name{Мечу света} энергию, у него есть 50% шанс дополнительно получить ещё одну единицу энергии.;name{Lightfall Swords} created by skill{burst:Glacial Illumination} start with 5 stacks of energy. name{Normal Attacks}, name{Elemental Skills}, and name{Elemental Bursts} have a 50% chance to grant the name{Lightfall Sword} an additional stack of energy.
talent_name;faruzan_impetuous_flow;Стремительный поток;Impetuous Flow
talent_descr;faruzan_impetuous_flow;Когда name{Фарузан} пребывает в состоянии name{Проявления бури} навыка skill{skill:Царство ветров насамджнин}, время заряда прицельного выстрела уменьшается на 60%, а на врагов при попадании name{воронки Обвала под давлением} накладывается name{Бич коварных ветров} навыка skill{burst:Тайные тропы ветров}.;When name{Faruzan} is in the name{Manifest Gale} state created by skill{skill:Wind Realm of Nasamjnin}, the amount of time taken to charge a shot is decreased by 60%, and she can apply skill{burst:The Wind's Secret Ways}' name{Perfidious Wind's Bale} to opponents who are hit by the vortex created by name{Pressurized Collapse}.
talent_name;faruzan_lost_wisdom_of_the_seven_caverns;Утраченная мудрость семи пещер;Lost Wisdom of the Seven Caverns
talent_descr;faruzan_lost_wisdom_of_the_seven_caverns;Когда персонажи под воздействием name{Дара молитвенного ветра} навыка skill{burst:Тайные тропы ветров} наносят anemo{Анемо урон} name{обычными атаками}, name{заряженными атаками}, name{атаками в падении}, а также name{элементальными навыками} и name{взрывом стихии}, они получают name{Покровительство ураганов}: наносимый урон увеличивается на %{text_percent_dmg} от name{базовой атаки} name{Фарузан}. Этот эффект возникает не чаще одного раза в 0,8 сек. и после завершения name{Дара молитвенного ветра} или однократной активации эффект исчезает.;When characters affected by skill{burst:The Wind's Secret Ways}' name{Prayerful Wind's Benefit} deal anemo{Anemo DMG} using name{Normal}, name{Charged}, name{Plunging Attacks}, name{Elemental Skills}, or name{Elemental Bursts} to opponents, they will gain the name{Hurricane Guard} effect: This DMG will be increased based on %{text_percent_dmg} of name{Faruzan}'s name{Base ATK}. 1 instance of name{Hurricane Guard} can occur once every 0.8s. This name{DMG Bonus} will be cleared after name{Prayerful Wind's Benefit} expires or after the effect is triggered once.
talent_name;faruzan_truth_by_any_means;Истина любым путём;Truth by Any Means
talent_descr;faruzan_truth_by_any_means;Во время действия одного и того же name{Проявления бури} навыка skill{skill:Царство ветров насамджнин} name{Фарузан} полностью заряженными прицельными выстрелами может выпустить до 2 name{стрел урагана}.;name{Faruzan} can fire off a maximum of 2 name{Hurricane Arrows} using fully charged Aimed Shots while under the effect of a single name{Manifest Gale} created by skill{skill:Wind Realm of Nasamjnin}.
talent_name;faruzan_overzealous_intellect;Восторженный разум;Overzealous Intellect
talent_descr;faruzan_overzealous_intellect;name{Ослепительный многогранник} навыка skill{burst:Тайные тропы ветров} существует на 6 сек. дольше.;The duration of the name{Dazzling Polyhedron} created by skill{burst:The Wind's Secret Ways} is increased by 6s.
talent_name;faruzan_spirit_orchard_stroll;Прогулка по саду духов;Spirit-Orchard Stroll
talent_name;faruzan_divine_comprehension;Божественное постижение;Divine Comprehension
talent_descr;faruzan_divine_comprehension;В зависимости от количества поражённых противников воронка эффекта skill{skill:Обвал под давлением} восстанавливает энергию name{Фарузан}: попадание по одному противнику восстанавливает 2 name{ед. энергии}, а попадание по каждому последующему противнику - 0,5 name{ед. энергии}.<br>Одна воронка таким образом может восстановить до 4 name{ед. энергии} name{Фарузан}.;The vortex created by skill{skill:Pressurized Collapses} will restore name{Energy} to name{Faruzan} based on the number of opponents hit: If it hits 1 opponent, it will restore 2 name{Energy} for name{Faruzan}. Each additional opponent hit will restore 0.5 more name{Energy} for name{Faruzan}.<br>A maximum of 4 name{Energy} can be restored to her per vortex.
talent_name;faruzan_wonderland_of_rumination;Чудесный мир размышлений;Wonderland of Rumination
talent_name;faruzan_the_wondrous_path_of_truth;Дивный путь истины;The Wondrous Path of Truth
talent_descr;faruzan_the_wondrous_path_of_truth_1;Когда персонажи под воздействием name{Дара молитвенного ветра} навыка skill{burst:Тайные тропы ветров} наносят anemo{Анемо урон}, их name{крит. урон} повышается на %{crit_dmg_anemo}.;Characters affected by skill{burst:The Wind's Secret Ways}' name{Prayerful Wind's Benefit} have %{crit_dmg_anemo} increased name{CRIT DMG} when they deal anemo{Anemo DMG}.
talent_descr;faruzan_the_wondrous_path_of_truth_2;Если активный персонаж под воздействием name{Дара молитвенного ветра} наносит урон, на поражённого противника будет наложен name{Обвал под давлением}, этот эффект возникает не чаще одного раза в 3 сек. Его откат общий для всего отряда.;When the active character deals DMG while affected by name{Prayerful Wind's Benefit}, they will apply name{Pressurized Collapse} to the opponent damaged. This effect can be triggered once every 3s. This CD is shared between all party members.
talent_name;fischl_stellar_predator;Ворон, клюющий звёзды;Stellar Predator
talent_descr;fischl_stellar_predator;При попадании по name{Озу} полностью name{заряженной стрелой} name{Фишль}, он создаёт name{грозу}, наносящую electro{Электро урон} по площади, равный %{text_percent_dmg} от урона стрелы.;When name{Fischl} hits name{Oz} with a fully-charged name{Aimed Shot}, name{Oz} brings down name{Thundering Retribution}, dealing AoE electro{Electro DMG} equal to %{text_percent_dmg} of the arrow's DMG.
talent_name;fischl_undone_be_thy_sinful_hex;Да будет снято проклятье;Undone Be Thy Sinful Hex
talent_descr;fischl_undone_be_thy_sinful_hex;Если в присутствии name{Оза} во время атаки ваш персонаж вызывает какую-либо electro{Электро} реакцию, на противника нисходит name{божественная молния}, которая наносит electro{Электро урон}, равный %{text_percent_dmg} от name{силы атаки} name{Фишль}.;If your current active character triggers an electro{Electro}-related name{Elemental Reaction} when name{Oz} is on the field, the opponent shall be stricken with name{Thundering Retribution} that deals electro{Electro DMG} equal to %{text_percent_dmg} of name{Fischl}'s name{ATK}.
talent_name;fischl_gaze_of_the_deep;Глаза ворона;Gaze of the Deep
talent_descr;fischl_gaze_of_the_deep;Будучи вне битвы, name{Оз} продолжает присматривать за name{Фишль}. Когда name{Фишль} атакует врага, name{Оз} проводит совместную с ней атаку, нанося %{text_percent_dmg} урона от name{силы атаки} name{Фишль}.;Even when name{Oz} is not present in combat, he can still watch over name{Fischl} through his raven eyes. When name{Fischl} performs a name{Normal Attack} against an opponent, name{Oz} fires a coordinated attack, dealing DMG equal to %{text_percent_dmg} of name{Fischl}'s name{ATK}.
talent_name;fischl_devourer_of_all_sins;Перо осуждения;Devourer of All Sins
talent_descr;fischl_devourer_of_all_sins;Активация навыка skill{skill:Тень расправленных крыльев} наносит %{text_percent_dmg} урона, а его зона поражения увеличивается на 50%.;When skill{skill:Nightrider} is used, it deals an additional %{text_percent_dmg} name{ATK} as DMG, and its AoE is increased by 50%.
talent_name;fischl_wings_of_nightmare;Крылья цвета бездны;Wings of Nightmare
talent_name;fischl_her_pilgrimage_of_bleak;Принцесса иллюзий;Her Pilgrimage of Bleak
talent_descr;fischl_her_pilgrimage_of_bleak;При активации навыка skill{burst:Ночная иллюзия} наносит %{text_percent_dmg} атаки в виде electro{Электро урона} окружающим врагам.<br>По окончании навыка name{Фишль} восстанавливает %{text_percent_hp} name{HP}.;When skill{burst:Midnight Phantasmagoria} is used, it deals %{text_percent_dmg} of name{ATK} as electro{Electro DMG} to surrounding opponents.<br>When the skill duration ends, name{Fischl} regenerates %{text_percent_hp} of her name{HP}.
talent_name;fischl_against_the_fleeing_light;Полуночный апокалипсис;Against the Fleeing Light
talent_name;fischl_evernight_raven;Птица вечной ночи;Evernight Raven
talent_descr;fischl_evernight_raven;Увеличивает длительность пребывания name{Оза} на поле боя на 2 сек. name{Оз} атакует вместе с вашим активным персонажем, нанося electro{Электро урон}, равный %{text_percent_dmg} от name{силы атаки} name{Фишль}.;Extends the duration of name{Oz}'s presence on the field by 2s. Additionally, name{Oz} performs coordinated attacks with your active character when present, dealing %{text_percent_dmg} of name{Fischl}'s name{ATK} as electro{Electro DMG}.
talent_name;freminet_saturation_deep_dive;Насыщенное глубоководное погружение;Saturation Deep Dive
talent_descr;freminet_saturation_deep_dive;Если при использовании навыка skill{skill:Давление дрейфующего льда: Дробящее давление} у name{Таймера Пера} менее 4 name{уровней давления}, откат name{Давления дрейфующего льда} уменьшается на 1 сек.;When name{Freminet} unleashes skill{skill:name{Pressurized Floe}: Shattering Pressure}, if name{Pers Timer} has yet to reach name{Pressure} Level 4, the name{CD} of name{Pressurized Floe} will be decreased by 1s.
talent_name;freminet_parallel_condensers;Параллельные конденсаторы;Parallel Condensers
talent_descr;freminet_parallel_condensers;Когда name{Фремине} активирует на противнике реакцию name{Разбит}, урон навыка skill{skill:Давление дрейфующего льда: Дробящее давление} увеличивается на %{dmg_skill_freminet} на 5 сек.;When name{Freminet} triggers name{Shatter} against opponents, the DMG dealt by skill{skill:name{Pressurized Floe}: Shattering Pressure} will be increased by %{dmg_skill_freminet} for 5s.
talent_name;freminet_dreams_of_the_foamy_deep;Сны пены и глубин;Dreams of the Foamy Deep
talent_descr;freminet_dreams_of_the_foamy_deep;Увеличивает name{шанс крит. попадания} навыка skill{skill:Давление дрейфующего льда: Дробящее давление} на %{crit_rate_freminet}.;The name{CRIT Rate} of skill{skill:name{Pressurized Floe}: Shattering Pressure} will be increased by %{crit_rate_freminet}.
talent_name;freminet_penguins_and_the_land_of_plenty;Пингвины и царство изобилия;Penguins and the Land of Plenty
talent_descr;freminet_penguins_and_the_land_of_plenty;Активация навыка skill{skill:Давление дрейфующего льда: Дробящее давление} восстанавливает name{Фремине} 2 name{ед. энергии}. Если name{Дробящее давление} использовано на 4 name{уровне давления}, восстанавливается 3 name{ед. энергии}.;Unleashing skill{skill:name{Pressurized Floe}: Shattering Pressure} will restore 2 name{Energy} to name{Freminet}. If a name{Pressure} Level 4 Shattering name{Pressure} is unleashed, this will restore 3 name{Energy}.
talent_name;freminet_song_of_the_eddies_and_bleached_sands;Песнь водоворотов и песка;Song of the Eddies and Bleached Sands
talent_name;freminet_dance_of_the_snowy_moon_and_flute;Танец луны и свирели;Dance of the Snowy Moon and Flute
talent_descr;freminet_dance_of_the_snowy_moon_and_flute;После того как name{Фремине} активирует реакции cryo{Заморозка}, name{Разбит} или cryo{Сверхпроводник} на врагах, его name{сила атаки} увеличится на %{atk_percent} на 6 сек. Эффект складывается до 2 раз и может возникнуть один раз в 0,3 сек.;After name{Freminet} triggers cryo{Frozen}, name{Shatter}, or cryo{Superconduct} against opponents, his name{ATK} will be increased by %{atk_percent} for 6s. Max 2 stacks. This can be triggered once every 0.3s.
talent_name;freminet_nights_of_hearth_and_happiness;Ночи очага и веселья;Nights of Hearth and Happiness
talent_name;freminet_moment_of_waking_and_resolve;Мгновения грёз и решительности;Moment of Waking and Resolve
talent_descr;freminet_moment_of_waking_and_resolve;После того как name{Фремине} активирует реакции cryo{Заморозка}, name{Разбит} или cryo{Сверхпроводник} на врагах, его name{крит. урон} увеличится на %{crit_dmg} на 6 сек. Эффект складывается до 3 раз и может возникнуть один раз в 0,3 сек.;After name{Freminet} triggers cryo{Frozen}, name{Shatter}, or cryo{Superconduct} against opponents, his name{CRIT DMG} will be increased by %{crit_dmg} for 6s. Max 3 stacks. This can be triggered once every 0.3s.
talent_name;furina_endless_waltz;Бесконечный вальс;Endless Waltz
talent_descr;furina_endless_waltz;Когда активный персонаж в отряде получает лечение с избытком и его источник не сама name{Фурина}, name{Фурина} в течение 4 сек. каждые 2 сек. восстанавливает name{HP} членам отряда поблизости в количестве %{text_percent_heal} от name{макс. HP} каждого из них.;When the active character in your party receives healing, if the source of the healing is not name{Furina} herself and the healing overflows, then name{Furina} will heal nearby party members for %{text_percent_heal} of their name{Max HP} once every 2s for the next 4s.
talent_name;furina_unheard_confession;Неуслышанное признание;Unheard Confession
talent_descr;furina_unheard_confession;Каждые 1000 ед. name{макс. HP} усиливают skill{skill:Салон одиноких сердец} name{Фурины} другого архэ следующим образом:<br>Урон, наносимый участниками салона, увеличивается на %{text_percent_dmg}, макс. %{text_percent_dmg_max}.<br>Интервал, с которым name{Певец Потоков} лечит активного персонажа поблизости понижается на %{text_percent_heal}. Интервал этим способом можно понизить макс. на %{text_percent_heal_max}.;Every 1,000 points of name{Furina}'s name{Max HP} can buff the different Arkhe-aligned skill{skill:Salon Solitaire} in the following ways:<br>Will increase Salon Members' DMG dealt by %{text_percent_dmg}, up to a maximum of %{text_percent_dmg_max}.<br>Will decrease the name{Singer of Many Waters}' healing interval for nearby active characters by %{text_percent_heal}, up to a maximum of %{text_percent_heal_max}.
talent_name;furina_love_is_a_rebellious_bird_that_none_can_tame;«У любви, как у пташки, крылья, её нельзя никак поймать»;"""Love Is a Rebellious Bird That None Can Tame"""
talent_descr;furina_love_is_a_rebellious_bird_that_none_can_tame;При использовании skill{burst:Да возрадуются люди} name{Фурина} получает %{text_value} ед. name{фанфар}.<br>Также лимит name{фанфар} name{Фурины} увеличивается на %{text_value_max} ед.;When using skill{burst:Let the People Rejoice}, name{Furina} will gain %{text_value} name{Fanfare}.<br>Additionally, name{Furina}'s name{Fanfare} limit is increased by %{text_value_max}.
talent_name;furina_a_woman_adapts_like_duckweed_in_water;«Сердце красавиц склонно к измене»;"""A Woman Adapts Like Duckweed in Water"""
talent_descr;furina_a_woman_adapts_like_duckweed_in_water;Пока действует навык skill{burst:Да возрадуются люди}, прирост name{фанфар} name{Фурины} от увеличения или уменьшения name{HP} персонажей поблизости увеличивается на 250%. Каждая ед. name{фанфар} сверх лимита увеличивает name{макс. HP} name{Фурины} на %{text_percent|0|2}. Предельное увеличение name{макс. HP} таким способом составляет %{text_percent_max}.;While skill{burst:Let the People Rejoice} lasts, name{Furina}'s name{Fanfare} gain from increases or decreases in nearby characters' name{HP} is increased by 250%. Each point of name{Fanfare} above the limit will increase name{Furina}'s name{Max HP} by %{text_percent|0|2}. Her maximum name{Max HP} increase is %{text_percent_max}.
talent_name;furina_my_secret_is_hidden_within_me_no_one_will_know_my_name;«Но секрет мой скрыт во мне, никто не узнает моё имя!»;"""My Secret Is Hidden Within Me, No One Will Know My Name"""
talent_name;furina_they_know_not_life_who_dwelt_in_the_netherworld_not;«Не знает жизни тот, кто не был в царстве смерти!»;"""They Know Not Life, Who Dwelt in the Netherworld Not!"""
talent_descr;furina_they_know_not_life_who_dwelt_in_the_netherworld_not;Когда участники салона из skill{skill:Салона одиноких сердец} попадают по противнику или name{Певец Потоков} восстанавливает name{HP} активному персонажу, name{Фурина} восстанавливает 4 name{ед. энергии}. Этот эффект может возникнуть один раз в 5 сек.;When the Salon Members from skill{skill:Salon Solitaire} hit an opponent, or the name{Singer of Many Waters} restores name{HP} to nearby active characters, name{Furina} will restore 4 name{Energy}. This effect can be triggered once every 5s.
talent_name;furina_his_name_i_now_know_it_is;«Я знаю имя чужестранца! Это имя...»;"""His Name I Now Know, It Is...!"""
talent_name;furina_hear_me_let_us_raise_the_chalice_of_love;«Высоко поднимем все кубок веселья!»;"""Hear Me — Let Us Raise the Chalice of Love!"""
talent_descr;furina_hear_me_let_us_raise_the_chalice_of_love;После использования skill{skill:Салона одиноких сердец}, name{Фурина} получает name{Центр внимания} на 10 сек.<br>Во время его действия урон name{обычных атак}, name{заряженных атак} и name{атак в падении} name{Фурины} конвертируется в hydro{Гидро урон}. Этот эффект не может быть отменён какой-либо элементальной инфузией. Кроме того, наносимый урон повышается на значение, равное %{text_percent_dmg_1} от name{макс. HP} name{Фурины}.<br>Во время действия name{обычные атаки} (кроме атаки «Архэ: Священные и мирские места»), name{заряженные атаки} и удары о землю name{атак в падении} при попадании по противнику до 1 раза в 0,1 сек. активируют разные эффекты в зависимости от текущего вида архэ name{Фурины}:<br><br>name{Архэ: Усия}<br>Каждую сек. все окружающие члены отряда восстанавливают name{HP}, равное %{text_percent_heal} от name{макс. HP} name{Фурины}. Действует 2,9 сек. При повторной активации эффекта время действия продлевается.<br>name{Архэ: Пневма}<br>Урон последующей name{обычной атаки} (кроме атаки Архэ: Священные и мирские места), name{заряженной атаки} или удара о землю name{атаки в падении} дополнительно увеличивается на %{text_percent_dmg_2} от name{макс. HP} name{Фурины}. Если вышеперечисленные атаки попадают по противнику, все окружающие члены отряда теряют 1% от своего текущего name{HP}.<br><br>Во время действия каждого name{Центра внимания} эти эффекты могут активироваться до 6 раз. name{Центр внимания} прекращается, когда его эффекты активируются 6 раз или когда заканчивается время действия.;"When using skill{skill:Salon Solitaire}, name{Furina} gains ""name{Center of Attention}"" for 10s.<br>Throughout the duration, name{Furina}'s name{Normal Attacks}, name{Charged Attacks}, and name{Plunging Attacks} are converted into hydro{Hydro DMG} which cannot be overridden by any other elemental infusion. DMG is also increased by an amount equivalent to %{text_percent_dmg_1} of name{Furina}'s max name{HP}.<br>Throughout the duration, name{Furina}'s name{Normal Attacks} (not including Arkhe: Seats Sacred and Secular Attacks), name{Charged Attacks}, and the impact of name{Plunging Attacks} will cause different effects up to every 0.1s after hitting opponents depending on her current Arkhe alignment:<br><br>name{Arkhe: Ousia}<br>Every 1s, all nearby characters in the party will be healed by %{text_percent_heal} of name{Furina}'s max name{HP}, for a duration of 2.9s. Triggering this effect again will extend its duration.<br>name{Arkhe: Pneuma}<br>This name{Normal Attack} (not including Arkhe: Seats Sacred and Secular Attacks), name{Charged Attack}, or name{Plunging Attack} ground impact DMG will be further increased by an amount equivalent to %{text_percent_dmg_2} of name{Furina}'s max name{HP}. When any of the attacks mentioned previously hit an opponent, all nearby characters in the party will consume 1% of their current name{HP}.<br><br>During the duration of each instance of ""name{Center of Attention},"" the above effects can be triggered up to 6 times. ""name{Center of Attention}"" will end when its effects have triggered 6 times or when the duration expires."
talent_name;gaming_dance_of_amity;Танец мира;Dance of Amity
talent_descr;gaming_dance_of_amity;После попадания name{атаки в падении: Ступающий по облакам} навыка skill{skill:Восхождение благовещего зверя} по противнику name{Ка Мин} раз в 0,2 сек. восстанавливает name{HP} пропорционально %{text_percent_heal} name{макс. HP} name{Ка Мина}. Эффект длится 0,8 сек.;After skill{skill:Bestial Ascent}'s name{Plunging Attack: Charmed Cloudstrider} hits an opponent, name{Gaming} will regain %{text_percent_heal} of his name{Max HP} once every 0.2s for 0.8s.
talent_name;gaming_air_of_prosperity;Дух благоденствия;Air of Prosperity
talent_descr;gaming_air_of_prosperity_1;Когда name{HP} name{Ка Мина} опускается ниже 50%, он получает %{healing_recv} name{бонус получаемого лечения}.;When name{Gaming} has less than 50% name{HP}, he will receive a %{healing_recv} name{Incoming Healing Bonus}.
talent_descr;gaming_air_of_prosperity_2;Если name{HP} name{Ка Мина} равно или выше 50%, урон name{атаки в падении: Ступающий по облакам} увеличивается на %{dmg_skill_gaming}.;When name{Gaming} has 50% name{HP} or more, name{Plunging Attack: Charmed Cloudstrider} will deal %{dmg_skill_gaming} more DMG.
talent_name;gaming_bringer_of_blessing;Несущий благословение;Bringer of Blessing
talent_descr;gaming_bringer_of_blessing;name{Ман Чай} skill{burst:Золотого танца суаньни}, воссоединяясь с name{Ка Мином}, восстанавливает ему %{text_percent_heal} name{HP}.;When the name{Suanni Man Chai} from skill{burst:Suanni's Gilded Dance} meets back up with name{Gaming}, it will heal %{text_percent_heal} of name{Gaming}'s name{HP}.
talent_name;gaming_plum_blossoms_underfoot;Цветы сливы под ногами;Plum Blossoms Underfoot
talent_descr;gaming_plum_blossoms_underfoot;Когда name{Ка Мин} получает лечение с избытком, его name{сила атаки} повышается на %{atk_percent} на 5 сек.;When name{Gaming} receives healing and this instance of healing overflows, his name{ATK} will be increased by %{atk_percent} for 5s.
talent_name;gaming_awakening_spirit;Пробуждающийся дух;Awakening Spirit
talent_name;gaming_soar_across_mountains;Паря над облаками;Soar Across Mountains
talent_descr;gaming_soar_across_mountains;Попадания name{атаки в падении: Ступающий по облакам} навыка skill{skill:Восхождение благовещего зверя} по противнику восстанавливают name{Ка Мину} 2 name{ед. энергии}. Этот эффект может возникнуть один раз в 0,2 сек.;When skill{skill:Bestial Ascent}'s name{Plunging Attack: Charmed Cloudstrider} hits an opponent, it will restore 2 name{Energy} to name{Gaming}. This effect can be triggered once every 0.2s.
talent_name;gaming_evil_daunting_roar;Устрашающий зло рёв;Evil-Daunting Roar
talent_name;gaming_to_tame_all_beasts;Приручить всех зверей;To Tame All Beasts
talent_descr;gaming_to_tame_all_beasts;Повышает name{шанс крит. попадания} name{атаки в падении: Ступающий по облакам} навыка skill{skill:Восхождение благовещего зверя} на %{crit_rate_gaming}, name{крит. урон} - на %{crit_dmg_gaming}, а также увеличивает радиус атаки.;skill{skill:Bestial Ascent}'s name{Plunging Attack: Charmed Cloudstrider} name{CRIT Rate} increased by %{crit_rate_gaming} and name{CRIT DMG} increased by %{crit_dmg_gaming}, and its attack radius will be increased.
talent_name;ganyu_undivided_heart;Неразделённое сердце;Undivided Heart
talent_descr;ganyu_undivided_heart;В течение 5 сек. после выстрела name{стрелы-снежинки} увеличивает name{шанс крит. попадания} name{стрел-снежинок} и вызванного ими name{цветения} на %{crit_rate_ganyu}.;After firing a name{Frostflake Arrow}, the name{CRIT Rate} of subsequent name{Frostflake Arrows} and their resulting bloom effects is increased by %{crit_rate_ganyu} for 5s.
talent_name;ganyu_harmony_between_heaven_and_earth;Гармония Земли и Небес;Harmony Between Heaven and Earth
talent_descr;ganyu_harmony_between_heaven_and_earth;Активные члены отряда, находящиеся в области навыка skill{burst:Небесный дождь}, получают %{dmg_cryo} бонус cryo{Крио урона}.;skill{burst:Celestial Shower} grants a %{dmg_cryo} cryo{Cryo DMG Bonus} to active party members in the AoE.
talent_name;ganyu_dew_drinker;Жажда росы;Dew-Drinker
talent_descr;ganyu_dew_drinker;"Попадание name{стрелой-снежинкой} с уровнем заряда 2 или её name{цветением} понижает cryo{Крио сопротивление} противников на %{enemy_res_cryo} в течение 6 сек.;<br>Также попадание восстанавливает 2 name{ед. энергии} name{Гань Юй}. Каждое попадание name{заряженной атакой} с уровнем заряда 2 может восстановить энергию только один раз, вне зависимости от того, было ли это попадание name{стрелой-снежинкой} или её name{цветением}.";Charge Level 2 name{Frostflake Arrows} or name{Frostflake Arrow Blooms} decrease opponents' cryo{Cryo RES} by %{enemy_res_cryo} for 6s upon hit.<br>A hit also regenerates 2 name{Energy} for name{Ganyu}. This effect can only occur once per Charge Level 2 name{Frostflake Arrow}, regardless if name{Frostflake Arrow} itself or its dendro{Bloom} hits the target.
talent_name;ganyu_the_auspicious;Благополучие;The Auspicious
talent_descr;ganyu_the_auspicious;Увеличивает количество зарядов навыка skill{skill:След цилиня} на 1.;skill{skill:Trail of the Qilin} gains 1 additional charge.
talent_name;ganyu_cloud_strider;Облачные странствия;Cloud-Strider
talent_name;ganyu_westward_sojourn;Поход на Запад;Westward Sojourn
talent_descr;ganyu_westward_sojourn;Увеличивает урон, получаемый врагами, находящимися в области навыка skill{burst:Небесный дождь}. Этот эффект усиливается со временем.<br>Увеличение урона начинается с %{dmg_all} и увеличивается на %{dmg_all} каждые 3 сек., до макс. value{25%}.<br>Эффект продолжается ещё 3 сек. после того, как враг покидает зону действия навыка.;Opponents standing within the AoE of skill{burst:Celestial Shower} take increased DMG. This effect strengthens over time.<br>Increased DMG taken begins at %{dmg_all} and increases by %{dmg_all} every 3s, up to a maximum of value{25%}.<br>The effect lingers for 3s after the opponent leaves the AoE.
talent_name;ganyu_the_merciful;Милосердие;The Merciful
talent_name;ganyu_the_clement;Сострадание;The Clement
talent_descr;ganyu_the_clement;Следующая name{стрела-снежинка} в течение 30 сек. после активации навыка skill{skill:След цилиня} не нуждается в зарядке.;Using skill{skill:Trail of the Qilin} causes the next name{Frostflake Arrow} shot within 30s to not require charging.
talent_name;gorou_heedless_of_the_wind_and_weather;Бросая вызов стихии;Heedless of the Wind and Weather
talent_descr;gorou_heedless_of_the_wind_and_weather;В течение 12 сек. после запуска навыка skill{burst:Дзюга: Вперёд к победе} name{защита} всех членов отряда поблизости увеличивается на %{def_percent}.;After using skill{burst:Juuga: Forward Unto Victory}, all nearby party members' name{DEF} is increased by %{def_percent} for 12s.
talent_name;gorou_a_favor_repaid;Ответная услуга;A Favor Repaid
talent_descr;gorou_a_favor_repaid;Урон атак name{Горо} увеличивается пропорционально его защите:<br>· Урон навыка skill{skill:Всесторонняя name{защита} Инудзаки} повышается на %{text_percent_1} name{защиты}.<br>· Урон навыка skill{burst:Дзюга: Вперёд к победе} и кристального обвала увеличивается на %{text_percent_2} name{защиты}.;name{Gorou} receives the following DMG Bonuses to his attacks based on his name{DEF}:<br>· skill{skill:Inuzaka All-Round Defense}: Skill DMG increased by %{text_percent_1} of name{DEF}<br>· skill{burst:Juuga: Forward Unto Victory}: Skill DMG and name{Crystal Collapse} DMG increased by %{text_percent_2} of name{DEF}
talent_name;gorou_swift_as_the_wind;Бег собаки: Скорость ветра;Rushing Hound: Swift as the Wind
talent_descr;gorou_swift_as_the_wind;Когда активный персонаж (не name{Горо}), находясь под действием созданного самим name{Горо} skill{skill:Боевого штандарта генерала} или области skill{burst:Влияния генерала}, наносит geo{Гео урон} врагу, время отката skill{skill:Всесторонней name{защиты} Инудзаки} name{Горо} снижается на 2 сек.<br>Эффект возникает раз в 10 сек.;When characters (other than name{Gorou}) within the AoE of name{Gorou}'s skill{skill:General's War Banner} or skill{burst:General's Glory} deal geo{Geo DMG} to opponents, the CD of name{Gorou}'s skill{skill:Inuzaka All-Round Defense} is decreased by 2s.<br>This effect can occur once every 10s.
talent_name;gorou_steady_as_a_clock;Ожидание собаки: Точность часов;Sitting Hound: Steady as a Clock
talent_descr;gorou_steady_as_a_clock;Если активный персонаж поблизости во время действия skill{burst:Влияния генерала} получает созданный реакцией geo{Кристалл} name{элементальный осколок}, то длительность name{Влияния генерала} name{Горо} увеличивается на 1 сек.<br>Эффект может возникнуть раз в 0,1 сек. Нельзя увеличить длительность больше чем на 3 сек.;While skill{burst:General's Glory} is in effect, its duration is extended by 1s when a nearby active character obtains an name{Elemental Shard} from a geo{Crystallize} reaction. <br>This effect can occur once every 0.1s. Max extension is 3s.
talent_name;gorou_fierce_as_fire;Укус собаки: Ярость огня;Mauling Hound: Fierce as Fire
talent_name;gorou_warm_as_water;Забота собаки: Нежность воды;Lapping Hound: Warm as Water
talent_descr;gorou_warm_as_water;У активного персонажа в области skill{burst:Влияния генерала} при наличии эффектов name{Крепость} или name{Ярость} каждые 1,5 сек. восстанавливается name{HP} в размере %{text_percent} name{защиты} самого name{Горо}.;"When skill{burst:General's Glory} is in the ""name{Impregnable}"" or ""name{Crunch}"" states, it will also heal active characters within its AoE by %{text_percent} of name{Gorou}'s own name{DEF} every 1.5s."
talent_name;gorou_thunderous_force;Удар собаки: Сила грома;Striking Hound: Thunderous Force
talent_name;gorou_mountainous_fealty;Доблесть собаки: Надёжность гор;Valiant Hound: Mountainous Fealty
talent_descr;gorou_mountainous_fealty;"В течение 12 сек. после запуска skill{skill:Всесторонней name{защиты} Инудзаки} или skill{burst:Дзюга: Вперёд к победе} у всех членов отряда поблизости увеличивается крит. geo{Гео урон} в соответствии с уровнем области:<br>· name{Стойкость} - на value{10%};<br>· name{Крепость} - на value{20%};<br>· name{Ярость} - на value{40%}.<br><br>Эффект не складывается, действует последний сработавший эффект.";"For 12s after using skill{skill:Inuzaka All-Round Defense} or skill{burst:Juuga: Forward Unto Victory}, increases the name{CRIT DMG} of all nearby party members' geo{Geo DMG} based on the buff level of the skill's field at the time of use:<br>· ""name{Standing Firm}"": +value{10%}<br>· ""name{Impregnable}"": +value{20%}<br>· ""name{Crunch}"": +value{40%}<br><br>This effect cannot stack and will take reference from the last instance of the effect that is triggered."
talent_name;hu_tao_flutter_by;Порхай как бабочка;Flutter By
talent_descr;hu_tao_flutter_by;После окончания состояния skill{skill:Танец бабочки} навыка skill{skill:Путеводитель по загробной жизни} name{шанс крит. попадания} всех членов отряда (кроме самой name{Ху Тао}) увеличивается на %{text_percent} в течение 8 сек.;When a skill{skill:Paramita Papilio} state activated by skill{skill:Guide to Afterlife} ends, all allies in the party (excluding name{Hu Tao} herself) will have their name{CRIT Rate} increased by %{text_percent} for 8s.
talent_name;hu_tao_sanguine_rouge;Кровавая сангина;Sanguine Rouge
talent_descr;hu_tao_sanguine_rouge;Даёт name{Ху Тао} %{dmg_pyro} бонус pyro{Пиро урона}, когда её name{HP} меньше или равно 50%.;When name{Hu Tao}'s name{HP} is equal to or less than 50%, her pyro{Pyro DMG Bonus} is increased by %{dmg_pyro}.
talent_name;hu_tao_crimson_bouquet;Алый букет;Crimson Bouquet
talent_descr;hu_tao_crimson_bouquet;Заряженные атаки name{Ху Тао} перестают потреблять выносливость в состоянии skill{skill:Танец бабочки} навыка skill{skill:Путеводитель по загробной жизни}.;While in a skill{skill:Paramita Papilio} state activated by skill{skill:Guide to Afterlife}, name{Hu Tao}'s name{Charged Attacks} do not consume Stamina.
talent_name;hu_tao_ominous_rainfall;Зловещий дождь;Ominous Rainfall
talent_descr;hu_tao_ominous_rainfall;Увеличивает урон skill{skill:Кровавого цветка} на %{text_percent} от name{макс. HP} name{Ху Тао} на момент наложения эффекта.<br>Навык skill{burst:Упокоение духов} также накладывает эффект skill{skill:Кровавого цветка}.;Increases the skill{skill:Blood Blossom} DMG by an amount equal to %{text_percent} of name{Hu Tao}'s name{Max HP} at the time the effect is applied.<br>Additionally, skill{burst:Spirit Soother} will also apply the skill{skill:Blood Blossom} effect.
talent_name;hu_tao_lingering_carmine;Плавный кармин;Lingering Carmine
talent_name;hu_tao_garden_of_eternal_rest;Сады вечного покоя;Garden of Eternal Rest
talent_descr;hu_tao_garden_of_eternal_rest;После победы над противником, находящимся под эффектом skill{skill:Кровавого цветка}, наложенным самой name{Ху Тао}, name{шанс крит. попадания} всех окружающих членов отряда (кроме самой name{Ху Тао}) увеличивается на %{text_percent} в течение 15 сек.;Upon defeating an enemy affected by a skill{skill:Blood Blossom} that name{Hu Tao} applied herself, all nearby allies in the party (excluding name{Hu Tao} herself) will have their name{CRIT Rate} increased by %{text_percent} for 15s.
talent_name;hu_tao_floral_incense;Цветочные благовония;Floral Incense
talent_name;hu_tao_butterflys_embrace;Объятья бабочки;Butterfly's Embrace
talent_descr;hu_tao_butterflys_embrace;Активируется, когда name{HP} name{Ху Тао} опускается ниже 25% или когда она получает летальный урон:<br>name{Ху Тао} не погибает от полученного урона. Напротив, на следующие 10 сек. все её name{элементальные сопротивления} и name{физическое сопротивление} повышаются на %{res_phys}, её name{шанс крит. попадания} увеличивается на %{crit_rate}, а также сильно повышается её сопротивление к прерыванию.<br>Этот эффект активируется автоматически, когда у name{Ху Тао} остаётся 1 name{HP}.<br>Может возникнуть раз в 60 сек.;Triggers when name{Hu Tao}'s name{HP} drops below 25%, or when she suffers a lethal strike:<br>name{Hu Tao} will not fall as a result of the DMG sustained. Additionally, for the next 10s, her name{All Elemental} and name{Physical RES} is increased by %{res_phys}, her name{CRIT Rate} is increased by %{crit_rate}, and her resistance to interruption is greatly increased.<br>This effect triggers automatically when name{Hu Tao} has 1 name{HP} left.<br>Can only occur once every 60s.
talent_name;iansan_enhanced_resistance_training;Улучшенная тренировка с отягощением;Enhanced Resistance Training
talent_descr;iansan_enhanced_resistance_training;После того как name{Громовое нисхождение} попадает по врагам, name{Иансан} на 15 сек. получает эффект name{Точных движений}.<br>Во время его действия name{сила атаки} name{Иансан} повышается на %{atk_percent}, а при восстановлении очков name{Ночного духа} посредством name{Измерителя кинетической энергии} name{взрыва стихии} skill{burst:Три принципа силы} она будет дополнительно восстанавливать 1 очко name{Ночного духа}. Кроме того, после того как ваш активный член отряда расходует или восстанавливает очки name{Ночного духа}, последующее восстановление очков name{Ночного духа} name{Иансан} с помощью name{Измерителя кинетической энергии} дополнительно восстанавливает 4 очка. Этот эффект может возникнуть один раз в 2,8 сек.<br>Когда состояние name{Благословения Ночного духа} name{Иансан} прекращается, эффект name{Точных движений} исчезает.;"After name{Swift Stormflight} hits opponents, name{Iansan} will gain the name{Precise Movement} effect for 15s.<br>During this time, her name{ATK} is increased by %{atk_percent}, and whenever she regains name{Nightsoul points} through the Kinetic name{Energy} name{Scale} in her name{Elemental Burst}, skill{burst:The Three Principles of Power}, she will gain 1 extra name{Nightsoul point}. Additionally, when your current active party member consumes or restores name{Nightsoul points}, the extra name{Nightsoul points} name{Iansan} gains the next time she restores name{Nightsoul points} via the name{Scale} will be increased to 4. This effect can occur once every 2.8s.<br>""name{Precise Movement}"" will expire when name{Iansan}'s name{Nightsoul's Blessing} state ends."
talent_name;iansan_kinetic_energy_gradient_test;Проверка уровня кинетической энергии;Kinetic Energy Gradient Test
talent_descr;iansan_kinetic_energy_gradient_test;Когда член отряда поблизости активирует name{Вспышку Ночного духа}, name{Иансан} на 10 сек. получает эффект name{Разминки}.<br>Во время его действия, когда name{Иансан} восстанавливает хотя бы 1 очко name{Ночного духа}, то она восстанавливает name{HP} вашего активного персонажа в размере %{text_percent_heal} от собственной name{силы атаки}. Этот эффект может возникнуть один раз в 2,8 сек.;When a nearby party member triggers a name{Nightsoul Burst}, name{Iansan} will obtain the name{Warming Up} effect for 10s.<br>During this time, when name{Iansan} restores at least 1 name{Nightsoul point}, she will heal your current active character for %{text_percent_heal} of her name{ATK}. This effect can be triggered once every 2.8s.
talent_name;iansan_startings_never_easy;Всё поначалу даётся с трудом;Starting's Never Easy
talent_descr;iansan_startings_never_easy;В бою, когда name{Иансан} пребывает в состоянии name{Благословения Ночного духа}, за каждые 6 израсходованных очков name{Ночного духа} она восстанавливает 15 name{ед. энергии}. Этот эффект может возникнуть один раз в 18 сек.;When name{Iansan} is in combat and is in the name{Nightsoul's Blessing} state, she will restore 15 name{Elemental Energy} for every 6 name{Nightsoul points} she consumes. This effect can trigger once every 18s.
talent_name;iansan_laziness_is_the_enemy;Лень - враг тренировок!;Laziness is the Enemy!
talent_descr;iansan_laziness_is_the_enemy_1;Во время использования name{взрыва стихии} skill{burst:Три принципа силы} name{Иансан} на 15 сек. также получает эффект name{Точных движений} таланта возвышения name{Улучшенная тренировка с отягощением}. ;"When using the name{Elemental Burst} skill{burst:The Three Principles of Power}, name{Iansan} will also gain the name{Precise Movement} effect from her Ascension Talent ""name{Enhanced Resistance Training}"" for 15s. "
talent_descr;iansan_laziness_is_the_enemy_2;Если во время действия эффекта name{Точных движений} name{Иансан} не на поле, то name{сила атаки} вашего активного персонажа повышается на %{text_percent}. Требуется разблокировать талант возвышения name{Улучшенная тренировка с отягощением}.;"If name{Iansan} is off-field while name{Precise Movement} is active, she will also increase your current active character's name{ATK} by %{text_percent}. You must first unlock the Ascension Talent ""name{Enhanced Resistance Training}"" to access the above effect."
talent_name;iansan_scientific_diet_planning;Питание по науке;Scientific Diet Planning
talent_name;iansan_slow_and_steady_wins_the_race;Важность поступательного прогресса;Slow and Steady Wins the Race
talent_descr;iansan_slow_and_steady_wins_the_race;После того как во время действия name{Измерителя кинетической энергии} активный персонаж вашего отряда помимо name{Иансан} активирует взрыв стихии, name{Иансан} получает 2 уровня эффекта name{Силы духа}, который действует вплоть до выхода name{Измерителя кинетической энергии} из боя. Данный эффект может возникнуть один раз во время действия одного и того же name{Измерителя кинетической энергии}. Когда name{Иансан} с помощью name{Измерителя кинетической энергии} восстанавливает очки name{Ночного духа}, то расходуется 1 уровень name{Силы духа}, а name{Иансан} дополнительно восстанавливает 4 очка name{Ночного духа}.<br>Кроме того, если name{Измеритель кинетической энергии} восстанавливает очки name{Ночного духа} с избытком, то при последующем восстановлении очков name{Ночного духа} name{Иансан} с помощью name{Измерителя кинетической энергии} она восстановит дополнительное значение очков, равное 50% данного избытка.;When the Kinetic name{Energy} name{Scale} is present, name{Iansan} will gain 2 stacks of name{Surging Force} after your current active character (excluding herself) uses their name{Elemental Burst}. The stacks last until the name{Scale} leaves the field, and name{Surging Force} can be gained once per name{Scale} summoning. Whenever name{Iansan} restores name{Nightsoul points} via the name{Scale}, she will consume 1 name{Surging Force} stack and restore 4 additional name{Nightsoul points}.<br>Additionally, if her Nightsoul restoration from the name{Scale} overflows, name{Iansan} will gain 50% of the overflow the next time she restores name{Nightsoul points} via the name{Scale}.
talent_name;iansan_we_can_push_it_further;Это ещё не предел!;We Can Push It Further!
talent_name;iansan_teachings_of_the_collective_of_plenty;Наставления Удела Благодатных Земель;Teachings of the Collective of Plenty
talent_descr;iansan_teachings_of_the_collective_of_plenty_1;Длительность name{Измерителя кинетической энергии} увеличивается на 3 сек.;The Kinetic name{Energy} name{Scale}'s duration is increased by 3s.
talent_descr;iansan_teachings_of_the_collective_of_plenty_2;Когда name{Иансан} активирует эффект восстановления очков name{Ночного духа} и восстанавливает их с избытком, то она получает эффект name{Предельной силы}: урон активного персонажа вашего отряда увеличивается на %{dmg_all} на 3 сек.;When name{Iansan} triggers name{Nightsoul point} restoration, if there is any overflow, she will gain the name{Extreme Force} effect, which increases the DMG dealt by your current active character by %{dmg_all} for 3s.
talent_name;ifa_field_medics_vision;Видение полевого врача;Field Medic's Vision
talent_descr;ifa_field_medics_vision;Когда name{Ифа} находится в состоянии name{Благословения Ночного духа}, за каждое очко name{Ночного духа} от их текущего общего количества в отряде он получает 1 очко skill{n11130002:Основ спасения}. name{Основы спасения} повышают урон реакций anemo{Рассеивание}, electro{Заряжен} и electro{Лунный заряд}, вызываемых членами отряда поблизости.;When name{Ifa} is in the name{Nightsoul's Blessing} state, every 1 name{Nightsoul point} out of the total in his entire party will grant him 1 skill{n11130002:Rescue Essentials} point. name{Rescue Essentials} will increase the anemo{Swirl}, electro{Electro-Charged}, and electro{Lunar-Charged} DMG dealt by nearby party members.
talent_name;ifa_mutual_aid_agreement;Договор о взаимопомощи;Mutual Aid Agreement
talent_descr;ifa_mutual_aid_agreement;Когда члены отряда поблизости активируют name{Вспышку Ночного духа}, name{мастерство стихий} name{Ифы} повышается на %{mastery} ед. на 10 сек.;When nearby party members trigger name{Nightsoul Bursts}, name{Ifa}'s name{Elemental Mastery} increases by %{mastery} for 10s.
talent_name;ifa_vitiferous_elixirs_concoction;Отваривание ползучего эликсира;Vitiferous Elixir's Concoction
talent_descr;ifa_vitiferous_elixirs_concoction;Попадание skill{n11130001:Огневой поддержки} по противнику восстанавливает 6 name{ед. энергии} name{Ифы}. Восстанавливать энергию таким образом можно 1 раз в 8 сек.;When skill{n11130001:Supporting Fire} hits an opponent, it will restore 6 name{Energy} for name{Ifa}. One such name{Energy} restoration can be triggered once every 8s.
talent_name;ifa_guiding_spirit_of_ballistic_prayer;Путеводный дух баллистической молитвы;Guiding Spirit of Ballistic Prayer
talent_descr;ifa_guiding_spirit_of_ballistic_prayer;Когда name{Ифа} находится в состоянии name{Благословения Ночного духа}, за каждое очко name{Ночного духа} от их общего количества в отряде свыше 60 он дополнительно получает 4 очка skill{n11130002:Основ спасения}.<br>Кроме того, максимум очков name{Основ спасения} name{Ифы} повышается на 50.<br>Требуется разблокировать талант возвышения skill{Видение полевого врача}.;When name{Ifa} is in the name{Nightsoul's Blessing} state, every name{Nightsoul point} the party has above a total of 60 will grant name{Ifa} 4 additional skill{n11130002:Rescue Essentials} points.<br>Additionally, name{Ifa}'s name{Rescue Essentials} limit is increased by 50.<br>You must first unlock the Ascension Talent skill{Field Medic's Vision}.
talent_name;ifa_rebuttal_in_negotiations_with_the_night;Опровержение в переговорах с ночью;Rebuttal in Negotiations With the Night
talent_name;ifa_decayed_vessels_permutation;Замещение истлевшего сосуда;Decayed Vessel's Permutation
talent_descr;ifa_decayed_vessels_permutation;Длительность name{сковывающего ветряного потока}, который создаётся name{взрывом стихии} skill{burst:Составное поле успокоения}, увеличена до 3 сек.<br>Кроме того, на 15 сек. после применения name{взрыва стихии} skill{burst:Составное поле успокоения} name{мастерство стихий} name{Ифы} повышается на %{mastery} ед.;The restraining wind current created by the name{Elemental Burst} skill{burst:Compound Sedation Field} has its duration extended to 3s.<br>Additionally, name{Ifa} gains %{mastery} name{Elemental Mastery} for 15s after using his name{Elemental Burst} skill{burst:Compound Sedation Field}.
talent_name;ifa_vow_of_universal_coexistence;Клятва всеобщего сосуществования;Vow of Universal Coexistence
talent_name;ifa_oath_on_a_feathered_knot;Обещание на узелке с пером;Oath on a Feathered Knot
talent_descr;ifa_oath_on_a_feathered_knot;Когда name{Ифа} активирует skill{n11130001:Огневую поддержку} долгим нажатием, с шансом 50% будет дополнительно выпущен один name{Лекарственный выстрел}, который наносит %{text_percent_dmg} anemo{Анемо урона} от name{силы атаки} name{Ифы}. Этот урон считается уроном name{обычной атаки}.<br>Кроме того, когда name{Ифа} не находится в бою, его потребление очков name{Ночного духа} или флогистона в состоянии name{Благословения Ночного духа} снижается на 20%.;When name{Ifa} uses the Hold version of his skill{n11130001:Supporting Fire}, there is a 50% chance that he will fire an additional Tonicshot that deals %{text_percent_dmg} of name{Ifa}'s name{ATK} as anemo{Anemo DMG}. This DMG is considered name{Normal Attack DMG}.<br>Additionally, when he is not in combat, name{Ifa} will consume 20% less name{Nightsoul points} and Phlogiston in his name{Nightsoul's Blessing} state.
talent_name;ineffa_overclocking_circuit;Контур превышения частоты;Overclocking Circuit
talent_descr;ineffa_overclocking_circuit;Когда skill{n11160001:Биргитта} атакует разрядами, и при этом рядом с ней есть грозовые тучи, созданные реакцией electro{Лунный заряд}, то она выполняет одну дополнительную атаку, которая наносит %{text_percent_dmg} electro{Электро урона} по площади от name{силы атаки} name{Инеффы}. Такой урон считается уроном реакции electro{Лунный заряд}.;If there are thunderclouds created by electro{Lunar-Charged} reactions nearby when skill{n11160001:Birgitta} unleashes name{Discharge attacks}, she will initiate an additional attack, dealing AoE electro{Electro DMG} equal to %{text_percent_dmg} of name{Ineffa}'s name{ATK}. This DMG is considered electro{Lunar-Charged} DMG.
talent_name;ineffa_panoramic_permutation_protocol;Протокол панорамного преобразования;Panoramic Permutation Protocol
talent_descr;ineffa_panoramic_permutation_protocol;Во время применения name{взрыва стихии} skill{burst:Высшая команда: Циклонический истребитель} все персонажи вашего отряда получают эффект name{Параметрического преобразования}: name{мастерство стихий} name{Инеффы} и вашего активного персонажа на 20 сек. повышается на %{text_percent} от name{силы атаки} name{Инеффы}.;When using the name{Elemental Burst} skill{burst:Supreme Instruction: Cyclonic Exterminator}, all your party members will gain the name{Parameter Permutation} effect: Increases name{Ineffa} and your own active party member's name{Elemental Mastery} by %{text_percent} of name{Ineffa}'s name{ATK} for 20s.
talent_name;ineffa_assemblage_hub;Дар лунного знамения: Узел сборки;Moonsign Benediction: Assemblage Hub
talent_descr;ineffa_assemblage_hub;Когда персонажи отряда активируют реакцию electro{Заряжен}, она превращается в electro{Лунный заряд}, а базовый урон реакции electro{Лунный заряд} увеличивается на %{text_percent} за каждые 100 ед. name{силы атаки} name{Инеффы}. Максимальное увеличение урона, которое можно получить таким образом, составляет %{text_percent_max}.<br><br>Кроме того, когда name{Инеффа} в отряде, уровень skill{Лунного знамения} отряда повышается на 1.;When a party member triggers an electro{Electro-Charged} reaction, it will be converted into the electro{Lunar-Charged} reaction, with every 100 name{ATK} that name{Ineffa} has increasing electro{Lunar-Charged}'s Base DMG by %{text_percent}, up to a maximum of %{text_percent_max}.<br><br>Additionally, when name{Ineffa} is in the party, the party's skill{Moonsign} will increase by 1 level.
talent_name;ineffa_rectifying_processor;Процессор ректификации;Rectifying Processor
talent_descr;ineffa_rectifying_processor;Когда name{Инеффа} развёртывает name{Барьер оптического потока}, все персонажи отряда поблизости на 20 сек. наделяются эффектом name{Токонесущего композита}, который увеличивает урон реакции electro{Лунный заряд} на %{text_percent} за каждые 100 ед. name{силы атаки} name{Инеффы}. Максимальное увеличение урона, которое можно получить таким образом, составляет %{text_percent_max}.;When name{Ineffa} activates her name{Optical Flow Shield Barrier}, all nearby party members will gain the name{Carrier Flow Composite} effect for 20s: Increases electro{Lunar-Charged} DMG by %{text_percent} for every 100 name{ATK} that name{Ineffa} has, up to a maximum of %{text_percent_max}.
talent_name;ineffa_support_cleaning_module;Вспомогательный очистной модуль;Support Cleaning Module
talent_descr;ineffa_support_cleaning_module;После того как взрыв стихии skill{burst:Высшая команда: Циклонический истребитель} поражает противников, на одного из них накладывается состояние name{Указ о взыскании}: через короткий промежуток времени или когда этот противник оказывается побеждён, враги поблизости получают electro{Электро урон} по площади, равный %{text_percent_dmg} name{силы атаки} name{Инеффы}. Такой урон считается уроном реакции electro{Лунный заряд}.<br>Кроме того, во время активации name{взрыва стихии} skill{burst:Высшая команда: Циклонический истребитель} активный персонаж поблизости получает name{Барьер оптического потока}.;After the name{Elemental Burst} skill{burst:Supreme Instruction: Cyclonic Exterminator} hits opponents, it will inflict the name{Punishment Edict} status on one of those hit opponents: After a brief delay, or when this opponent is defeated, nearby opponents will take AoE electro{Electro DMG} equal to %{text_percent_dmg} of name{Ineffa}'s name{ATK}. This DMG is considered electro{Lunar-Charged} DMG.<br>Additionally, when the name{Elemental Burst} skill{burst:Supreme Instruction: Cyclonic Exterminator} is unleashed, nearby party members will gain name{Optical Flow Shield Barriers}.
talent_name;ineffa_enhanced_emotion_emulator;Улучшенный эмулятор эмоций;Enhanced Emotion Emulator
talent_name;ineffa_the_edictless_path;Путь без указа;The Edictless Path
talent_descr;ineffa_the_edictless_path;Когда персонажи вашего отряда активируют реакцию electro{Лунный заряд}, восстанавливается 5 name{ед. энергии}. Этот эффект может возникнуть один раз в 4 сек.;When your own party members trigger electro{Lunar-Charged} reactions, recover 5 name{Elemental Energy}. This effect can occur once every 4s.
talent_name;ineffa_mirrors_dream_transcension;Преодоление зеркального сна;Mirror's Dream Transcension
talent_name;ineffa_a_dawning_morn_for_you;Рассветное утро для тебя;A Dawning Morn for You
talent_descr;ineffa_a_dawning_morn_for_you;Когда name{Инеффа} находится под воздействием name{Токонесущего композита}, то она наносит %{text_percent_dmg} electro{Электро урона} по площади от собственной name{силы атаки} противникам рядом с вашим активным персонажем после того, как грозовые тучи поблизости поражают их молнией. Такой урон считается уроном реакции electro{Лунный заряд}. Этот эффект может возникнуть один раз в 3,5 сек.;When name{Ineffa} is affected by the name{Carrier Flow Composite} effect, she will deal AoE electro{Electro DMG} equal to %{text_percent_dmg} of her name{ATK} to opponents in the current active character's vicinity after nearby thunderclouds release bursts of lightning at opponents. This DMG is considered electro{Lunar-Charged} DMG. The aforementioned effect can trigger once every 3.5s.
talent_name;jean_wind_companion;Дружественный бриз;Wind Companion
talent_descr;jean_wind_companion;Попадания name{обычной атакой} name{Джинн} имеют 50% шанс вылечить всех членов отряда на количество name{HP}, равное %{text_percent_dmg} от name{силы атаки} name{Джинн}.;On hit, name{Jean}'s name{Normal Attacks} have a 50% chance to regenerate name{HP} equal to %{text_percent_dmg} of name{Jean}'s name{ATK} for all party members.
talent_name;jean_let_the_wind_lead;Да направит тебя ветер;Let the Wind Lead
talent_descr;jean_let_the_wind_lead;Использование навыка skill{burst:Одуванчиковый бриз} восстанавливает %{text_percent} энергии.;Using skill{burst:Dandelion Breeze} will regenerate %{text_percent} of its name{Energy}.
talent_name;jean_spiraling_tempest;Растущий ураган;Spiraling Tempest
talent_descr;jean_spiraling_tempest;Увеличивает скорость притягивания навыка skill{skill:Клинок ветра} после его удерживания более 1 сек, а также увеличивает урон навыка на %{dmg_skill_jean}.;Increases the pulling speed of skill{skill:Gale Blade} after holding for more than 1s, and increases the DMG dealt by %{dmg_skill_jean}.
talent_name;jean_peoples_aegis;Братский щит;People's Aegis
talent_descr;jean_peoples_aegis;Когда name{Джинн} получает name{элементальную сферу} или name{частицу}, name{скорость передвижения} и name{скорость атаки} всех членов отряда увеличивается на %{atk_speed_normal} в течение 15 сек.;When name{Jean} picks up an name{Elemental Orb}/name{Particle}, all party members have their name{Movement SPD} and name{ATK SPD} increased by %{atk_speed_normal} for 15s.
talent_name;jean_when_the_west_wind_arises;Куда дует ветер;When the West Wind Arises
talent_name;jean_lands_of_dandelion;Королевство Одуванчиков;Lands of Dandelion
talent_descr;jean_lands_of_dandelion;Понижает anemo{Анемо сопротивление} противников, находящихся в name{поле} навыка skill{burst:Одуванчиковый бриз}, на %{enemy_res_anemo}.;Within the name{Field} created by skill{burst:Dandelion Breeze}, all opponents have their anemo{Anemo RES} decreased by %{enemy_res_anemo}.
talent_name;jean_outbursting_gust;Шквальный ветер;Outbursting Gust
talent_name;jean_lions_fang_fair_protector_of_mondstadt;Рыцарь Львиный клык;Lion's Fang, Fair Protector of Mondstadt
talent_descr;jean_lions_fang_fair_protector_of_mondstadt;Уменьшает получаемый в name{поле} навыка skill{burst:Одуванчиковый бриз} урон на %{dmg_reduction}.<br>После ухода из name{поля одуванчиков} данный эффект длится ещё 3 атаки или 10 сек.;Incoming DMG is decreased by %{dmg_reduction} within the name{Field} created by skill{burst:Dandelion Breeze}. Upon leaving the name{Dandelion Field}, this effect lasts for 3 attacks or 10s.
talent_name;kachina_mountain_echoes;Горное эхо;Mountain Echoes
talent_descr;kachina_mountain_echoes;После того как член отряда поблизости активирует name{Вспышку Ночного духа}, бонус geo{Гео урона} name{Качины} повышается на %{dmg_geo} на 12 сек.;After nearby party members trigger a name{Nightsoul Burst}, name{Kachina}'s geo{Geo DMG Bonus} increases by %{dmg_geo} for 12s.
talent_name;kachina_the_weight_of_stone;Тяжесть монолитной породы;The Weight of Stone
talent_descr;kachina_the_weight_of_stone;Повышает урон skill{skill:Турбовихря} на %{text_percent} от защиты name{Качины}.;skill{skill:Turbo Twirly}'s DMG is increased by %{text_percent} of name{Kachina}'s name{DEF}.
talent_name;kachina_shards_are_gems_too;Осколки тоже самоцветы;Shards Are Gems Too
talent_descr;kachina_shards_are_gems_too;Когда name{Качина} садится на skill{skill:Турбовихрь} или сходит с него, она подбирает элементальные осколки, созданные реакцией geo{Кристалл}, поблизости.<br>Кроме того, когда член отряда подбирает такой осколок, name{Качина} восстанавливает 3 name{ед. энергии}. Восстанавливать энергию таким способом можно не чаще одного раза в 5 сек.;When name{Kachina} mounts or dismounts skill{skill:Turbo Twirly}, she will absorb nearby Elemental Shards created by geo{Crystallize}.<br>Additionally, when a party member picks up such a Shard, 3 name{Energy} will be restored to name{Kachina}. name{Energy} can be restored this way once every 5s.
talent_name;kachina_never_leave_home_without_turbo_twirly;Я всегда с собой беру... Турбовихрь;Never Leave Home Without... Turbo Twirly
talent_descr;kachina_never_leave_home_without_turbo_twirly;name{Качина}, активируя навык skill{burst:Ну теперь всё!}, восстанавливает 20 очков name{Ночного духа}. Если на поле нет её собственного skill{skill:Турбовихря}, name{Качина} войдет в состояние name{Благословение Ночного духа} и призовёт его.;"When name{Kachina} uses skill{burst:""Time to Get Serious!""}, she will regain 20 name{Nightsoul points}. If there is no skill{skill:Turbo Twirly} belonging to her on the field, she will enter name{Nightsoul's Blessing} and summon one."
talent_name;kachina_improved_stabilizer;Улучшенный стабилизатор;Improved Stabilizer
talent_name;kachina_more_foes_more_caution;Больше врагов - больше осторожности;More Foes, More Caution
talent_descr;kachina_more_foes_more_caution;Когда в области name{Турбобура} навыка skill{burst:Ну теперь всё!} 1/2/3/4 и более врагов, name{защита} активного персонажа в этой области повышается на 8%/12%/16%/20% соответственно.;"When there are 1/2/3/4 (or more) opponents within the name{Turbo Drill Field} created by skill{burst:""Time to Get Serious!""}, the active character within the field gains 8%/12%/16%/20% increased name{DEF}."
talent_name;kachina_all_ive_collected_till_now;Моя нынешняя коллекция;All I've Collected Till Now
talent_name;kachina_this_time_ive_gotta_win;На этот раз победа за мной;This Time, I've Gotta Win
talent_descr;kachina_this_time_ive_gotta_win;Когда щит вашего активного персонажа по какой-либо причине заменяется или разрушается, name{Качина} наносит geo{Гео урон} по площади, равный %{text_percent_dmg} от её защиты. Этот эффект может возникнуть один раз в 5 сек.;When your active character's Shield is replaced or destroyed for any reason, name{Kachina} will deal %{text_percent_dmg} of her name{DEF} as AoE geo{Geo DMG}. This effect can be triggered once every 5s.
talent_name;kaedehara_kazuha_soumon_swordsmanship;Летучий клинок;Soumon Swordsmanship
talent_descr;kaedehara_kazuha_soumon_swordsmanship;При контакте с элементами hydro{Гидро}, pyro{Пиро}, cryo{Крио} и electro{Электро} name{атака в падении}: Мидарэ рандзан навыка skill{skill:Тихаяфуру} наносит дополнительный урон соответствующим элементом, равный %{text_percent_dmg} от name{силы атаки}. Этот урон считается уроном name{атаки в падении}. За раз навык skill{skill:Тихаяфуру} может поглотить только один элемент.;If skill{skill:Chihayaburu} comes into contact with hydro{Hydro}/pyro{Pyro}/cryo{Cryo}/electro{Electro} when cast, this skill{skill:Chihayaburu} will absorb that element and if name{Plunging Attack: Midare Ranzan} is used before the effect expires, it will deal an additional %{text_percent_dmg} name{ATK} of the absorbed elemental type as DMG. This will be considered name{Plunging Attack DMG}.<br>Elemental Absorption may only occur once per use of skill{skill:Chihayaburu}.
talent_name;kaedehara_kazuha_poetics_of_fuubutsu;Поэзия песен ветра;Poetics of Fuubutsu
talent_descr;kaedehara_kazuha_poetics_of_fuubutsu;Вызывая реакцию anemo{Рассеивания}, name{Кадзуха} даёт остальным членам отряда value{0,04%} бонус name{элементального урона} соответствующего элемента за каждую единицу собственного name{мастерства стихий} в течение 8 сек. Полученные этим способом бонусы разных элементов могут совмещаться.;Upon triggering a anemo{Swirl} reaction, name{Kaedehara Kazuha} will grant all party members a value{0.04%} name{Elemental DMG Bonus} to the element absorbed by anemo{Swirl} for every point of name{Elemental Mastery} he has for 8s. Bonuses for different elements obtained through this method can co-exist.
talent_name;kaedehara_kazuha_scarlet_hills;Алые холмы;Scarlet Hills
talent_descr;kaedehara_kazuha_scarlet_hills;Уменьшает время отката навыка skill{skill:Тихаяфуру} на %{text_percent_cd}, также использование навыка skill{burst:Удар Кадзухи} полностью сбрасывает его время отката.;Decreases skill{skill:Chihayaburu}'s CD by %{text_percent_cd}.<br>Using skill{burst:Kazuha Slash} resets the CD of skill{skill:Chihayaburu}.
talent_name;kaedehara_kazuha_yamaarashi_tailwind;Ветер ямаараси;Yamaarashi Tailwind
talent_descr;kaedehara_kazuha_yamaarashi_tailwind;Поле name{Осеннего вихря}, созданное навыком skill{burst:Удар Кадзухи}, имеет следующие свойства:<br>· Увеличивает name{мастерство стихий} name{Кадзухи} на %{mastery} ед.<br>· Увеличивает name{мастерство стихий} персонажей внутри поля на %{mastery} ед.<br>Эффекты увеличения name{мастерства стихий} этого созвездия не складываются.;The name{Autumn Whirlwind} field created by skill{burst:Kazuha Slash} has the following effects:<br>· Increases name{Kaedehara Kazuha}'s own name{Elemental Mastery} by %{mastery} for its duration.<br>· Increases the name{Elemental Mastery} of characters within the field by %{mastery}.<br>The name{Elemental Mastery}-increasing effects of this Constellation do not stack.
talent_name;kaedehara_kazuha_maple_monogatari;Кленовая легенда;Maple Monogatari
talent_name;kaedehara_kazuha_oozora_genpou;Одзора гэмпо;Oozora Genpou
talent_descr;kaedehara_kazuha_oozora_genpou;Когда энергия name{Кадзухи} падает ниже 45 ед., он получает следующие эффекты:<br>· Быстрое и долгое нажатие навыка skill{skill:Тихаяфуру} восстанавливает 3 и 4 name{ед. энергии} name{Кадзухи} соответственно.<br>· Полёт на планере восстанавливает 2 name{ед. энергии} name{Кадзухи} в сек.;When name{Kaedehara Kazuha}'s name{Energy} is lower than 45, he obtains the following effects:<br>·Pressing or Holding skill{skill:Chihayaburu} regenerates 3 or 4 name{Energy} for name{Kaedehara Kazuha}, respectively.<br>·When gliding, name{Kaedehara Kazuha} regenerates 2 name{Energy} per second.
talent_name;kaedehara_kazuha_wisdom_of_bansei;Мудрость веков;Wisdom of Bansei
talent_name;kaedehara_kazuha_crimson_momiji;Багровые листья;Crimson Momiji
talent_descr;kaedehara_kazuha_crimson_momiji;Использование навыков skill{skill:Тихаяфуру} и skill{burst:Удар Кадзухи} наделяет оружие name{Кадзухи} инфузией anemo{Анемо} на 5 сек. А также каждая единица name{мастерства стихий} name{Кадзухи} увеличивает на %{text_percent_dmg} урон, наносимый его name{обычной атакой}, name{заряженной атакой} и name{атакой в падении}.;After using skill{skill:Chihayaburu} or skill{burst:Kazuha Slash}, name{Kaedehara Kazuha} gains an anemo{Anemo} Infusion for 5s. Additionally, each point of name{Elemental Mastery} will increase the DMG dealt by name{Kaedehara Kazuha}'s name{Normal}, name{Charged}, and name{Plunging Attacks} by %{text_percent_dmg}.
talent_name;kaeya_cold_blooded_strike;Клинок холодной крови;Cold-Blooded Strike
talent_descr;kaeya_cold_blooded_strike;Каждое попадание навыком skill{skill:Выпад холода} восстанавливает name{Кэйе} name{HP} в размере %{text_percent_dmg} от name{силы атаки}.;Every hit with skill{skill:Frostgnaw} regenerates name{HP} for name{Kaeya} equal to %{text_percent_dmg} of his name{ATK}.
talent_name;kaeya_glacial_heart;Ледниковое сердце;Glacial Heart
talent_descr;kaeya_glacial_heart;Противники, замороженные навыком skill{skill:Выпад холода}, роняют больше элементальных частиц.<br>Каждый удар навыка name{Выпад холода} генерирует до 2 элементальных частиц.;Opponents cryo{Frozen} by skill{skill:Frostgnaw} will drop additional name{Elemental Particles}.<br>Frostgnaw may only produce a maximum of 2 additional name{Elemental Particles} per use.
talent_name;kaeya_excellent_blood;Превосходная кровь;Excellent Blood
talent_descr;kaeya_excellent_blood;Увеличивает name{шанс крит. попадания} обычной и name{заряженной атаки} name{Кэйи} по противникам с эффектом cryo{Крио} на %{crit_rate_kaeya}.;The name{CRIT Rate} of name{Kaeya}'s name{Normal} and name{Charge Attacks} against opponents affected by cryo{Cryo} is increased by %{crit_rate_kaeya}.
talent_name;kaeya_never_ending_performance;Бесконечный вальс;Never-Ending Performance
talent_descr;kaeya_never_ending_performance;Каждый побеждённый во время длительности навыка skill{burst:Ледниковый вальс} враг увеличивает его длительность на 2,5 сек. Макс. 15 сек.;While skill{burst:Glacial Waltz} is in effect, for each opponent defeated, its duration is increased by 2.5s, up to a maximum of 15s.
talent_name;kaeya_dance_of_frost;Танец холода;Dance of Frost
talent_name;kaeya_frozen_kiss;Поцелуй холода;Frozen Kiss
talent_descr;kaeya_frozen_kiss;Активируется, когда name{HP} name{Кэйи} падает ниже 20%:<br>Создаёт щит, в течение 20 сек. поглощающий урон, равный %{text_percent} от name{макс. HP} name{Кэйи}.<br>cryo{Крио урон} поглощается с эффективностью 250%.<br>Может возникнуть раз в 60 сек.;Triggers automatically when name{Kaeya}'s name{HP} falls below 20%:<br>Creates a shield that absorbs damage equal to %{text_percent} of name{Kaeya}'s name{Max HP}. Lasts for 20s.<br>This shield absorbs cryo{Cryo DMG} with 250% efficiency.<br>Can only occur once every 60s.
talent_name;kaeya_frostbiting_embrace;Объятья холода;Frostbiting Embrace
talent_name;kaeya_glacial_whirlwind;Ледниковый вихрь;Glacial Whirlwind
talent_descr;kaeya_glacial_whirlwind;Использование навыка skill{burst:Ледниковый вальс} создаёт одну дополнительную льдинку, и при активации восстанавливает 15 name{ед. энергии}.;skill{burst:Glacial Waltz} will generate 1 additional icicle, and will regenerate 15 name{Energy} when cast.
talent_name;kamisato_ayaka_amatsumi_kunitsumi_sanctification;Освящение амацуми куницуми;Amatsumi Kunitsumi Sanctification
talent_descr;kamisato_ayaka_amatsumi_kunitsumi_sanctification;После использования навыка skill{skill:Искусство Камисато: Хёка} урон name{обычных} и name{заряженных атак} name{Аяки} увеличивается на %{dmg_normal} в течение 6 сек.;After using skill{skill:Kamisato Art: Hyouka}, name{Kamisato Ayaka}'s name{Normal} and name{Charged Attacks} deal %{dmg_normal} increased DMG for 6s.
talent_name;kamisato_ayaka_kanten_senmyou_blessing;Благословение кантэн сэммё;Kanten Senmyou Blessing
talent_descr;kamisato_ayaka_kanten_senmyou_blessing;Когда cryo{Крио} эффект в конце действия навыка skill{other:Искусство Камисато: Сэнхо} поражает противника, name{Камисато Аяка} получает следующие эффекты:<br>· Восстанавливает 10 ед. выносливости.<br>· Получает %{dmg_cryo} бонус cryo{Крио урона} на 10 сек.;When the cryo{Cryo} application at the end of skill{other:Kamisato Art: Senho} hits an opponent, name{Kamisato Ayaka} gains the following effects:<br>·Restores 10 Stamina<br>·Gains %{dmg_cryo} cryo{Cryo DMG Bonus} for 10s.
talent_name;kamisato_ayaka_snowswept_sakura;Укутанная снегом сакура;Snowswept Sakura
talent_descr;kamisato_ayaka_snowswept_sakura;Когда name{обычные} атаки или name{заряженные атаки} name{Аяки} наносят cryo{Крио урон} противникам, есть %{text_percent_chance} шанс уменьшить время отката навыка skill{skill:Искусство Камисато: Хёка} на 0,3 сек. Этот эффект может возникнуть раз в 0,1 сек.;When name{Kamisato Ayaka}'s name{Normal} or name{Charged Attacks} deal cryo{Cryo DMG} to opponents, it has a %{text_percent_chance} chance of decreasing the CD of skill{skill:Kamisato Art: Hyouka} by 0.3s. This effect can occur once every 0.1s.
talent_name;kamisato_ayaka_blizzard_blade_seki_no_to;Лезвие бури сэки но то;Blizzard Blade Seki no To
talent_descr;kamisato_ayaka_blizzard_blade_seki_no_to;Навык skill{burst:Искусство Камисато: Сомэцу} создаёт два дополнительных name{Морозных сэки но то} поменьше, каждый из которых наносит урон, равный %{text_percent_dmg} от основного урона.;When casting skill{burst:Kamisato Art: Soumetsu}, unleashes 2 smaller additional name{Frostflake Seki no To}, each dealing %{text_percent_dmg} of the original storm's DMG.
talent_name;kamisato_ayaka_frostbloom_kamifubuki;Ледяной цветок камифубуки;Frostbloom Kamifubuki
talent_name;kamisato_ayaka_ebb_and_flow;Приливы и отливы;Ebb and Flow
talent_descr;kamisato_ayaka_ebb_and_flow;Понижает name{защиту} противников, получивших урон от name{Морозного сэки но то} навыка skill{burst:Искусство Камисато: Сомэцу}, на %{enemy_def_reduce} в течение 6 сек.;Opponents damaged by skill{burst:Kamisato Art: Soumetsu}'s name{Frostflake Seki no To} will have their name{DEF} decreased by %{enemy_def_reduce} for 6s.
talent_name;kamisato_ayaka_blossom_cloud_irutsuki;Цветущее облако ируцуки;Blossom Cloud Irutsuki
talent_name;kamisato_ayaka_dance_of_suigetsu;Танец суигэцу;Dance of Suigetsu
talent_descr;kamisato_ayaka_dance_of_suigetsu;Каждые 10 сек. name{Камисато Аяка} получает эффект name{Усурахи буто}, который повышает урон её name{заряженных атак} на %{dmg_charged}. Через 0,5 сек после попадания name{заряженной атакой} по врагу этот эффект пропадает, и отсчёт начинается заново.;name{Kamisato Ayaka} gains name{Usurahi Butou} every 10s, increasing her name{Charged Attack DMG} by %{dmg_charged}. This buff will be cleared 0.5s after Ayaka's name{Charged} name{ATK} hits an opponent, after which the timer for this ability will restart.
talent_name;kamisato_ayato_mine_wo_matoishi_kiyotaki;Искусство Камисато: Минэ о матойси киётаки;Kamisato Art: Mine Wo Matoishi Kiyotaki
talent_descr;kamisato_ayato_mine_wo_matoishi_kiyotaki;skill{skill:Искусство Камисато: Кёка} обладает следующими эффектами:<br>· После использования name{Камисато Аято} получает два уровня name{Намисэн}.<br>· Когда водная иллюзия взрывается, name{Аято} обретает эффект name{Намисэн}, равный максимальному количеству уровней эффекта.;skill{skill:Kamisato Art: Kyouka} has the following properties:<br>·After it is used, name{Kamisato Ayato} will gain 2 name{Namisen} stacks.<br>·When the water illusion explodes, name{Ayato} will gain a name{Namisen} effect equal to the maximum number of stacks possible.
talent_name;kamisato_ayato_michiyuku_hagetsu;Искусство Камисато: Митиюку хагэцу;Kamisato Art: Michiyuku Hagetsu
talent_descr;kamisato_ayato_michiyuku_hagetsu;Когда name{Камисато Аято} не на поле боя, а его name{энергия} ниже 40 ед., он восстанавливает себе 2 name{ед. энергии} в секунду.;If name{Kamisato Ayato} is not on the field and his name{Energy} is less than 40, he will regenerate 2 name{Energy} for himself every second.
talent_name;kamisato_ayato_kyouka_fuushi;Кёка фуси;Kyouka Fuushi
talent_descr;kamisato_ayato_kyouka_fuushi;Увеличивает на %{dmg_normal_ayato} урон skill{skill:Сюнсуйкэн} против врагов с name{НР}, равным 50% или ниже.;skill{skill:Shunsuiken} DMG is increased by %{dmg_normal_ayato} against opponents with 50% name{HP} or less.
talent_name;kamisato_ayato_world_source;Родник мира;World Source
talent_descr;kamisato_ayato_world_source_1;Максимум уровней skill{skill:Намисэн} увеличен до 5.;skill{skill:Namisen}'s maximum stack count is increased to 5.
talent_descr;kamisato_ayato_world_source_2;Когда у name{Камисато Аято} не менее 3 уровней name{Намисэн}, его name{макс. HP} повышается на %{hp_percent}.;When name{Kamisato Ayato} has at least 3 name{Namisen} stacks, his name{Max HP} is increased by %{hp_percent}.
talent_name;kamisato_ayato_to_admire_the_flowers;Созерцание цветов;To Admire the Flowers
talent_name;kamisato_ayato_endless_flow;Бесконечный поток;Endless Flow
talent_descr;kamisato_ayato_endless_flow;После использования skill{burst:Искусства Камисато: Суйю} скорость name{обычной атаки} всех ближайших членов отряда повышается на %{atk_speed_normal} в течение 15 сек.;After using skill{burst:Kamisato Art: Suiyuu}, all nearby party members will have %{atk_speed_normal} increased name{Normal Attack SPD} for 15s.
talent_name;kamisato_ayato_bansui_ichiro;Бансуй итиро;Bansui Ichiro
talent_name;kamisato_ayato_boundless_origin;Бескрайний исток;Boundless Origin
talent_descr;kamisato_ayato_boundless_origin;После активации skill{skill:Искусства Камисато: Кёка}, если следующая атака name{Сюнсуйкэн} попадёт по врагу, name{Аято} выполнит 2 дополнительные атаки name{Сюнсуйкэн}, каждая из которых нанесёт %{text_percent_dmg} урона от его name{силы атаки}.<br>Эффект name{Намисэн} на эти дополнительные атаки не распространяется.;After using skill{skill:Kamisato Art: Kyouka}, name{Ayato}'s next name{Shunsuiken} attack will create 2 extra name{Shunsuiken} strikes when they hit opponents, each one dealing %{text_percent_dmg} of name{Ayato}'s name{ATK} as DMG.<br>Both these name{Shunsuiken} attacks will not be affected by name{Namisen}.
talent_name;kaveh_an_architects_undertaking;Ответственность строителя;An Architect's Undertaking
talent_descr;kaveh_an_architects_undertaking;Когда name{Кавех} получает урон от dendro{Дендро ядер} (включая урон от реакций dendro{Цветение} и dendro{Вегетация}), он восстанавливает name{HP} в размере %{text_percent_heal} от собственного name{мастерства стихий}. Эффект может возникнуть один раз в 0,5 сек.;When DMG dealt by a dendro{Dendro Core} (including DMG from dendro{Burgeon} and dendro{Hyperbloom}) hits name{Kaveh}, name{Kaveh} will regain name{HP} equal to %{text_percent_heal} of his name{Elemental Mastery}. This effect can be triggered once every 0.5s.
talent_name;kaveh_a_craftsmans_curious_conceptions;Причуды мастера;A Craftsman's Curious Conceptions
talent_descr;kaveh_a_craftsmans_curious_conceptions;Попадания по врагам name{обычных атак}, name{заряженных атак} или name{атак в падении} name{Кавеха} во время действия skill{burst:Расписного купола} увеличивают его name{мастерство стихий} на %{mastery} ед. Этот эффект может возникнуть один раз в 0,1 сек. и складывается до 4 раз.<br>Когда name{Расписной купол} заканчивается, эффект исчезает.;During skill{burst:Painted Dome}, after name{Kaveh}'s name{Normal}, name{Charged}, or name{Plunging Attacks} hit opponents, his name{Elemental Mastery} will increase by %{mastery}. This effect can be triggered once every 0.1s. Max 4 stacks.<br>This effect will be canceled when name{Painted Dome}'s effects end.
talent_name;kaveh_sublime_salutations;Возвышенные приветствия;Sublime Salutations
talent_descr;kaveh_sublime_salutations;На 3 сек. после активации skill{skill:Творческого мастерства} dendro{Дендро сопротивление} name{Кавеха} повышается на %{res_dendro}, а name{бонус получаемого лечения} - на %{healing_recv}.;Within 3s after using skill{skill:Artistic Ingenuity}, name{Kaveh}'s dendro{Dendro RES} and name{Incoming Healing Bonus} will be increased by %{res_dendro} and %{healing_recv} respectively.
talent_name;kaveh_grace_of_royal_roads;Изящество королевских путей;Grace of Royal Roads
talent_descr;kaveh_grace_of_royal_roads;Во время действия skill{burst:Расписного купола} скорость name{обычной атаки} name{Кавеха} повышается на %{atk_speed_normal}.;name{Kaveh}'s name{Normal Attack SPD} increases by %{atk_speed_normal} during skill{burst:Painted Dome}.
talent_name;kaveh_profferings_of_dur_untash;Подношения Дур-Унташ;Profferings of Dur Untash
talent_name;kaveh_feast_of_apadana;Пиршество Ападаны;Feast of Apadana
talent_descr;kaveh_feast_of_apadana;Урон взрыва dendro{Дендро ядер}, которые создаются вызванными name{Кавехом} реакциями dendro{Бутонизация} или dendro{Лунная бутонизация}, повышается на %{dmg_reaction_rupture}.;dendro{Dendro Cores} created from dendro{Bloom} and dendro{Lunar-Bloom} reactions name{Kaveh} triggers will deal %{dmg_reaction_rupture} more DMG when they burst.
talent_name;kaveh_treasures_of_bonkhanak;Сокровища Бон-Ханак;Treasures of Bonkhanak
talent_name;kaveh_pairidaezas_dreams;Мечты Пайридаэзы;Pairidaeza's Dreams
talent_descr;kaveh_pairidaezas_dreams;Попадания по врагам name{обычной атакой}, name{заряженной атакой} и name{атакой в падении} name{Кавеха} во время действия skill{burst:Расписного купола} вызывают на позиции противника name{Свет Пайридаэзы}, который наносит dendro{Дендро урон} по площади, равный value{61,8%} от name{силы атаки} name{Кавеха}, и взрывает все dendro{Дендро ядра} в области действия. Этот эффект может возникнуть раз в 3 сек.;When name{Kaveh}'s name{Normal}, name{Charged}, or name{Plunging Attacks} hit opponents during skill{burst:Painted Dome}, they will unleash name{Pairidaeza's Light} upon the opponent's position, dealing value{61.8%} of name{Kaveh}'s name{ATK} as AoE dendro{Dendro DMG} and causing all dendro{Dendro Cores} within that AoE to burst. This effect can be triggered once every 3s.
talent_name;keqing_thundering_penance;Небесное покаяние;Thundering Penance
talent_descr;keqing_thundering_penance;При повторной активации навыка skill{skill:Возвращение звезды}, когда на поле боя есть name{Громовой стилет}, оружие name{Кэ Цин} наделяется инфузией electro{Электро} на 5 сек.;After recasting skill{skill:Stellar Restoration} while a name{Lightning Stiletto} is present, name{Keqing}'s weapon gains an electro{Electro} Infusion for 5s.
talent_name;keqing_aristocratic_dignity;Благородие аристократа;Aristocratic Dignity
talent_descr;keqing_aristocratic_dignity;Активация навыка skill{burst:Меч небесного тракта} увеличивает name{шанс крит. попадания} name{Кэ Цин} и её name{восстановление энергии} на %{crit_rate}. Эффект длится 8 сек.;When casting skill{burst:Starward Sword}, name{Keqing}'s name{CRIT Rate} is increased by %{crit_rate}, and her name{Energy Recharge} is increased by %{recharge}. This effect lasts for 8s.
talent_name;keqing_thundering_might;Громовая мощь;Thundering Might
talent_descr;keqing_thundering_might;При повторной активации навыка skill{skill:Возвращение звезды}, когда на поле боя есть name{Громовой стилет}, name{Кэ Цин} в начальной и конечной точке своей телепортации наносит electro{Электро урон} по площади, равный %{text_percent_dmg} от её name{силы атаки}.;Recasting skill{skill:Stellar Restoration} while a name{Lightning Stiletto} is present causes name{Keqing} to deal %{text_percent_dmg} of her name{ATK} as AoE electro{Electro DMG} at the start point and terminus of her Blink.
talent_name;keqing_keen_extraction;Тяжёлые налоги;Keen Extraction
talent_descr;keqing_keen_extraction;Попадания name{Кэ Цин} по врагу с эффектом electro{Электро} имеют 50% шанс создать элементальную частицу.<br>Может возникнуть раз в 5 сек.;When name{Keqing}'s name{Normal} and name{Charged Attacks} hit opponents affected by electro{Electro}, they have a 50% chance of producing an Elemental Particle.<br>This effect can only occur once every 5s.
talent_name;keqing_foreseen_reformation;Верх иерархии;Foreseen Reformation
talent_name;keqing_attunement;Настройка инструмента;Attunement
talent_descr;keqing_attunement;При вызове electro{Электро} реакций name{Кэ Цин} увеличивает name{силу атаки} на %{atk_percent} в течение 10 сек.;For 10s after name{Keqing} triggers an electro{Electro}-related name{Elemental Reaction}, her name{ATK} is increased by %{atk_percent}.
talent_name;keqing_beckoning_stars;Мановение звёзд;Beckoning Stars
talent_name;keqing_tenacious_star;Упорная звезда;Tenacious Star
talent_descr;keqing_tenacious_star;При выполнении name{обычной} или name{заряженной атаки}, либо при активации name{элементального навыка} или name{взрыва стихии} name{Кэ Цин} получает %{dmg_electro} бонус electro{Электро урона} на 8 сек.<br>Эффекты, вызванные name{обычной атакой}, name{заряженной атакой}, name{элементным навыком} или name{взрывом стихии}, существуют независимо друг от друга.;When initiating a name{Normal Attack}, a name{Charged Attack}, name{Elemental Skill} or name{Elemental Burst}, name{Keqing} gains a %{dmg_electro} electro{Electro DMG Bonus} for 8s.<br>Effects triggered by name{Normal Attacks}, name{Charged Attacks}, name{Elemental Skills} and name{Elemental Bursts} are considered independent entities.
talent_name;kinich_the_price_of_desolation;Цена запустения;The Price of Desolation
talent_descr;kinich_the_price_of_desolation;Враги, поражённые name{элементальным навыком} name{Кинича} в состоянии name{Благословение Ночного духа}, входят в состояние name{Запустения}. Получая урон от реакций pyro{Горение} или dendro{Цветение}, они предоставляют name{Киничу} 7 очков name{Ночного духа}. Получать Очки name{Ночного духа} таким способом можно не чаще одного раза в 0,8 сек. Запустение действует до тех пор, пока не завершится текущее name{Благословение Ночного духа} name{Кинича}.;When name{Kinich} is in name{Nightsoul's Blessing} state, opponents hit by his name{Elemental Skill} will enter the name{Desolation} state, and when affected by pyro{Burning} or dendro{Burgeon} reaction DMG, they will restore 7 name{Nightsoul points} to him. name{Nightsoul points} can be gained this way once every 0.8s. The name{Desolation} state will persist until this instance of name{Kinich}'s name{Nightsoul's Blessing} state ends.
talent_name;kinich_flame_spirit_pact;Договор огненного духа;Flame Spirit Pact
talent_descr;kinich_flame_spirit_pact;После того как член отряда поблизости активирует name{Вспышку Ночного духа}, name{Кинич} получает 1 уровень name{Опыта охотника}. Этот эффект длится 15 сек. и складывается до 2 раз. Когда name{Кинич} применяет name{Чешуебой} навыка skill{skill:Охотник Крон: Верхом на высотах}, все уровни name{Опыта охотника} расходуются, и каждый израсходованный уровень увеличивает урон этой атаки name{Чешуебоя} на %{text_percent} от name{силы атаки} name{Кинича}.;After a nearby party member triggers a name{Nightsoul Burst}, name{Kinich} will gain 1 stack of name{Hunter's Experience} that lasts 15s. Max 2 stacks. When name{Kinich} uses skill{skill:Canopy Hunter: Riding High}'s name{Scalespiker Cannon}, all stacks of name{Hunter's Experience} will be consumed, with each stack consumed increasing the DMG dealt by this name{Cannon} shot by %{text_percent} of name{Kinich}'s name{ATK}.
talent_name;kinich_parrots_beak;Клюв попугая;Parrot's Beak
talent_descr;kinich_parrots_beak;После того как name{Кинич} приземляется, совершив прыжок навыка skill{skill:Охотник Крон: Верхом на высотах}, его name{скорость передвижения} повышается на %{move_speed} на 6 сек.<br>Кроме того, name{крит. урон} name{Чешуебоя} увеличится на %{crit_dmg_skill_kinich}.;After name{Kinich} lands from skill{skill:Canopy Hunter: Riding High}'s mid-air swing, his name{Movement SPD} will increase by %{move_speed} for 6s.<br>Additionally, name{Scalespiker Cannon}'s name{CRIT DMG} is increased by %{crit_dmg_skill_kinich}.
talent_name;kinich_tiger_beetles_palm;Ладонь жука-скакуна;Tiger Beetle's Palm
talent_descr;kinich_tiger_beetles_palm_1;Элементальный навык name{Кинича}, попадая по противникам, снижает их dendro{Дендро сопротивление} на %{enemy_res_dendro} на 6 сек.;When name{Kinich}'s name{Elemental Skill} hits an opponent, it will decrease their dendro{Dendro RES} by %{enemy_res_dendro} for 6s.
talent_descr;kinich_tiger_beetles_palm_2;Кроме того, первый выстрел из name{Чешуебоя} name{Кинича} в состоянии name{Благословение Ночного духа} обладает повышенной зоной поражения, а его урон увеличивается на %{dmg_skill_kinich}.;Additionally, the first name{Scalespiker Cannon} name{Kinich} fires after entering name{Nightsoul's Blessing} has increased AoE, and its DMG increases by %{dmg_skill_kinich}.
talent_name;kinich_protosuchians_claw;Когти протозухиев;Protosuchian's Claw
talent_name;kinich_hummingbirds_feather;Перо колибри;Hummingbird's Feather
talent_descr;kinich_hummingbirds_feather;После выполнения кольцевых выстрелов или применения name{Чешуебоя} в состоянии name{Благословение Ночного духа} name{Кинич} восстанавливает 5 name{ед. энергии}. Восстанавливать энергию таким образом можно не чаще одного раза в 2,8 сек.<br>Кроме того, урон навыка skill{burst:Слава драконьему величеству} увеличивается на %{dmg_burst_kinich}.;When in name{Nightsoul's Blessing}, name{Kinich} will restore 5 name{Energy} after using his name{Loop Shots} or after unleashing the name{Scalespiker Cannon}. name{Energy} can be regenerated this way once every 2.8s.<br>Additionally, skill{burst:Hail to the Almighty Dragonlord} deals %{dmg_burst_kinich} more DMG.
talent_name;kinich_howler_monkeys_tail;Хвост ревуна;Howler Monkey's Tail
talent_name;kinich_auspicious_beasts_shape;Силуэт благовещего зверя;Auspicious Beast's Shape
talent_descr;kinich_auspicious_beasts_shape;name{Чешуебой}, поразив противника, рикошетит один раз между врагами, нанося %{text_percent_dmg} dendro{Дендро урона} от name{силы атаки} name{Кинича}.<br>Если name{Чешуебой} в этот раз активирует усиления, предоставляемые ему талантом возвышения name{Договор огненного духа} или созвездием name{Ладонь жука-скакуна}, то рикошет тоже получает соответствующие усиления.;"After name{Scalespiker Cannon} hits an opponent, it will bounce between opponents once, dealing %{text_percent_dmg} of name{Kinich}'s name{ATK} as dendro{Dendro DMG}.<br>If this name{Scalespiker Cannon} triggers the buffs that Ascension Talent ""name{Flame Spirit Pact}"" or the Constellation ""name{Tiger Beetle's Palm}"" grant to the name{Cannon}, the bouncing attack will also obtain the relevant buffs."
talent_name;kirara_bewitching_betwitching_tails;Чарующие хвосты;Bewitching, Betwitching Tails
talent_descr;kirara_bewitching_betwitching_tails;Каждый раз, когда name{Кирара} в состоянии name{Срочной посылки нэко} skill{skill:Мяутеоритного удара} врезается во врага, она получает один уровень эффекта skill{skill:Усиленная упаковка}. Этот эффект может возникнуть один раз в 0,5 сек. для каждого врага и складывается до 3 раз. Когда состояние name{Срочной посылки нэко} завершается, каждый уровень name{Усиленной упаковки} даёт name{Кираре} по одному name{Щиту безопасной перевозки}. Поглощение урона щитов, созданных таким образом, равно %{text_percent} от поглощения урона name{Щита безопасной перевозки} skill{skill:Мяутеоритного удара}. Если name{Кирара} уже находится под защитой name{Щита безопасной перевозки} name{Мяутеоритного удара}, его оставшийся поглощаемый урон суммируется с ними, а его длительность обновляется.;When name{Kirara} is in the name{Urgent Neko Parcel} state of skill{skill:Meow-teor Kick}, each impact against an opponent will grant her a stack of skill{skill:Reinforced Packaging}. This effect can be triggered once for each opponent hit every 0.5s. Max 3 stacks. When the name{Urgent Neko Parcel} state ends, each stack of name{Reinforced Packaging} will create 1 name{Shield of Safe Transport} for name{Kirara}. The shields that are created this way will have %{text_percent} of the DMG absorption that the name{Shield of Safe Transport} produced by skill{skill:Meow-teor Kick} would have. If name{Kirara} is already protected by a name{Shield of Safe Transport} created by name{Meow-teor Kick}, its DMG absorption will stack with these shields and its duration will reset.
talent_name;kirara_pupillary_variance;Своевременная путаница;Pupillary Variance
talent_descr;kirara_pupillary_variance;За каждые 1000 ед. name{макс. HP} name{Кирары} урон, наносимый skill{skill:Мяутеоритным ударом}, увеличивается на %{text_percent_skill}, а урон, наносимый skill{burst:Неожиданным отправлением}, - на %{text_percent_burst}.;Every 1,000 name{Max HP} name{Kirara} possesses will increase the DMG dealt by skill{skill:Meow-teor Kick} by %{text_percent_skill}, and the DMG dealt by skill{burst:Secret Art: Surprise Dispatch} by %{text_percent_burst}.
talent_name;kirara_material_circulation;Оборот материалов;Material Circulation
talent_descr;kirara_material_circulation;При активации skill{burst:Неожиданного отправления} name{Кирара} создаёт 1 дополнительное skill{burst:Семя кошачьей мяты} за каждые %{text_value_hp} ед. своего name{макс. HP}. Таким образом можно создать до 4 дополнительных семян.;Every %{text_value_hp} name{Max HP} name{Kirara} possesses will cause her to create 1 extra skill{burst:Cat Grass Cardamom} when she uses skill{burst:Secret Art: Surprise Dispatch}. A maximum of 4 extra can be created this way.
talent_name;kirara_perfectly_packaged;Высшее искусство упаковки;Perfectly Packaged
talent_descr;kirara_perfectly_packaged;Когда name{Кирара} в состоянии name{Срочной посылки нэко} skill{skill:Мяутеоритного удара} врезается в другого члена отряда, она наделяет его name{Щитом важной перевозки}.<br>Поглощение урона name{Щита важной перевозки} равно %{text_percent_shield} макс. поглощения урона name{Щита безопасной перевозки}, созданного skill{skill:Мяутеоритным ударом}. name{Щит важной перевозки} поглощает dendro{Дендро урон} с 250% эффективностью.<br>name{Щит важной перевозки} длится 12 сек. и может возникнуть на каждом персонаже раз в 10 сек.;When name{Kirara} is in the name{Urgent Neko Parcel} state of skill{skill:Meow-teor Kick}, she will grant other party members she crashes into name{Critical Transport Shields}.<br>The DMG absorption of name{Critical Transport Shield} is %{text_percent_shield} of the maximum absorption skill{skill:Meow-teor Kick}'s normal name{Shields of Safe Transport} are capable of, and will absorb dendro{Dendro DMG} with 250% effectiveness.<br>name{Critical Transport Shields} last 12s and can be triggered once on each character every 10s.
talent_name;kirara_universal_recognition;Знание всех адресов;Universal Recognition
talent_name;kirara_steed_of_skanda;Лошадь Сканды;Steed of Skanda
talent_descr;kirara_steed_of_skanda;Когда name{обычные атаки}, name{заряженные атаки} и name{атаки в падении} активного персонажа со skill{skill:Щитом безопасной перевозки} или skill{skill:Щитом важной перевозки} попадают по противникам, name{Кирара} совершает совместную атаку, используя skill{burst:малые Семена кошачьей мяты}, и наносит dendro{Дендро урон} в размере %{text_percent_atk} от своей name{силы атаки}. Наносимый таким образом урон считается уроном name{взрыва стихии}. Эффект может возникнуть раз в 3,8 сек. Время отката общее для всех членов отряда.;After active character(s) protected by skill{skill:Shields of Safe Transport} or skill{skill:Critical Transport Shields} hit opponents with name{Normal}, name{Charged}, or name{Plunging Attacks}, name{Kirara} will perform a coordinated attack with them using skill{burst:Small Cat Grass Cardamoms}, dealing %{text_percent_atk} of her name{ATK} as dendro{Dendro DMG}. DMG dealt this way is considered name{Elemental Burst DMG}. This effect can be triggered once every 3.8s. This CD is shared between all party members.
talent_name;kirara_a_thousand_miles_in_a_day;Тысяча километров в день;A Thousand Miles in a Day
talent_name;kirara_countless_sights_to_see;Сотни пейзажей;Countless Sights to See
talent_descr;kirara_countless_sights_to_see;Когда name{Кирара} активирует name{элементальный навык} или name{взрыв стихии}, все члены отряда поблизости на 15 сек. получают %{dmg_pyro} бонус урона name{всеми элементами}.;All nearby party members gain a %{dmg_pyro} All name{Elemental DMG Bonus} for 15s after name{Kirara} uses her name{Elemental Skill} or name{Burst}.
talent_name;klee_pounding_surprise;Тук-тук, кто там?;Pounding Surprise
talent_descr;klee_pounding_surprise;При нанесении урона навыком skill{skill:Прыг-скок бомба} или name{обычной атакой}, name{Кли} имеет 50% шанс получить name{Взрывную искру}.<br>name{Взрывная искра} тратится при следующей name{заряженной атаке}, которая наносит на %{dmg_charged} больше урона и не потребляет выносливость.;When skill{skill:Jumpy Dumpty} and name{Normal Attacks} deal DMG, name{Klee} has a 50% chance to obtain an name{Explosive Spark}.<br>This name{Explosive Spark} is consumed by the next name{Charged Attack}, which costs no Stamina and deals %{dmg_charged} increased DMG.
talent_name;klee_sparkling_burst;Искры без границ;Sparkling Burst
talent_descr;klee_sparkling_burst;При критическом попадании name{заряженной атакой} name{Кли} все члены отряда получают 2 ед. name{элементальной энергии}.;When name{Klee}'s name{Charged Attack} results in a CRIT Hit, all party members gain 2 name{Elemental Energy}.
talent_name;klee_chained_reactions;Цепные реакции;Chained Reactions
talent_descr;klee_chained_reactions;Исполнение атак и навыков имеет шанс забросать врагов искрами, нанося урон, равный %{text_percent_dmg} от урона навыка skill{burst:Грохот и искры}.;Attacks and Skills have a certain chance to summon sparks that bombard opponents, dealing DMG equal to %{text_percent_dmg} of skill{burst:Sparks 'n' Splash}'s DMG.
talent_name;klee_explosive_frags;Осколочные мины;Explosive Frags
talent_descr;klee_explosive_frags;Мины навыка skill{skill:Прыг-скок бомба} уменьшают защиту коснувшихся их врагов на %{enemy_def_reduce} в течение 10 сек.;Being hit by skill{skill:Jumpy Dumpty}'s mines decreases opponents' name{DEF} by %{enemy_def_reduce} for 10s.
talent_name;klee_exquisite_compound;Фирменный ингредиент;Exquisite Compound
talent_name;klee_sparkly_explosion;Взрывоопасно;Sparkly Explosion
talent_descr;klee_sparkly_explosion;Если name{Кли} покидает поле боя во время навыка skill{burst:Грохот и искры}, активируется взрыв, который наносит %{text_percent_dmg} её name{силы атаки} в качестве pyro{Пиро урона} по площади.;If name{Klee} leaves the field during the duration of skill{burst:Sparks 'n' Splash}, her departure triggers an explosion that deals %{text_percent_dmg} of her name{ATK} as AoE pyro{Pyro DMG}.
talent_name;klee_nova_burst;Сверхновая звезда;Nova Burst
talent_name;klee_blazing_delight;Пламенный восторг;Blazing Delight
talent_descr;klee_blazing_delight;Когда навык skill{burst:Грохот и искры} активен, name{Кли} каждые 3 сек. восстанавливает 3 ед. name{элементальной энергии} другим членам отряда.<br>Активация навыка skill{burst:Грохот и искры} даёт всем членам отряда %{dmg_pyro} бонус pyro{Пиро урона} на 25 сек.;While under the effects of skill{burst:Sparks 'n' Splash}, name{Klee} will regenerate 3 name{Energy} for all members of the party (excluding name{Klee}) every 3s.<br>When skill{burst:Sparks 'n' Splash} is used, all party members will gain a %{dmg_pyro} pyro{Pyro DMG Bonus} for 25s.
talent_name;kujou_sara_immovable_will;Недвижимая воля;Immovable Will
talent_descr;kujou_sara_immovable_will;Нахождение в состоянии name{Укрытия вороньего пера} навыка skill{skill:Призыв грозы тэнгу} уменьшает время заряда name{прицельного выстрела} на %{text_percent}.;While in the name{Crowfeather Cover} state provided by skill{skill:Tengu Stormcall}, name{Aimed Shot} charge times are decreased by %{text_percent}.
talent_name;kujou_sara_decorum;Этикет;Decorum
talent_descr;kujou_sara_decorum;Когда name{Тэнгу дзюрай}: Засада попадает атакой по противнику, name{Кудзё Сара} восстанавливает 1,2 name{ед. энергии} всем членам отряда за каждые 100% своего показателя name{восстановления энергии}.<br>Этот эффект может возникнуть только 1 раз каждые 3 сек.;When name{Tengu Juurai: Ambush} hits opponents, name{Kujou Sara} will restore 1.2 name{Energy} to all party members for every 100% name{Energy Recharge} she has. This effect can be triggered once every 3s.
talent_name;kujou_sara_crows_eye;Глаз ворона;Crow's Eye
talent_descr;kujou_sara_crows_eye;Когда name{Тэнгу дзюрай} дают персонажам бонус атаки или попадают по противнику, время отката навыка skill{skill:Призыв грозы тэнгу} уменьшается на 1 сек.<br>Этот эффект может возникнуть только 1 раз каждые 3 сек.;When name{Tengu Juurai} grants characters name{ATK} Bonuses or hits opponents, the CD of skill{skill:Tengu Stormcall} is decreased by 1s.<br>This effect can be triggered once every 3s.
talent_name;kujou_sara_dark_wings;Тёмные крылья;Dark Wings
talent_descr;kujou_sara_dark_wings;Активация навыка skill{skill:Призыв грозы тэнгу} оставляет на месте Кудзё Сары name{Воронье перо}, которое призывает слабого name{Тэнгу дзюрай}: Засада, наносящего %{text_percent_dmg} изначального урона.;Unleashing skill{skill:Tengu Stormcall} will leave a weaker name{Crowfeather} at name{Kujou Sara}'s original position that will deal %{text_percent_dmg} of its original DMG.
talent_name;kujou_sara_the_war_within;Внутренняя война;The War Within
talent_name;kujou_sara_conclusive_proof;Неоспоримое доказательство;Conclusive Proof
talent_descr;kujou_sara_conclusive_proof;Количество призванных навыком skill{burst:Подчинение: Коко сэндо} name{Тэнгу дзюрай}: Громокластер увеличено до 6.;The number of name{Tengu Juurai: Stormcluster} released by skill{burst:Subjugation: Koukou Sendou} is increased to 6.
talent_name;kujou_sara_spellsinger;Заклинательная песнь;Spellsinger
talent_name;kujou_sara_sin_of_pride;Грех гордыни;Sin of Pride
talent_descr;kujou_sara_sin_of_pride;Критический electro{Электро урон} персонажей, получивших бонус атаки от name{Тэнгу дзюрай}, увеличивается на %{crit_dmg_electro}.;The electro{Electro DMG} of characters who have had their name{ATK} increased by name{Tengu Juurai} has its name{CRIT DMG} increased by %{crit_dmg_electro}.
talent_name;kuki_shinobu_breaking_free;Освобождение;Breaking Free
talent_descr;kuki_shinobu_breaking_free;name{Бонус лечения} увеличивается на %{healing}, когда name{HP} name{Куки Синобу} не превышает 50%.;When name{Shinobu}'s name{HP} is not higher than 50%, her name{Healing Bonus} is increased by %{healing}.
talent_name;kuki_shinobu_hearts_repose;Спокойствие духа;Heart's Repose
talent_descr;kuki_shinobu_hearts_repose;Характеристики skill{skill:Освящающего кольца} улучшаются в зависимости от name{мастерства стихий} name{Синобу}:<br>· Лечение увеличивается на %{text_percent_healing} от name{мастерства стихий}.<br>· Урон увеличивается на %{text_percent_dmg} от name{мастерства стихий}.;skill{skill:Sanctifying Ring}'s abilities will be boosted based on name{Shinobu}'s name{Elemental Mastery}:<br>·Healing amount will be increased by %{text_percent_healing} of name{Elemental Mastery}.<br>·DMG dealt is increased by %{text_percent_dmg} of name{Elemental Mastery}.
talent_name;kuki_shinobu_to_cloister_compassion;Отказ от сострадания;To Cloister Compassion
talent_descr;kuki_shinobu_to_cloister_compassion;Зона поражения навыка skill{burst:Обряд Гёэй Наруками Карияма} увеличивается на 50%.;skill{burst:Gyoei Narukami Kariyama Rite}'s AoE is increased by 50%.
talent_name;kuki_shinobu_to_forsake_fortune;Отказ от удачи;To Forsake Fortune
talent_descr;kuki_shinobu_to_forsake_fortune;Длительность skill{skill:Травяного кольца освящения} увеличивается на 3 сек.;skill{skill:Grass Ring of Sanctification}'s duration is increased by 3s.
talent_name;kuki_shinobu_to_sequester_sorrow;Отказ от страданий;To Sequester Sorrow
talent_name;kuki_shinobu_to_sever_sealing;Отказ от затворничества;To Sever Sealing
talent_descr;kuki_shinobu_to_sever_sealing;Когда name{обычные атаки}, name{заряженные атаки} и name{атаки в падении} персонажей под действием skill{skill:Травяного кольца освящения} name{Синобу} попадают по противникам, на их позиции появляется name{Метка громовой травы}, наносящая electro{Электро урон} по площади, который составляет %{text_percent} от name{макс. HP} name{Синобу}.<br>Эффект может возникнуть один раз в 5 сек.;When the name{Normal}, name{Charged}, or name{Plunging Attacks} of the character affected by name{Shinobu}'s skill{skill:Grass Ring of Sanctification} hit opponents, a name{Thundergrass Mark} will land on the opponent's position and deal AoE electro{Electro DMG} based on %{text_percent} of name{Shinobu}'s name{Max HP}.<br>This effect can occur once every 5s.
talent_name;kuki_shinobu_to_cease_courtesies;Отказ от любезностей;To Cease Courtesies
talent_name;kuki_shinobu_to_ward_weakness;Отказ от слабости;To Ward Weakness
talent_descr;kuki_shinobu_to_ward_weakness;Когда name{Куки Синобу} получает летальный урон, то не погибает от него. Этот эффект активируется автоматически, когда у name{Куки Синобу} остаётся 1 name{HP}. Может возникнуть раз в 60 сек.<br>Когда name{HP} name{Куки Синобу} опускается до 25% или ниже, её name{мастерство стихий} увеличивается на %{mastery} ед. на 15 сек. Эффект может возникнуть раз в 60 сек.;When name{Kuki Shinobu} takes lethal DMG, this instance of DMG will not take her down. This effect will automatically trigger when her name{HP} reaches 1 and will trigger once every 60s.<br>When name{Shinobu}'s name{HP} drops below 25%, she will gain %{mastery} name{Elemental Mastery} for 15s. This effect will trigger once every 60s.
talent_name;lan_yan_four_sealing_divination_charms;Четыре запечатывающих прорицание амулета;Four Sealing Divination Charms
talent_descr;lan_yan_four_sealing_divination_charms;Если рывок name{элементального навыка} skill{skill:Порхающий танец ласточкиных перьев}, попадая по цели, взаимодействует с hydro{Гидро}/pyro{Пиро}/cryo{Крио}/electro{Электро}, то name{Щит порхающей ласточки} изменяет свой элемент, после чего поглощает соответствующий элемент с эффективностью 250%.<br>Кроме того, если во время этого использования skill{skill:Порхающего танца ласточкиных перьев} name{Щит порхающей ласточки} сменил свой элемент, то name{Кольца лунного пера}, которые name{Лань Янь} бросает во врагов, наносят дополнительный урон соответствующим элементом, равный %{text_percent_dmg} от их исходного урона. Этот урон считается уроном name{элементального навыка}.;When the dash from the name{Elemental Skill} skill{skill:Swallow-Wisp Pinion Dance} hits a target, if it interacts with hydro{Hydro}/pyro{Pyro}/cryo{Cryo}/electro{Electro}, the name{Swallow-Wisp Shield} will undergo Elemental Absorption, with the converted shield absorbing DMG from the corresponding element with 250% efficiency.<br>Additionally, if this use of skill{skill:Swallow-Wisp Pinion Dance} causes the name{Swallow-Wisp Shield} to undergo Elemental Absorption, the name{Feathermoon Rings} that name{Lan Yan} throws at her foes additionally deal name{Elemental DMG} equal to %{text_percent_dmg} of the original in the corresponding Elemental Type. This DMG is considered name{Elemental Skill DMG}.
talent_name;lan_yan_skyfeather_evil_subduing_charm;Защищающее от зла перо-талисман;Skyfeather Evil-Subduing Charm
talent_descr;lan_yan_skyfeather_evil_subduing_charm;Урон name{элементального навыка} skill{skill:Порхающий танец ласточкиных перьев} и name{взрыва стихии} skill{burst:Лучезарный восход луны} повышается на %{skill_base_mastery_percent} и %{burst_base_mastery_percent} от name{мастерства стихий} name{Лань Янь} соответственно.;The name{Elemental Skill} skill{skill:Swallow-Wisp Pinion Dance} and the name{Elemental Burst} skill{burst:Lustrous Moonrise} deal increased DMG equal to %{skill_base_mastery_percent} and %{burst_base_mastery_percent} of name{Lan Yan}'s name{Elemental Mastery} respectively.
talent_name;lan_yan_as_one_might_stride_betwixt_the_clouds;«Словно кто-то бредёт средь облаков»;"""As One Might Stride Betwixt the Clouds"""
talent_descr;lan_yan_as_one_might_stride_betwixt_the_clouds;После активации изменения элемента таланта возвышения name{Четыре запечатывающих прорицание амулета} это использование name{элементального навыка} name{Лань Янь} skill{skill:Порхающий танец ласточкиных перьев}, когда во врагов выпускаются name{Кольца лунного пера}, создаст дополнительное name{Кольцо лунного пера}.<br>Требуется разблокировать талант возвышения name{Четыре запечатывающих прорицание амулета}.;"After triggering the Elemental Absorption from the Ascension Talent ""name{Four Sealing Divination Charms},"" this instance of name{Lan Yan}'s name{Elemental Skill} skill{skill:Swallow-Wisp Pinion Dance} will produce another name{Feathermoon Ring} when they are thrown at opponents.<br>You must first unlock the Ascension Talent ""name{Four Sealing Divination Charms}."""
talent_name;lan_yan_dance_vestments_billow_like_rainbow_jade;«Одежды в танце развеваются подобно радужному нефриту»;"""Dance Vestments Billow Like Rainbow Jade"""
talent_descr;lan_yan_dance_vestments_billow_like_rainbow_jade;Когда skill{skill:Щит порхающей ласточки} активен, а активный персонаж вашего отряда наносит урон name{обычной атакой}, восстановится 40% поглощения урона щита вплоть до исходного значения поглощения. Этот эффект может возникнуть один раз в 2 сек.;While the skill{skill:Swallow-Wisp Shield} is active, when your active party member's name{Normal Attacks} deal DMG, 40% of the Shield's DMG absorption will be restored, up to its original maximum absorption. This effect can occur once every 2s.
talent_name;lan_yan_on_white_wings_pierce_through_cloud_and_fog;«Пронзая туман и облака на белых крыльях»;"""On White Wings Pierce Through Cloud and Fog"""
talent_name;lan_yan_with_drakefalcons_blood_pearls_adorned;«С украшением из кровавых жемчужин драконового ястреба»;"""With Drakefalcon's Blood-Pearls Adorned"""
talent_descr;lan_yan_with_drakefalcons_blood_pearls_adorned;В течение 12 сек. после применения name{взрыва стихии} skill{burst:Лучезарный восход луны} name{мастерство стихий} персонажей отряда поблизости повышается на %{mastery} ед.;After name{Lan Yan} uses her name{Elemental Burst} skill{burst:Lustrous Moonrise}, the name{Elemental Mastery} of all nearby party members increases by %{mastery} for 12s.
talent_name;lan_yan_having_met_you_my_heart_is_gladdened;«Встреча с тобой наполнила сердце радостью»;"""Having Met You, My Heart is Gladdened"""
talent_name;lan_yan_let_us_away_on_sylphic_wing_the_silvered_ornaments_to_ring;«Улетим на крыльях ветра под пение серебряных прикрас»;"""Let Us Away on Sylphic Wing, the Silvered Ornaments to Ring"""
talent_descr;lan_yan_let_us_away_on_sylphic_wing_the_silvered_ornaments_to_ring;Увеличивает количество зарядов навыка skill{skill:Порхающий танец ласточкиных перьев} на 1.;skill{skill:Swallow-Wisp Pinion Dance} gains 1 additional charge.
talent_name;layla_like_nascent_light;Зарождающийся свет;Like Nascent Light
talent_descr;layla_like_nascent_light;Пока активен skill{Полог сновидений}, с каждой новой name{Ночной звездой} на name{Пологе} активируется name{Глубокий сон}:<br>· name{Прочность щита} персонажа под воздействием name{Полога сновидений} увеличивается на %{shield}.<br>· Эффект складывается до 4 раз и существует до тех пор, пока не исчезнет name{Полог сновидений}.;While the skill{Curtain of Slumber} is active, the name{Deep Sleep} effect will activate each time the name{Curtain} gains 1 name{Night Star}:<br>·The name{Shield Strength} of a character under the effect of the name{Curtain of Slumber} increases by %{shield}.<br>·This effect can have a maximum of 4 stacks and persists until the name{Curtain of Slumber} disappears.
talent_name;layla_sweet_slumber_undisturbed;Непотревоженный сон;Sweet Slumber Undisturbed
talent_descr;layla_sweet_slumber_undisturbed;Урон name{Метеоров} skill{skill:Ночей почтенного сосредоточения} повышается на %{text_percent} от name{макс. HP} name{Лайлы}.;The DMG dealt by the name{Shooting Stars} fired by skill{skill:Nights of Formal Focus} is increased by %{text_percent} of name{Layla}'s name{Max HP}.
talent_name;layla_fortress_of_fantasy;Крепость фантазий;Fortress of Fantasy
talent_descr;layla_fortress_of_fantasy;Поглощение урона name{Полога сновидений} навыка skill{skill:Ночи почтенного сосредоточения} увеличивается на %{text_percent_bonus}.<br>Активация навыка name{Ночи почтенного сосредоточения} на 12 сек. наделит не защищённых name{Пологом сновидений} персонажей щитом, поглощение урона которого составляет %{text_percent_shield} от поглощения name{Полога сновидений}. cryo{Крио урон} поглощается им с эффективностью 250%.;The Shield Absorption of the name{Curtain of Slumber} generated by skill{skill:Nights of Formal Focus} is increased by %{text_percent_bonus}.<br>Additionally, when unleashing name{Nights of Formal Focus}, she will generate a shield for any nearby party members who are not being protected by a name{Curtain of Slumber}. This shield will have %{text_percent_shield} of the absorption of a name{Curtain of Slumber}, will last for 12s, and will absorb cryo{Cryo DMG} with 250% effectiveness.
talent_name;layla_lights_remit;Власть света;Light's Remit
talent_descr;layla_lights_remit;Попадая по противникам, каждый name{Метеор} навыка skill{skill:Ночи почтенного сосредоточения} восстанавливает 1 ед. name{элементальной энергии} name{Лайлы}. Каждый name{Метеор} может таким образом восстановить энергию name{Лайлы} один раз.;When name{Shooting Stars} from skill{skill:Nights of Formal Focus} strike opponents, they will each restore 1 name{Energy} to name{Layla}. Each name{Shooting Star} can restore name{Energy} to her in this manner once.
talent_name;layla_secrets_of_the_night;Тайны долгой ночи;Secrets of the Night
talent_name;layla_starry_illumination;Звёздный свет;Starry Illumination
talent_descr;layla_starry_illumination;Когда навык skill{skill:Ночи почтенного сосредоточения} начинает запускать name{Метеоры}, он наделяет всех окружающих членов отряда name{Сумеречной звездой}, что увеличивает урон их name{обычных} и name{заряженных атак} на %{text_percent_dmg} от name{макс. HP} name{Лайлы}.<br>name{Сумеречная звезда} длится до 3 сек. и исчезает через 0,05 сек. после нанесения урона name{обычной} или name{заряженной атакой}.;When skill{skill:Nights of Formal Focus} starts to fire off name{Shooting Stars}, it will grant all nearby party members the name{Dawn Star} effect, causing their name{Normal} and name{Charged Attack DMG} to increase based on %{text_percent_dmg} of name{Layla}'s name{Max HP}.<br>name{Dawn Star} can last up to 3s and will be removed 0.05s after dealing name{Normal} or name{Charged Attack DMG}.
talent_name;layla_stream_of_consciousness;Ручей сознания;Stream of Consciousness
talent_name;layla_radiant_soulfire;Лучезарное пламя души;Radiant Soulfire
talent_descr;layla_radiant_soulfire;Урон name{Метеоров} навыка skill{skill:Ночи почтенного сосредоточения} и Зарядов звёздного света навыка skill{burst:Сон колыбели звёзд} повышается на %{dmg_skill_layla}.<br>Кроме того, интервал созданияname{ Ночных звёзд} навыка name{Ночи почтенного сосредоточения} сокращается на 20%.;name{Shooting Stars} from skill{skill:Nights of Formal Focus} deal %{dmg_skill_layla} increased DMG, and name{Starlight Slugs} from skill{burst:Dream of the Star-Stream Shaker} deal %{dmg_burst_layla} increased DMG.<br>Additionally, the interval between the creation of name{Night Stars} via name{Nights of Formal Focus} is decreased by 20%.
talent_name;lisa_induced_aftershock;Остаточная индукция;Induced Aftershock
talent_descr;lisa_induced_aftershock;Попадания name{заряженной атакой} накладывают на врагов статус name{Проводник} навыка skill{skill:Пурпурная дуга}.;Hits by name{Charged Attacks} apply skill{skill:Violet Arc}'s name{Conductive} status to opponents.
talent_name;lisa_static_electricity_field;Сила электрического поля;Static Electricity Field
talent_descr;lisa_static_electricity_field;Попадание навыком skill{burst:Громовая роза} уменьшает name{защиту} противника на %{enemy_def_reduce} в течение 10 сек.;Opponents hit by skill{burst:Lightning Rose} have their name{DEF} decreased by %{enemy_def_reduce} for 10s.
talent_name;lisa_infinite_circuit;Замыкание цепи;Infinite Circuit
talent_descr;lisa_infinite_circuit;За каждое попадание долгим нажатием навыка skill{skill:Пурпурная дуга} name{Лиза} восстанавливает 2 name{ед. энергии}.<br>Не более 10 name{ед. энергии} за раз.;name{Lisa} regenerates 2 name{Energy} for every opponent hit while holding skill{skill:Violet Arc}.<br>A maximum of 10 name{Energy} can be regenerated in this manner at any one time.
talent_name;lisa_electromagnetic_field;Электромагнитное поле;Electromagnetic Field
talent_descr;lisa_electromagnetic_field;Долгое нажатие навыка skill{skill:Пурпурная дуга} даёт следующие эффекты:<br>· Увеличивает name{защиту} на %{def_percent}.<br>· Повышает устойчивость name{Лизы} к прерыванию.;Holding skill{skill:Violet Arc} has the following effects:<br>·Increases name{DEF} by %{def_percent}.<br>·Increases name{Lisa}'s resistance to interruption.
talent_name;lisa_resonant_thunder;Резонанс цепи;Resonant Thunder
talent_name;lisa_plasma_eruption;Извержение плазмы;Plasma Eruption
talent_descr;lisa_plasma_eruption;Увеличивает количество name{ударов молнии} навыка skill{burst:Громовая роза} до 1-3.;skill{burst:Lightning Rose} now unleashes 1-3 name{lightning bolts} when it attacks.
talent_name;lisa_electrocute;Электро казнь;Electrocute
talent_name;lisa_pulsating_witch;Импульс ведьмы;Pulsating Witch
talent_descr;lisa_pulsating_witch;При переключении на name{Лизу} накладывает на окружающих врагов 3 статуса name{Проводник} навыка skill{skill:Пурпурная дуга}.<br>Может возникнуть раз в 5 сек.;When name{Lisa} takes the field, she applies 3 stacks of skill{skill:Violet Arc}'s name{Conductive} status onto nearby opponents.<br>This effect can only occur once every 5s.
talent_name;lynette_sophisticated_synergy;Изощрённая синергия;Sophisticated Synergy
talent_descr;lynette_sophisticated_synergy;Когда в отряде есть персонажи с format{text_number=1|1}/format{text_number=2|2}/format{text_number=3|3}/format{text_number=4|4} типами элементов, активация навыка skill{burst:Фокус: Удивительное превращение} соответственно увеличивает name{силу атаки} всех персонажей отряда на format{text_number=1|8}/format{text_number=2|12}/format{text_number=3|16}/format{text_number=4|20}% на 10 сек.;Within 10s after using skill{burst:Magic Trick: Astonishing Shift}, when there are format{text_number=1|1}/format{text_number=2|2}/format{text_number=3|3}/format{text_number=4|4} Elemental Types in the party, all party members' name{ATK} will be increased by format{text_number=1|8}/format{text_number=2|12}/format{text_number=3|16}/format{text_number=4|20}% respectively.
talent_name;lynette_props_positively_prepped;Полный реквизит;Props Positively Prepped
talent_descr;lynette_props_positively_prepped;Когда призванная навыком skill{burst:Фокус: Удивительное превращение} name{Изумительная кошачья коробка} поглощает элемент, урон name{взрыва стихии} name{Линетт} увеличивается на %{dmg_burst_lynette}. Эффект действует до окончания длительности name{Изумительной кошачьей коробки}.;After the name{Bogglecat Box} summoned by skill{burst:Magic Trick: Astonishing Shift} performs Elemental Conversion, name{Lynette}'s name{Elemental Burst} will deal %{dmg_burst_lynette} more DMG. This effect will persist until the name{Bogglecat Box}'s duration ends.
talent_name;lynette_a_cold_blade_like_a_shadow;Лезвие хладной тени;A Cold Blade Like a Shadow
talent_descr;lynette_a_cold_blade_like_a_shadow;Попадание name{Выпада тени} навыка skill{skill:name{Таинственный трюк} с исчезновением} по врагу со name{Знаком тени} создаёт на его позиции вихрь, который притягивает противников поблизости.;When skill{skill:Enigmatic Feint}'s name{Enigma Thrust} hits an opponent with name{Shadowsign}, a vortex will be created at that opponent's position that will pull nearby opponents in.
talent_name;lynette_endless_mysteries;Бесконечные загадки;Endless Mysteries
talent_descr;lynette_endless_mysteries;Когда призванная навыком skill{burst:Фокус: Удивительное превращение} name{Изумительная кошачья коробка} совершает name{Яркий выстрел}, будет дополнительно произведён ещё один name{Яркий выстрел}.;Whenever the name{Bogglecat Box} summoned by skill{burst:Magic Trick: Astonishing Shift} fires a name{Vivid Shot}, it will fire an extra name{Vivid Shot}.
talent_name;lynette_cognition_inverting_gaze;Зрение искажённого разума;Cognition-Inverting Gaze
talent_name;lynette_tacit_coordination;Безмолвное единомыслие;Tacit Coordination
talent_descr;lynette_tacit_coordination;Увеличивает количество зарядов навыка skill{skill:name{Таинственный трюк} с исчезновением} на 1.;Increases skill{skill:Enigmatic Feint}'s charges by 1.
talent_name;lynette_obscuring_ambiguity;Покров заблуждений;Obscuring Ambiguity
talent_name;lynette_watchful_eye;Око прозрения истины;Watchful Eye
talent_descr;lynette_watchful_eye;Активируя name{Выпад тени} навыка skill{skill:name{Таинственный трюк} с исчезновением}, name{Линетт} получает инфузию anemo{Анемо}, а бонус anemo{Анемо урона} увеличивается на %{dmg_anemo} на 6 сек.;When name{Lynette} uses skill{skill:Enigmatic Feint}'s name{Enigma Thrust}, she will gain an anemo{Anemo} Infusion and %{dmg_anemo} anemo{Anemo DMG Bonus} for 6s.
talent_name;lyney_perilous_performance;Опасное выступление;Perilous Performance
talent_descr;lyney_perilous_performance;Если выпущенная skill{attack:стрела-реквизит} расходует name{HP} name{Лини}, призываемый ею Хохочущий котошляп, поразив цель, восстанавливает 3 name{ед. энергии} name{Лини} и увеличивает урон на %{text_percent_dmg} от name{силы атаки}.;If name{Lyney} consumes name{HP} when firing off a skill{attack:Prop Arrow}, the name{Grin-Malkin hat} summoned by the arrow will, upon hitting an opponent, restore 3 name{Energy} to name{Lyney} and increase DMG dealt by %{text_percent_dmg} of his name{ATK}.
talent_name;lyney_conclusive_ovation;Заключительные овации;Conclusive Ovation
talent_descr;lyney_conclusive_ovation;Урон name{Лини} против врагов, находящихся под действием pyro{Пиро} получает следующие усиления:<br>· Увеличивает наносимый урон на %{text_percent_dmg}. <br>· Каждый член отряда, чей элементальный тип - pyro{Пиро} (за исключением самого name{Лини}) увеличивает урон ещё на %{text_percent_bonus}.<br>Повысить урон name{Лини} против врагов под воздействием pyro{Пиро} таким образом можно не более чем на %{text_percent_max}.;The DMG name{Lyney} deals to opponents affected by pyro{Pyro} will receive the following buffs:<br>·Increases the DMG dealt by %{text_percent_dmg}.<br>·Each pyro{Pyro} party member other than name{Lyney} will cause the DMG dealt to increase by an additional %{text_percent_bonus}.<br>name{Lyney} can deal up to %{text_percent_max} increased DMG to opponents affected by pyro{Pyro} in this way.
talent_name;lyney_whimsical_wonders;Взбалмошные чудеса;Whimsical Wonders
talent_descr;lyney_whimsical_wonders;Допускает одновременное существование двух skill{Хохочущих котошляпов}.<br>Кроме того, name{стрела-реквизит} при попадании будет призывать 2 Хохочущих котошляпов, а также наделять name{Лини} 1 дополнительным уровнем name{Избыточного реквизита}. Эффект может возникнуть один раз в 15 сек.;name{Lyney} can have 2 skill{attack:Grin-Malkin Hats} present at once.<br>Additionally, name{Prop Arrows} will summon 2 name{Grin-Malkin Hats} and grant name{Lyney} 1 extra stack of name{Prop Surplus}. This effect can occur once every 15s.
talent_name;lyney_loquacious_cajoling;Завлекательное фразёрство;Loquacious Cajoling
talent_descr;lyney_loquacious_cajoling;Каждые 2 сек. на поле боя name{Лини} получает 1 уровень name{Предельного внимания}, которое повышает name{крит. урон} name{Лини} на 20%. Эффект складывается до 3 раз и исчезает, когда name{Лини} покидает бой.;When name{Lyney} is on the field, he will gain a stack of name{Crisp Focus} every 2s. Each stack will increase his name{CRIT DMG} by 20%. Max 3 stacks. This effect will be canceled when name{Lyney} leaves the field.
talent_name;lyney_prestidigitation;Ловкость рук;Prestidigitation
talent_name;lyney_well_versed_well_rehearsed;Заученный и отрепетированный план;Well-Versed, Well-Rehearsed
talent_descr;lyney_well_versed_well_rehearsed;Попадания name{заряженной атакой} pyro{Пиро} name{Лини} понижают pyro{Пиро сопротивление} поражённого врага на %{enemy_res_pyro} на 6 сек.;After an opponent is hit by name{Lyney}'s pyro{Pyro} name{Charged Attack}, this opponent's pyro{Pyro RES} will be decreased by %{enemy_res_pyro} for 6s.
talent_name;lyney_to_pierce_enigmas;Проникновение в тайны;To Pierce Enigmas
talent_name;lyney_guarded_smile;Неискренняя улыбка;Guarded Smile
talent_descr;lyney_guarded_smile;Выпустив skill{стрелу-реквизит}, name{Лини} выстреливает name{Пиротехническим снарядом: Реприза}, который наносит %{text_percent_dmg} урона Пиротехнического снаряда. Урон считается уроном name{заряженной атаки}.;When name{Lyney} fires a skill{attack:Prop Arrow}, he will fire a name{Pyrotechnic Strike: Reprised} that will deal %{text_percent_dmg} of a name{Pyrotechnic Strike}'s DMG. This DMG is considered name{Charged Attack DMG}.
talent_name;mavuika_gift_of_flaming_flowers;Дар пламенных цветов;Gift of Flaming Flowers
talent_descr;mavuika_gift_of_flaming_flowers;Когда члены отряда поблизости активируют name{Вспышку Ночного духа}, name{сила атаки} name{Мавуики} повышается на %{atk_percent} на 10 сек.;When a nearby party member triggers a name{Nightsoul Burst}, name{Mavuika}'s name{ATK} increases by %{atk_percent} for 10s.
talent_name;mavuika_kiongozi;«Кионгози»;"""Kiongozi"""
talent_descr;mavuika_kiongozi;После активации name{взрыва стихии} skill{burst:Час пылающих небес} урон активного персонажа повышается на %{text_percent_dmg} за каждое очко name{Боевого духа}, имеющееся на момент его применения. Максимальное увеличение урона активного персонажа отряда, которое можно получить таким способом, составляет %{text_percent_max}. Этот эффект длится 20 сек. и в течение этого времени постепенно убывает, пока не достигнет 0.;After using her name{Elemental Burst}, skill{Hour of Burning Skies}, every point of name{Fighting Spirit} present when it is used increases the DMG that the current active party member deals by %{text_percent_dmg}. The maximum increase obtainable this way is %{text_percent_max}, and this effect lasts 20s, decaying over this duration until it reaches 0.
talent_name;mavuika_the_night_lords_explication;Толкование Владыки ночи;The Night-Lord's Explication
talent_descr;mavuika_the_night_lords_explication;Максимум очков name{Ночного духа} name{Мавуики} увеличивается до 120, а получение name{Боевого духа} становится эффективнее на 25%.<br>Кроме того, после получения name{Боевого духа} её name{сила атаки} увеличивается на %{atk_percent} на 8 сек.;name{Mavuika}'s maximum name{Nightsoul points} are increased to 120, and she gains name{Fighting Spirit} 25% more efficiently.<br>Additionally, she gains %{atk_percent} name{ATK} for 8s after gaining name{Fighting Spirit}.
talent_name;mavuika_the_ashen_price;Цена пепла;The Ashen Price
talent_descr;mavuika_the_ashen_price_1;Когда name{Мавуика} находится в состоянии name{Благословения Ночного духа}, её базовая name{сила атаки} повышается на %{atk_base} ед., и, согласно форме name{Всеогненного вооружения}, она получает следующие эффекты:;When in the name{Nightsoul's Blessing} State, name{Mavuika}'s name{Base ATK} is increased by %{atk_base}, and she obtains the following effects based on name{All-Fire Armaments}' form:
talent_descr;mavuika_the_ashen_price_2;name{Кольцо испепеляющего сияния}: защита врагов поблизости снижается на %{text_percent_def}.;name{Ring of Searing Radiance}: Nearby opponents' name{DEF} is decreased by %{text_percent_def}.
talent_descr;mavuika_the_ashen_price_3;name{Пламецикл}: урон name{обычной атаки}, name{заряженной атаки} и Удара падающего солнца name{взрыва стихии} skill{burst:Час пылающих небес} name{Мавуики} повышается пропорционально её name{силе атаки} на %{text_percent_dmg1}/%{text_percent_dmg2}/%{text_percent_dmg3} соответственно.;name{Flamestrider}: name{Mavuika}'s name{Normal Attacks}, name{Charged Attacks}, and her Sunfell Slice from the name{Elemental Burst} skill{Hour of Burning Skies} deal %{text_percent_dmg1}, %{text_percent_dmg2}, and %{text_percent_dmg3} of her name{ATK} as increased DMG respectively.
talent_name;mavuika_the_burning_sun;Горящее солнце;The Burning Sun
talent_name;mavuika_the_leaders_resolve;Озарение лидера;The Leader's Resolve
talent_descr;mavuika_the_leaders_resolve;Усиливает эффект таланта возвышения name{Кионгози}:<br>Увеличение урона, получаемое после использования name{взрыва стихии} skill{burst:Час пылающих небес}, больше со временем не убывает, а также дополнительно даётся %{dmg_all} бонус урона.<br>Требуется разблокировать талант возвышения name{Кионгози}.;"Enhances the effects of the Ascension Talent ""name{Kiongozi}"":<br>The DMG increase gained after using the name{Elemental Burst} skill{Hour of Burning Skies} will not decay over time, and an additional %{dmg_all} name{DMG Bonus} will be gained.<br>You must first unlock the Ascension Talent ""name{Kiongozi}."""
talent_name;mavuika_the_meaning_of_truth;Значение истины;The Meaning of Truth
talent_name;mavuika_humanitys_name_unfettered;Освобождённое «имя человечества»;"""Humanity's Name"" Unfettered"
talent_descr;mavuika_humanitys_name_unfettered_1;name{Кольцо испепеляющего сияния}: когда атаки name{Кольца испепеляющего сияния} попадают в противника, пламецикл врежется в поражённого противника, нанося pyro{Пиро урон} по площади с характеристикой name{Ночного духа}, равный %{text_percent_dmg1} name{силы атаки}.<br>;name{Ring of Searing Radiance}: When the Ring's attacks hit opponents, a name{Flamestrider} will crash into the struck opponent, dealing %{text_percent_dmg1} of name{ATK} as Nightsoul-aligned AoE pyro{Pyro DMG}.<br>
talent_descr;mavuika_humanitys_name_unfettered_2;name{Пламецикл}: когда name{Мавуика} находится верхом на пламецикле, также призывается name{Кольцо испепеляющего сияния: Раскалённый образ}, который следует за ней, снижает защиту врагов поблизости на %{text_percent_def} и раз в 3 сек. наносит им pyro{Пиро урон} по площади с характеристикой name{Ночного духа}, равный %{text_percent_dmg2} её name{силы атаки}. Также усиливается способность name{Мавуики} преодолевать различные типы местности.;name{Flamestrider}: When name{Mavuika} is riding the name{Flamestrider}, she will also summon a name{Scorching Ring of Searing Radiance} to follow her, which will decrease nearby opponents' name{DEF} by %{text_percent_def} and deal %{text_percent_dmg2} of name{ATK} as Nightsoul-aligned AoE pyro{Pyro DMG} to nearby opponents once every 3s. name{Mavuika}'s terrain-crossing abilities will also be further improved.
talent_descr;mavuika_humanitys_name_unfettered_3;Кроме того, когда name{Мавуика} находится верхом на пламецикле вне боя, а её очки name{Ночного духа} опускаются до 5, она получает 80 очков. Этот эффект может возникнуть один раз в 15 сек.;Additionally, when name{Mavuika} is riding her name{Flamestrider} and is not in combat, when her name{Nightsoul points} drop to 5, she will gain 80 name{Nightsoul points}. This effect can trigger once every 15s.
talent_name;mika_suppressive_barrage;Подавляющий обстрел;Suppressive Barrage
talent_descr;mika_suppressive_barrage;В следующих ситуациях name{Ветер духа} skill{skill:Вихря звёздного инея} наделяет персонажей эффектом name{Выслеживания}, который увеличивает их name{физ. урон} на %{dmg_phys}, когда они активны:<br>· Если name{стрела потока инея} поражает более чем 1 противника, каждый дополнительно поражённый противник создаёт 1 уровень эффекта name{Выслеживания}.<br>· name{Осколок ледяной звезды}, поражая противника, создаёт 1 уровень эффекта name{Выслеживания}. Каждый name{Осколок ледяной звезды} активируется только 1 раз.<br><br>Эффект name{Выслеживания} name{Ветра духа} складывается до 3 раз. При повторной активации name{Вихря звёздного инея} во время его действия существующий name{Ветер духа} и его уровни name{Выслеживания} будут сняты.;Per the following circumstances, the name{Soulwind} state caused by skill{skill:Starfrost Swirl} will grant characters the name{Detector} effect, increasing their name{Physical DMG} by %{dmg_phys} when they are on the field.<br>·If the name{Flowfrost Arrow} hits more than one opponent, each additional opponent hit will generate 1 name{Detector} stack.<br>·When a name{Rimestar Shard} hits an opponent, it will generate 1 name{Detector} stack. Each name{Rimestar Shard} can trigger the effect 1 time.<br><br>The name{Soulwind} state can have a maximum of 3 name{Detector} stacks, and if name{Starfrost Swirl} is cast again during this duration, the pre-existing name{Soulwind} state and all its name{Detector} stacks will be cleared.
talent_name;mika_topographical_mapping;Топографическое картографирование;Topographical Mapping
talent_descr;mika_topographical_mapping;Если активный персонаж под одновременным воздействием name{Орлиного пера} skill{burst:Песни небесного пера} и name{Ветра духа} skill{skill:Вихря звёздного инея} наносит критическое попадание своей атакой, name{Ветер духа} создаст 1 уровень эффекта name{Выслеживания} таланта возвышения name{Подавляющий обстрел}. Во время действия одного и того же name{Ветра духа} таким образом можно получить 1 уровень эффекта name{Выслеживания}.<br>Кроме того, максимум уровней name{Выслеживания}, получаемых с помощью name{Ветра духа}, увеличивается на 1.<br>Требуется разблокировать талант возвышения name{Подавляющий обстрел}.;"When an active character affected by both skill{burst:Skyfeather Song}'s name{Eagleplume} and skill{skill:Starfrost Swirl}'s name{Soulwind} at once scores a CRIT Hit with their attacks, name{Soulwind} will grant them 1 stack of name{Detector} from the Ascension Talent name{Suppressive Barrage}. During a single instance of name{Soulwind}, 1 name{Detector} stack can be gained in this manner.<br>Additionally, the maximum number of stacks that can be gained through name{Soulwind} alone is increased by 1.<br>You must first unlock the Ascension Talent ""name{Suppressive Barrage}."""
talent_name;mika_factor_confluence;Непредвиденный фактор;Factor Confluence
talent_descr;mika_factor_confluence;name{Ветер духа} skill{skill:Вихря звёздного инея} сокращает интервал, с которым name{Орлиное перо} навыка skill{burst:Песнь небесного пера} восстанавливает name{HP}. Процент сокращения соответствует увеличению скорости атаки name{Ветра духа}.;The name{Soulwind} state of skill{skill:Starfrost Swirl} can decrease the healing interval between instances caused by skill{burst:Skyfeather Song}'s name{Eagleplume} state. This decrease percentage is equal to the name{ATK SPD} increase provided by name{Soulwind}.
talent_name;mika_companions_ingress;Странствия в компании;Companion's Ingress
talent_descr;mika_companions_ingress;При первом попадании стрелы потока инея skill{skill:Вихря звёздного инея} или попадании name{Сигнала ледяной звезды} создаётся 1 уровень эффекта name{Выслеживания} таланта возвышения name{Подавляющий обстрел}.<br>Требуется разблокировать талант возвышения name{Подавляющий обстрел}.;"When skill{skill:Starfrost Swirl}'s name{Flowfrost Arrow} first hits an opponent, or its name{Rimestar Flare} hits an opponent, 1 name{Detector} stack from the Ascension Talent ""name{Suppressive Barrage}"" will be generated.<br>You must first unlock the Ascension Talent ""name{Suppressive Barrage}."""
talent_name;mika_reconnaissance_experience;Разведывательный опыт;Reconnaissance Experience
talent_name;mika_sunfrost_encomium;Хвала солнечного инея;Sunfrost Encomium
talent_descr;mika_sunfrost_encomium;name{Орлиное перо} skill{burst:Песни небесного пера} name{Мики}, исцеляя персонажей отряда, восстанавливает ему 3 name{ед. энергии}. Восстановить энергию таким способом можно до 5 раз за время действия name{Орлиного пера}, вызванного одной активацией name{Песни небесного пера}.;When name{Mika}'s own skill{burst:Skyfeather Song}'s name{Eagleplume} state heals party members, this will restore 3 name{Energy} to name{Mika}. This form of name{Energy} restoration can occur 5 times during the name{Eagleplume} state created by 1 use of name{Skyfeather Song}.
talent_name;mika_signal_arrow;Сигнальная стрела;Signal Arrow
talent_name;mika_companions_counsel;Совет компаньона;Companion's Counsel
talent_descr;mika_companions_counsel_1;Максимальное количество уровней name{Выслеживания} name{Ветра духа} навыка skill{skill:Вихрь звёздного инея} увеличивается на 1. Требуется разблокировать талант возвышения name{Подавляющий обстрел}.;"The maximum number of name{Detector} stacks that skill{skill:Starfrost Swirl}'s name{Soulwind} can gain is increased by 1. You must first unlock the Ascension Talent ""name{Suppressive Barrage}.""."
talent_descr;mika_companions_counsel_2;Также физический name{крит. урон} активных персонажей под воздействием name{Ветра духа} увеличивается на %{crit_dmg_phys}.;Additionally, active characters affected by name{Soulwind} will deal %{crit_dmg_phys} more Physical name{CRIT DMG}.
talent_name;mona_come_n_get_me_hag;«Старуха, тебе меня не найти!»;"""Come 'n' Get Me, Hag!"""
talent_descr;mona_come_n_get_me_hag;Если через 2 сек. после активации навыка skill{other:Иллюзорный поток} вокруг name{Моны} есть враги, она создаёт одного name{фантома}.<br>Созданный таким способом name{фантом} существует 2 сек., урон от его взрыва равен %{text_percent_dmg} от навыка skill{skill:Отражение фатума}.;After she has used skill{other:Illusory Torrent} for 2s, if there are any opponents nearby, name{Mona} will automatically create a name{Phantom}.<br>A name{Phantom} created in this manner lasts for 2s, and its explosion DMG is equal to %{text_percent_dmg} of skill{skill:Mirror Reflection of Doom}.
talent_name;mona_waterborne_destiny;Пусть судьба кинет кости!;Waterborne Destiny
talent_descr;mona_waterborne_destiny;Увеличивает бонус hydro{Гидро урона} name{Моны} на %{text_percent} от её name{восстановления энергии}.;Increases name{Mona}'s hydro{Hydro DMG Bonus} by a degree equivalent to %{text_percent} of her name{Energy Recharge} rate.
talent_name;mona_prophecy_of_submersion;Пророчество потопа;Prophecy of Submersion
talent_descr;mona_prophecy_of_submersion;"Попадания персонажа из вашего отряда по противнику со статусом name{Омен} на 8 сек. усиливают эффекты hydro{Гидро} реакций:<br>· Увеличивает урон реакций electro{Заряжен}, electro{Лунный заряд}, name{Пар} и hydro{Гидро} рассеивание на %{dmg_reaction_electrocharged};<br>· Увеличивает длительность реакции cryo{Заморозка} на %{duration_frozen}.";When any of your own party members hits an opponent affected by an name{Omen}, the effects of hydro{Hydro}-related Elemental Reactions are enhanced for 8s:<br>· electro{Electro-Charged} DMG increases by %{dmg_reaction_electrocharged}.<br>· electro{Lunar-Charged} DMG increases by %{dmg_reaction_lunarcharged}.<br>· name{Vaporize} DMG increases by %{dmg_reaction_vaporize}.<br>· hydro{Hydro Swirl} DMG increases by %{dmg_reaction_swirl_hydro}.<br>· cryo{Frozen} duration is extended by %{duration_frozen}.
talent_name;mona_lunar_chain;Лунная цепь;Lunar Chain
talent_descr;mona_lunar_chain;Попадания name{обычной атакой} имеют %{text_percent_chance} шанс автоматически активировать name{заряженную атаку}.<br>Может возникнуть раз в 5 сек.;When a name{Normal Attack} hits, there is a %{text_percent_chance} chance that it will be automatically followed by a name{Charged Attack}.<br>This effect can only occur once every 5s.
talent_name;mona_restless_revolution;Бесконечное вращение планет;Restless Revolution
talent_name;mona_prophecy_of_oblivion;Пророчество забвения;Prophecy of Oblivion
talent_descr;mona_prophecy_of_oblivion;Попадания любого члена вашего отряда по врагу со статусом name{Омен} увеличивают name{шанс крит. попадания} на %{crit_rate}.;When any party member attacks an opponent affected by an name{Omen}, their name{CRIT Rate} is increased by %{crit_rate}.
talent_name;mona_mockery_of_fortuna;Насмешка судьбы;Mockery of Fortuna
talent_name;mona_rhetorics_of_calamitas;Риторика катаклизма;Rhetorics of Calamitas
talent_descr;mona_rhetorics_of_calamitas;Каждая секунда движения в форме навыка skill{other:Иллюзорный поток} увеличивает урон следующей name{заряженной атаки} name{Моны} на %{dmg_charged}.<br>Таким способом можно получить не более value{180%} бонуса урона name{заряженной атаки}. Длится не более 8 сек.;Upon entering skill{other:Illusory Torrent}, name{Mona} gains a %{dmg_charged} increase to the DMG of her next name{Charged Attack} per second of movement.<br>A maximum name{DMG Bonus} of value{180%} can be achieved in this manner. The effect lasts for no more than 8s.
talent_name;mualani_heat_resistant_freshwater_floater;Жаростойкий пресноводный иглобрюх;Heat-Resistant Freshwater Floater
talent_descr;mualani_heat_resistant_freshwater_floater;name{Разрывающий укус акулки}, поражая противника, рядом создаёт name{иглобрюха}. Подбирая name{иглобрюха}, name{Муалани} восстанавливает 20 очков name{Ночного духа}. Во время действия одного name{Благословения Ночного духа} таким способом можно создать только 2 name{иглобрюхов}.;When name{Sharky's Surging Bite} hits an opponent, a name{Puffer} will be generated nearby. name{Mualani} will restore 20 name{Nightsoul points} when she picks up a name{Puffer}. Only 2 such name{Puffers} can be created in this way during a single instance of being in name{Nightsoul's Blessing}.
talent_name;mualani_natlans_greatest_guide;Лучший проводник Натлана;Natlan's Greatest Guide
talent_descr;mualani_natlans_greatest_guide;После того как член отряда поблизости активирует name{Вспышку Ночного духа}, name{Муалани} получает 1 уровень name{Постижения наездника волн}, который длится 20 сек. Этот эффект складывается до 3 раз. Применяя skill{burst:Зубастый бабах}, name{Муалани} расходует все уровни name{Постижения наездника волн} и повышает урон этого name{Зубастого бабаха} на %{text_percent_1}/%{text_percent_2}/%{text_percent_3} от собственного name{макс. HP} в зависимости от количества снятых уровней.;After a nearby party member triggers a name{Nightsoul Burst}, name{Mualani} will gain 1 stack of name{Wavechaser's Exploits}, which lasts for 20s. Max 3 stacks. When she uses skill{burst:Boomsharka-laka}, name{Mualani} will clear all name{Wavechaser's Exploits} stacks and increase the DMG of this name{Boomsharka-laka} by %{text_percent_1}/%{text_percent_2}/%{text_percent_3} of her name{Max HP} based on the number of stacks cleared.
talent_name;mualani_the_leisurely_meztli;Беззаботные «Мецтли»...;"The Leisurely ""Meztli""..."
talent_descr;mualani_the_leisurely_meztli;Урон первого name{Разрывающего укуса акулки} и вызываемых им name{Акулкиных ракет} после перехода name{Муалани} в состояние name{Благословения Ночного духа} увеличивается на %{text_percent_dmg} от её name{макс. HP}. Данный увеличенный урон подлежит уменьшению согласно правилам навыка skill{skill:Волнорезная сёрф-акула}.<br>Кроме того, потребление очков name{Ночного духа} и флогистона вне боя состоянием name{Благословение Ночного духа} name{Муалани} снижается на 30%.;The DMG dealt by the first name{Sharky's Surging Bite} after name{Mualani} enters name{Nightsoul's Blessing} and the name{Shark Missiles} it triggers is increased by %{text_percent_dmg} of name{Mualani}'s name{Max HP}. This instance of increased DMG is subject to the diminishing DMG rules of skill{skill:Surfshark Wavebreaker}.<br>In addition, while out of combat, name{Mualani}'s name{Nightsoul's Blessing} state consumes 30% less Phlogiston and name{Nightsoul points}.
talent_name;mualani_mualani_going_all_out;Муалани сделает всё возможное!;Mualani, Going All Out!
talent_descr;mualani_mualani_going_all_out;Войдя в состояние name{Благословение Ночного духа}, name{Муалани} получает 2 уровня name{Импульса волн} навыка skill{skill:Волнорезная сёрф-акула}. Она получает 1 уровень, когда подбирает name{иглобрюха}.<br>Вдобавок name{Муалани} восстанавливает 12 очков name{Ночного духа} в течение 2 сек. всякий раз, когда она подбирает 2 name{иглобрюхов} в течение одного состояния name{Благословение Ночного духа}.<br>Для активации данного эффекта требуется разблокировать талант возвышения name{Жаростойкий пресноводный иглобрюх}.;"name{Mualani} gains 2 of skill{skill:Surfshark Wavebreaker}'s name{Wave Momentum} stacks when she enters name{Nightsoul's Blessing} state. She will gain 1 stack when obtaining a name{Puffer}.<br>In addition, whenever name{Mualani} obtains 2 name{Puffers} within a single instance of the name{Nightsoul's Blessing} state, she will recover an additional 12 name{Nightsoul points} over 2s. You must first unlock the Ascension Talent ""name{Heat-Resistant Freshwater Floater}."""
talent_name;mualani_surfing_atop_joyous_seas;По волнам весёлого моря;Surfing Atop Joyous Seas
talent_name;mualani_sharky_eats_puffies;Акулка поедает иглобрюшков;Sharky Eats Puffies
talent_descr;mualani_sharky_eats_puffies;Когда name{Муалани} подбирает name{иглобрюха}, то восстанавливает 8 name{ед. энергии}. Требуется разблокировать талант возвышения name{Жаростойкий пресноводный иглобрюх}.<br>Кроме того, урон skill{burst:Зубастого бабаха} повышается на %{dmg_burst_mualani}.;"name{Mualani} regenerates 8 name{Energy} when obtaining a name{Puffer}. You must first unlock the Ascension Talent ""name{Heat-Resistant Freshwater Floater}.""<br>Additionally, skill{burst:Boomsharka-laka} deals %{dmg_burst_mualani} increased DMG."
talent_name;mualani_same_style_of_surfboard_on_sale;Продаётся такая же доска для сёрфинга!;Same Style of Surfboard on Sale!
talent_name;mualani_spirit_of_the_springs_people;Дух Народа Родников;Spirit of the Springs' People
talent_descr;mualani_spirit_of_the_springs_people;Эффект увеличения урона созвездия Беззаботные «Мецтли»... больше не ограничен только одной активацией в течение name{Благословения Ночного духа}.;"The DMG increase from the Constellation ""The Leisurely 'Meztli'..."" is no longer limited to being triggered once every name{Nightsoul's Blessing}."
talent_name;nahida_compassion_illuminated;Просветлённое сострадание;Compassion Illuminated
talent_descr;nahida_compassion_illuminated;При активации skill{burst:Призрачного сердца} name{Святилище Майи} получает следующие эффекты:<br>· name{Мастерство стихий} активного персонажа в области навыка повышается на %{text_percent} от name{мастерства стихий} персонажа отряда с самым высоким его значением.<br>· name{Мастерство стихий} таким образом может быть увеличено максимум на %{text_value_max} ед.;When unleashing skill{burst:Illusory Heart}, the name{Shrine of Maya} will gain the following effects:<br>The name{Elemental Mastery} of the active character within the field will be increased by %{text_percent} of the name{Elemental Mastery} of the party member with the highest name{Elemental Mastery}.<br>You can gain a maximum of %{text_value_max} name{Elemental Mastery} in this manner.
talent_name;nahida_awakening_elucidated;Озарённое пробуждение;Awakening Elucidated
talent_descr;nahida_awakening_elucidated;За каждую единицу name{мастерства стихий} name{Нахиды} свыше 200 урон name{Очищения трикармы} её skill{skill:Пелены знаний} увеличивается на %{text_percent_skill|0|2}, а name{шанс крит. попадания} - на %{text_percent_crit|0|2}.<br>Урон name{Очищения трикармы} может таким образом увеличиться на %{text_percent_skill_max}, а name{шанс крит. попадания} - на %{text_percent_crit_max}.;Each point of name{Nahida}'s name{Elemental Mastery} beyond 200 will grant %{text_percent_skill|0|2} Bonus DMG and %{text_percent_crit|0|2} name{CRIT Rate} to name{Tri-Karma Purification} from skill{skill:All Schemes to Know}.<br>A maximum of %{text_percent_skill_max} Bonus DMG and %{text_percent_crit_max} name{CRIT Rate} can be granted to name{Tri-Karma Purification} in this manner.
talent_name;nahida_the_seed_of_stored_knowledge;Семя потаённых знаний;The Seed of Stored Knowledge
talent_descr;nahida_the_seed_of_stored_knowledge;Когда активируется skill{Святилище Майи}, при подсчёте типов элементов персонажей к количеству pyro{Пиро}, electro{Электро} и hydro{Гидро} персонажей прибавляет по 1.;When the skill{Shrine of Maya} is unleashed and the Elemental Types of the party members are being tabulated, the count will add 1 to the number of pyro{Pyro}, electro{Electro}, and hydro{Hydro} characters respectively.
talent_name;nahida_the_root_of_all_fullness;Корень всей полноты;The Root of All Fullness
talent_descr;nahida_the_root_of_all_fullness_1;Урон, получаемый от реакций pyro{Горение}, dendro{Бутонизация}, dendro{Вегетация} и dendro{Цветение}, может становиться критическим. Фиксированный name{шанс крит. попадания} составляет %{crit_rate_bloom}, а фиксированный name{крит. урон} - %{crit_dmg_bloom}. name{Шанс крит. попадания}, предоставляемый этим эффектом, может суммироваться с повышением шанса крит. попадания аналогичных эффектов, позволяющих элементальным реакциям наносить критические попадания.<br>;pyro{Burning}, dendro{Bloom}, dendro{Hyperbloom}, and dendro{Burgeon} name{Reaction DMG} they receive can score CRIT Hits. name{CRIT Rate} and name{CRIT DMG} are fixed at %{crit_rate_bloom} and %{crit_dmg_bloom} respectively. name{CRIT Rate} from this effect stacks with name{CRIT Rate} from similar effects that allow these Elemental Reactions to CRIT.<br>
talent_descr;nahida_the_root_of_all_fullness_2;На 8 сек. после воздействия реакций dendro{Стимуляция}, electro{Обострение} и dendro{Разрастание} защита понижается на %{enemy_def_reduce}.<br>· name{Шанс крит. попадания} и name{крит. урон} получаемого урона dendro{Лунной бутонизации} повышаются на %{crit_rate_lunarbloom} и %{crit_dmg_lunarbloom} соответственно.;Within 8s of being affected by dendro{Quicken}, electro{Aggravate}, or dendro{Spread}, name{DEF} is decreased by %{enemy_def_reduce}.<br> The name{CRIT Rate} and name{CRIT DMG} of dendro{Lunar-Bloom} DMG received are increased by %{crit_rate_lunarbloom} and %{crit_dmg_lunarbloom} respectively.
talent_name;nahida_the_shoot_of_conscious_attainment;Росток перенятых успехов;The Shoot of Conscious Attainment
talent_name;nahida_the_stem_of_manifest_inference;Стебель ясных заключений;The Stem of Manifest Inference
talent_descr;nahida_the_stem_of_manifest_inference;Когда 1/2/3/4 и более противников попадают под воздействие Семян скандхи навыка skill{skill:Пелена знаний}, name{мастерство стихий} name{Нахиды} увеличивается на 100/120/140/160 ед.;When 1/2/3/4 (or more) nearby opponents are affected by skill{skill:All Schemes to Know}'s name{Seeds of Skandha}, name{Nahida}'s name{Elemental Mastery} will be increased by 100/120/140/160.
talent_name;nahida_the_leaves_of_enlightening_speech;Листья просветляющей речи;The Leaves of Enlightening Speech
talent_name;nahida_the_fruit_of_reasons_culmination;Плод апогея доводов;The Fruit of Reason's Culmination
talent_descr;nahida_the_fruit_of_reasons_culmination;Если после активации skill{burst:Призрачного сердца} name{Нахида} поразит обычной или name{заряженной атакой} врага, отмеченного name{Семенем скандхи} навыка skill{skill:Пелена знаний}, на него и всех связанных с ним противников будет наложено name{Очищение трикармы: Кармическое небытие}, которое наносит dendro{Дендро урон} равный %{text_percent_dmg} от name{силы атаки} и %{text_percent_dmg2} от name{мастерства стихий}.<br>Урон name{Очищения трикармы: Кармическое небытие} считается уроном name{элементального навыка} и может возникнуть один раз в 0,2 сек.<br> Через 10 сек. либо после 6 активаций name{Очищения трикармы: Кармическое небытие} эффект исчезнет.;When name{Nahida} hits an opponent affected by skill{skill:All Schemes to Know}'s name{Seeds of Skandha} with name{Normal} or name{Charged Attacks} after unleashing skill{burst:Illusory Heart}, she will use name{Tri-Karma Purification: Karmic Oblivion} on this opponent and all connected opponents, dealing dendro{Dendro DMG} based on %{text_percent_dmg} of name{Nahida}'s name{ATK} and %{text_percent_dmg2} of her name{Elemental Mastery}.<br>DMG dealt by name{Tri-Karma Purification: Karmic Oblivion} is considered name{Elemental Skill DMG} and can be triggered once every 0.2s.<br>This effect can last up to 10s and will be removed after name{Nahida} has unleashed 6 instances of name{Tri-Karma Purification: Karmic Oblivion}.
talent_name;navia_undisclosed_distribution_channels;Неизвестные каналы обращения;Undisclosed Distribution Channels
talent_descr;navia_undisclosed_distribution_channels;В течение 4 сек. после применения навыка skill{skill:Церемониальный залп кристалла} урон name{обычных атак}, name{заряженных атак} и name{атак в падении} name{Навии} конвертируется в geo{Гео урон}, который не может быть отменён другими инфузиями. Кроме того, урон name{обычных атак}, name{заряженных атак} и name{атак в падении} name{Навии} повышается на %{dmg_normal}.;For 4s after using skill{skill:Ceremonial Crystalshot}, the DMG dealt by name{Navia}'s name{Normal Attacks}, name{Charged Attacks}, and name{Plunging Attacks} will be converted into geo{Geo DMG} which cannot be overridden by other Elemental infusions, and the DMG dealt by name{Navia}'s name{Normal Attacks}, name{Charged Attacks}, and name{Plunging Attacks} will be increased by %{dmg_normal}.
talent_name;navia_mutual_assistance_network;Сеть взаимопомощи;Mutual Assistance Network
talent_descr;navia_mutual_assistance_network;За каждого персонажа pyro{Пиро}/electro{Электро}/cryo{Крио}/hydro{Гидро} в отряде name{сила атаки} name{Навии} увеличивается на %{text_percent}. Эффект складывается до 2 раз.;For each pyro{Pyro}/electro{Electro}/cryo{Cryo}/hydro{Hydro} party member, name{Navia} gains %{text_percent} increased name{ATK}. This effect can stack up to 2 times.
talent_name;navia_a_ladys_rules_for_keeping_a_courteous_distance;Правило расстояния для леди;A Lady's Rules for Keeping a Courteous Distance
talent_descr;navia_a_ladys_rules_for_keeping_a_courteous_distance;При использовании навыка skill{skill:Церемониальный залп кристалла} за каждый израсходованный уровень name{Кристальной шрапнели} name{Навия} восстанавливает 3 name{ед. энергии} и сокращает откат навыка skill{burst:Словно приветствие чистого неба} на 1 сек. Таким способом можно восстановить не более 9 name{ед. энергии} и сократить откат навыка name{Словно приветствие чистого неба} максимум на 3 сек.;"Each stack of name{Crystal Shrapnel} consumed when name{Navia} uses skill{skill:Ceremonial Crystalshot} will restore 3 name{Energy} to her and decrease the CD of skill{burst:As the Sunlit Sky's Singing Salute} by 1s. Up to 9 name{Energy} can be gained this way, and the CD of ""name{As the Sunlit Sky's Singing Salute}"" can be decreased by up to 3s."
talent_name;navia_the_presidents_pursuit_of_victory;Стремление главнокомандующей к победе;The President's Pursuit of Victory
talent_descr;navia_the_presidents_pursuit_of_victory;Каждый израсходованный уровень name{Кристальной шрапнели} увеличивает name{шанс крит. попадания} активируемого skill{Церемониального залпа кристалла} на %{text_percent}. name{Шанс крит. попадания} таким способом можно повысить максимум на %{text_percent_max}.<br>Кроме того, при попадании навыка name{Церемониальный залп кристалла} рядом с позицией поражённого врага нисходит 1 name{Огневая поддержка} пушек навыка skill{burst:Словно приветствие чистого неба}. Каждое использование навыка name{Церемониальный залп кристалла} может вызвать не более 1 name{Огневой поддержки} пушек. Урон name{Огневой поддержки} пушек, наносимый таким способом, считается уроном name{взрыва стихии}.;Each stack of name{Crystal Shrapnel} consumed will increase the name{CRIT Rate} of this skill{skill:Ceremonial Crystalshot} instance by %{text_percent}. name{CRIT Rate} can be increased by up to %{text_percent_max} in this way.<br>In addition, when name{Ceremonial Crystalshot} hits an opponent, one name{Cannon Fire Support} shot from skill{burst:As the Sunlit Sky's Singing Salute} will strike near the location of the hit. Up to one instance of name{Cannon Fire Support} can be triggered each time name{Ceremonial Crystalshot} is used, and DMG dealt by said name{Cannon Fire Support} this way is considered name{Elemental Burst DMG}.
talent_name;navia_businesswomans_broad_vision;Широкий кругозор управляющей;Businesswoman's Broad Vision
talent_name;navia_the_oathsworn_never_capitulate;Поклявшиеся не сдаются;The Oathsworn Never Capitulate
talent_descr;navia_the_oathsworn_never_capitulate;При попадании навыка skill{burst:Словно приветствие чистого неба} geo{Гео сопротивление} поражённого противника снижается на %{enemy_res_geo} на 8 сек.;When skill{burst:As the Sunlit Sky's Singing Salute} hits an opponent, that opponent's geo{Geo RES} will be decreased by %{enemy_res_geo} for 8s.
talent_name;navia_negotiators_resolute_negotiations;Непреклонность переговорщика;Negotiator's Resolute Negotiations
talent_name;navia_the_flexible_finesse_of_the_spinas_president;Изящество ухищрений главы Спина-ди-Росула;The Flexible Finesse of the Spina's President
talent_descr;navia_the_flexible_finesse_of_the_spinas_president;Если при использовании навыка skill{skill:Церемониальный залп кристалла} расходуется более 3 уровней name{Кристальной шрапнели}, то каждый уровень, расходуемый после первых трёх, повышает name{крит. урон} текущего навыка name{Церемониальный залп кристалла} на %{text_percent}. При этом все уровни, израсходованные после третьего, после использования навыка возвращаются name{Навии}.;If more than 3 stacks of name{Crystal Shrapnel} are consumed when using skill{skill:Ceremonial Crystalshot}, each stack consumed beyond the first 3 increases the name{CRIT DMG} of that name{Ceremonial Crystalshot} by %{text_percent}, and any stacks consumed beyond the first 3 are returned to name{Navia}.
talent_name;neuvillette_heir_to_the_ancient_seas_authority;Наследник древнего моря;Heir to the Ancient Sea's Authority
talent_descr;neuvillette_heir_to_the_ancient_seas_authority;Когда персонаж в отряде активирует на противнике реакции name{Пар}, cryo{Заморозка}, electro{Заряжен}, electro{Лунный заряд}, dendro{Бутонизация}, dendro{Лунная бутонизация}, hydro{Гидро Рассеивание} или hydro{Гидро Кристалл}, name{Нёвиллет} получает 1 уровень name{Былой славы драконов}. Эффект длится 30 сек. и складывается до 3 раз. Эффект повышает урон name{заряженной атаки: Взвешенный вердикт} на %{text_percent_dmg_1}/%{text_percent_dmg_2}/%{text_percent_dmg_3} соответственно от её первоначального урона.<br>Уровни name{Былой славы драконов} каждого типа реакции существуют независимо друг от друга.;When a party member triggers a name{Vaporize}, cryo{Frozen}, electro{Electro-Charged}, electro{Lunar-Charged}, dendro{Bloom}, dendro{Lunar-Bloom}, hydro{Hydro Swirl}, or a hydro{Hydro Crystallize} reaction on opponents, 1 stack of name{Past Draconic Glories} will be granted to name{Neuvillette} for 30s. Max 3 stacks. name{Past Draconic Glories} causes name{Charged Attack: Equitable Judgment} to deal %{text_percent_dmg_1}/%{text_percent_dmg_2}/%{text_percent_dmg_3} of its original DMG.<br>The stacks of name{Past Draconic Glories} created by each kind of name{Elemental Reaction} exist independently.
talent_name;neuvillette_discipline_of_the_supreme_arbitration;Дисциплина высшего арбитра;Discipline of the Supreme Arbitration
talent_descr;neuvillette_discipline_of_the_supreme_arbitration;За каждый 1% текущего name{HP} свыше 30% name{макс. HP} name{Нёвиллет} получает %{text_percent_dmg} бонус hydro{Гидро урона}. Полученный таким образом бонус может составлять до %{text_percent_dmg_max}.;For each 1% of name{Neuvillette}'s current name{HP} greater than 30% of name{Max HP}, he will gain %{text_percent_dmg} hydro{Hydro DMG Bonus}. A maximum bonus of %{text_percent_dmg_max} can be obtained this way.
talent_name;neuvillette_venerable_institution;Основа почёта;Venerable Institution
talent_descr;neuvillette_venerable_institution;Когда name{Нёвиллет} выходит на поле боя, он получает 1 уровень name{Былой славы драконов} таланта возвышения name{Наследник древнего моря}. Требуется разблокировать талант возвышения name{Наследник древнего моря}.<br>Кроме того, во время применения заряженной атаки name{Облечение: Судебная оценка} и name{заряженной атаки: Взвешенный вердикт} его сопротивление прерыванию увеличивается.;"When name{Neuvillette} takes the field, he will obtain 1 stack of name{Past Draconic Glories} from the Ascension Talent ""name{Heir to the Ancient Sea's Authority}."" You must first unlock the Ascension Talent ""name{Heir to the Ancient Sea's Authority}.""<br>Additionally, his interruption resistance will be increased while using the name{Charged Attack Empowerment: Legal Evaluation} and the name{Charged Attack: Equitable Judgment}."
talent_name;neuvillette_juridical_exhortation;Приказание закона;Juridical Exhortation
talent_descr;neuvillette_juridical_exhortation;Усиливает талант возвышения name{Наследник древнего моря}: каждый уровень name{Былой славы драконов} повышает name{крит. урон} name{заряженной атаки: Взвешенный вердикт} на %{text_percent}. Увеличение, полученное таким образом, не может превышать %{text_percent_max}.<br>Требуется разблокировать талант возвышения name{Наследник древнего моря}.;"The Ascension Talent ""name{Heir to the Ancient Sea's Authority}"" will be enhanced: Each stack of name{Past Draconic Glories} will increase the name{CRIT DMG} of name{Charged Attack: Equitable Judgment} by %{text_percent}. The maximum increase that can be achieved this way is %{text_percent_max}.<br>You must first unlock the Ascension Talent ""name{Heir to the Ancient Sea's Authority}."""
talent_name;neuvillette_ancient_postulation;Древний вымысел;Ancient Postulation
talent_name;neuvillette_crown_of_commiseration;Венец сострадания;Crown of Commiseration
talent_descr;neuvillette_crown_of_commiseration;Когда name{Нёвиллет} находится на поле боя и получает лечение, создаётся 1 name{Капля источника}. Эффект может возникнуть раз в 4 сек.;When name{Neuvillette} is on the field and is healed, 1 name{Sourcewater Droplet} will be generated. This effect can occur once every 4s.
talent_name;neuvillette_axiomatic_judgment;Общепризнанный приговор;Axiomatic Judgment
talent_name;neuvillette_wrathful_recompense;Гневное воздаяние;Wrathful Recompense
talent_descr;neuvillette_wrathful_recompense;Во время применения name{заряженной атаки: Взвешенный вердикт} name{Нёвиллет} может поглощать name{Капли источника} в определённом радиусе. Каждая поглощённая name{Капля} увеличивает длительность name{заряженной атаки: Взвешенный вердикт} на 1 сек.<br>Кроме того, при попадании name{заряженной атаки: Взвешенный вердикт} каждые 2 сек. будут дополнительно выпускаться 2 течения, каждое из которых наносит hydro{Гидро урон}, равный %{text_percent_dmg} от name{макс. HP} name{Нёвиллета}. Этот урон считается уроном name{заряженной атаки: Взвешенный вердикт}.;When using name{Charged Attack: Equitable Judgment}, name{Neuvillette} can absorb nearby name{Sourcewater Droplets} in an AoE. Each absorbed name{Droplet} will increase the duration of name{Charged Attack: Equitable Judgment} by 1s.<br>Additionally, when name{Equitable Judgment} hits opponents, it will fire off 2 additional currents every 2s, each of which will deal %{text_percent_dmg} of name{Neuvillette}'s name{Max HP} as hydro{Hydro DMG}. DMG dealt this way will count as DMG dealt by name{Equitable Judgment}.
talent_name;nilou_court_of_dancing_petals;Зал кружащих лепестков;Court of Dancing Petals
talent_descr;nilou_court_of_dancing_petals_1;Если отряд полностью состоит из dendro{Дендро} и hydro{Гидро} персонажей, и в отряде есть хотя бы по одному персонажу hydro{Гидро} и dendro{Дендро}:<br>name{Нилу} по завершении третьего шага skill{skill:Танца Хафткаршвар} на 30 сек. наделяет всех персонажей поблизости name{Изобилием золотого кубка}.<br>;When all characters in the party are all dendro{Dendro} or hydro{Hydro}, and there are at least one dendro{Dendro} character and one hydro{Hydro} character:<br>The completion of the third dance step of name{Nilou}'s skill{skill:Dance of Haftkarsvar} will grant all nearby characters the name{Golden Chalice's Bounty} for 30s.<br>Characters under the effect of name{Golden Chalice's Bounty} will increase the name{Elemental Mastery} of all nearby characters by 100 for 10s whenever they are hit by dendro{Dendro} attacks.
talent_descr;nilou_court_of_dancing_petals_2;Если персонажи под воздействием name{Изобилия золотого кубка} атакованы dendro{Дендро}, name{мастерство стихий} всех персонажей поблизости увеличивается на %{mastery} ед. на 10 сек.;Also, triggering the dendro{Bloom} or dendro{Lunar-Bloom} reaction will create name{Bountiful Cores} instead of dendro{Dendro Cores}.<br>Such Cores will burst very quickly after being created, and they have larger AoEs.<br>name{Bountiful Cores} cannot trigger dendro{Hyperbloom} or dendro{Burgeon}, and they share an upper numerical limit with dendro{Dendro Cores}.
talent_name;nilou_dreamy_dance_of_aeons;Сон танцующих веков;Dreamy Dance of Aeons
talent_descr;nilou_dreamy_dance_of_aeons;За каждые 1000 ед. name{HP} выше 30 000 ед. name{макс. HP} name{Нилу} повышает урон name{Ядер изобилия}, созданных персонажами под действием name{Изобилия золотого кубка}, на value{9%}.<br>Максимальное увеличение урона name{Ядер изобилия}, полученное таким образом, не может превышать value{400%}.;Every 1,000 points of name{Nilou}'s name{Max HP} above 30,000 will cause the DMG dealt by name{Bountiful Cores} created by characters affected by name{Golden Chalice's Bounty} to increase by value{9%}.<br>The maximum increase in Bountiful Core DMG that can be achieved this way is value{400%}.
talent_name;nilou_dance_of_the_waning_moon;Танец убывающей луны;Dance of the Waning Moon
talent_descr;nilou_dance_of_the_waning_moon;skill{skill:Танец Хафткаршвар} усиливается следующим образом:<br>· Урон name{Сияющей иллюзии} повышается на %{dmg_skill_nilou}.<br>· Длительность name{Ауры покоя} увеличивается на 6 сек.;skill{skill:Dance of Haftkarsvar} will be enhanced as follows:<br>·name{Luminous Illusion} DMG is increased by %{dmg_skill_nilou}.<br>·The name{Tranquility Aura}'s duration is extended by 6s.
talent_name;nilou_the_starry_skies_their_flowers_rain;Дождь лепестков звёздного неба;The Starry Skies Their Flowers Rain
talent_descr;nilou_the_starry_skies_their_flowers_rain_1;hydro{Гидро сопротивление} противников, получивших hydro{Гидро урон} от персонажей под воздействием name{Изобилия золотого кубка}, понижается на %{enemy_res_hydro} на 10 сек. Требуется разблокировать талант возвышения name{Зал кружащих лепестков}.;After characters affected by the name{Golden Chalice's Bounty} deal hydro{Hydro DMG} to an opponent, that opponent's hydro{Hydro RES} will be decreased by %{enemy_res_hydro} for 10s.
talent_descr;nilou_the_starry_skies_their_flowers_rain_2;После нанесения противнику урона от реакций dendro{Бутонизация} или dendro{Лунная бутонизация} его dendro{Дендро сопротивление} снижается на %{enemy_res_dendro} на 10 сек.<br> Требуется разблокировать талант возвышения name{Зал кружащих лепестков}.;"After dealing dendro{Bloom} or dendro{Lunar-Bloom} DMG to opponents, their dendro{Dendro RES} will be decreased by %{enemy_res_dendro} for 10s.<br>You must first unlock the Ascension Talent ""name{Court of Dancing Petals}."""
talent_name;nilou_beguiling_shadowstep;Грациозная поступь тени;Beguiling Shadowstep
talent_name;nilou_fricative_pulse;Ритм зыби;Fricative Pulse
talent_descr;nilou_fricative_pulse;Попадание по врагу третьего шага skill{skill:Танца Хафткаршвар} во время действия Пируэта восстанавливает 15 name{ед. энергии} name{Нилу} и на 8 сек. увеличивает урон её skill{burst:name{Танца Абзендеги: Далёкие мечты}, внемлющий ручей} на %{dmg_burst}.;After the third dance step of skill{skill:Dance of Haftkarsvar}'s Pirouette hits opponents, name{Nilou} will gain 15 name{Elemental Energy}, and DMG from her skill{burst:Dance of Abzendegi: Distant Dreams, Listening Spring} will be increased by %{dmg_burst} for 8s.
talent_name;nilou_twirling_light;Кружащиеся лунные блики;Twirling Light
talent_name;nilou_frostbreakers_melody;Мелодия разбитого хлада;Frostbreaker's Melody
talent_descr;nilou_frostbreakers_melody;За каждые 1000 ед. name{макс. HP} name{шанс критического попадания} name{Нилу} увеличивается на %{text_percent_rate}, а её name{критический урон} - на %{text_percent_dmg}.<br>Шанс критического попадания name{Нилу} может таким образом увеличиться на %{text_percent_rate_max}, а name{критический урон} - на %{text_percent_dmg_max}.;For every 1,000 points of name{Max HP}, name{Nilou}'s name{CRIT Rate} and name{CRIT DMG} will increase by %{text_percent_rate} and %{text_percent_dmg} respectively.<br>The maximum increase in name{CRIT Rate} and name{CRIT DMG} via this method is %{text_percent_rate_max} and %{text_percent_dmg_max} respectively.
talent_name;ningguang_backup_plan;Запасной план;Backup Plan
talent_descr;ningguang_backup_plan;При наличии у name{Нин Гуан} name{Звёздного нефрита}, её name{заряженная атака} не потребляет выносливость.;When name{Ningguang} is in possession of name{Star Jades}, her name{Charged Attack} does not consume Stamina.
talent_name;ningguang_strategic_reserve;Стратегические запасы;Strategic Reserve
talent_descr;ningguang_strategic_reserve;Даёт %{dmg_geo} бонус geo{Гео урона} прошедшим сквозь skill{skill:Нефритовую ширму} персонажам на 10 сек.;A character that passes through the skill{skill:Jade Screen} will gain a %{dmg_geo} geo{Geo DMG Bonus} for 10s.
talent_name;ningguang_piercing_fragments;Пронзающие осколки;Piercing Fragments
talent_descr;ningguang_piercing_fragments;При попадании name{обычная атака} наносит урон по площади.;When a name{Normal Attack} hits, it deals AoE DMG.
talent_name;ningguang_shock_effect;Шоковый эффект;Shock Effect
talent_descr;ningguang_shock_effect;Разрушение skill{skill:Нефритовой ширмы} сбрасывает время её отката.<br>Может возникнуть раз в 6 сек.;When skill{skill:Jade Screen} is shattered, its CD will reset.<br>Can occur once every 6s.
talent_name;ningguang_majesty_be_the_array_of_stars;Величественная россыпь звёзд;Majesty Be the Array of Stars
talent_name;ningguang_exquisite_be_the_jade_outshining_all_beneath;Изысканный блеск нефрита;Exquisite be the Jade, Outshining All Beneath
talent_descr;ningguang_exquisite_be_the_jade_outshining_all_beneath;Навык skill{skill:Нефритовая ширма} повышает name{элементальное сопротивление} окружающих персонажей на %{res_anemo}.;skill{skill:Jade Screen} increases nearby characters' name{Elemental RES} by %{res_anemo}.
talent_name;ningguang_invincible_be_the_jade_screen;Бессмертная нефритовая ширма;Invincible Be the Jade Screen
talent_name;ningguang_grandeur_be_the_seven_stars;Грандиозность Цисин;Grandeur Be the Seven Stars
talent_descr;ningguang_grandeur_be_the_seven_stars;Активация навыка skill{burst:Осколки звёзд} даёт name{Нин Гуан} 7 камней name{Звёздного нефрита}.;When skill{burst:Starshatter} is used, name{Ningguang} gains 7 name{Star Jades}.
talent_name;noelle_devotion;От всего сердца;Devotion
talent_descr;noelle_devotion;Будучи в отряде, но не активным персонажем, name{Ноэлль} активирует этот навык, когда name{HP} активного персонажа падает ниже 30%:<br>· Создаёт щит для вашего персонажа, который длится 20 сек. и поглощает урон, равный %{text_percent} от name{защиты} name{Ноэлль}.<br>· Весь элементальный и физический урон поглощается на 150% эффективнее.<br>· Может возникнуть раз в 60 сек.;When name{Noelle} is in the party but not on the field, this ability triggers automatically when your active character's name{HP} falls below 30%:<br>Creates a shield for your active character that lasts for 20s and absorbs DMG equal to %{text_percent} of name{Noelle}'s name{DEF}.<br>The shield has a 150% DMG Absorption effectiveness against all Elemental and name{Physical DMG}.<br>This effect can only occur once every 60s.
talent_name;noelle_nice_and_clean;Вот и чистенько;Nice and Clean
talent_descr;noelle_nice_and_clean;Каждые 4 попадания name{обычными} или name{заряженными атаками} name{Ноэлль} уменьшают время отката навыка skill{skill:Бронефартук} на 1 сек.<br>Одно попадание может засчитываться каждые 0,1 сек.;name{Noelle} will decrease the CD of skill{skill:Breastplate} by 1s for every 4 name{Normal} or name{Charged Attack} hits she scores on opponents.<br>One hit may be counted every 0.1s.
talent_name;noelle_i_got_your_back;Я прикрою!;I Got Your Back
talent_descr;noelle_i_got_your_back;Одновременное использование навыков skill{burst:Генеральная уборка} и skill{skill:Бронефартук} повышает шанс активации лечащей способности навыка Бронефартук на 100%.;While skill{burst:Sweeping Time} and skill{skill:Breastplate} are both in effect, the chance of Breastplate's healing effects activating is increased to 100%.
talent_name;noelle_combat_maid;Горничная на ветру;Combat Maid
talent_descr;noelle_combat_maid;Уменьшает потребление выносливости name{заряженной атаки} name{Ноэлль} на %{stamina_consume_charged}, а также увеличивает урон на %{dmg_charged}.;Decreases the Stamina Consumption of name{Noelle}'s name{Charged Attacks} by %{stamina_consume_charged} and increases her name{Charged Attack DMG} by %{dmg_charged}.
talent_name;noelle_invulnerable_maid;Неуязвимая горничная;Invulnerable Maid
talent_name;noelle_to_be_cleaned;Всё будет чисто;To Be Cleaned
talent_descr;noelle_to_be_cleaned;Если оканчивается действие щита навыка skill{skill:Бронефартук} или щит оказывается разрушен, то окружающим врагам наносится geo{Гео урон}, равный %{text_percent_dmg} от name{силы атаки}.;When skill{skill:Breastplate}'s duration expires or it is destroyed by DMG, it will deal %{text_percent_dmg} of name{Noelle}'s name{ATK} as geo{Geo DMG} to surrounding opponents.
talent_name;noelle_favonius_sweeper_master;Рыцарь метлы и щётки;Favonius Sweeper Master
talent_name;noelle_must_be_spotless;Пятновыводитель;Must Be Spotless
talent_descr;noelle_must_be_spotless;Навык skill{burst:Генеральная уборка} увеличивает name{силу атаки} на дополнительные %{text_percent_dmg} от name{защиты} name{Ноэлль}.<br>Также каждый побеждённый враг добавляет 1 сек. к длительности навыка, пока он активен. Макс. 10 сек.;skill{burst:Sweeping Time} increases name{Noelle}'s name{ATK} by an additional %{text_percent_dmg} of her name{DEF}.<br>Additionally, every opponent defeated during the skill's duration adds 1s to the duration, up to 10s.
talent_name;ororon_nightshade_synesthesia;Синестезия ночного укрытия;Nightshade Synesthesia
talent_descr;ororon_nightshade_synesthesia_1;После того как члены отряда поблизости активируют name{Вспышку Ночного духа}, name{Оророн} получает 40 очков name{Ночного духа}. В течение 15 сек. после применения name{элементального навыка}, когда атаки с элементами hydro{Гидро} или electro{Электро} других членов отряда поражают противников, name{Оророн} получает 5 очков name{Ночного духа}. Этот эффект может возникнуть один раз в 0,3 сек. и за это время может возникнуть до 10 раз.<br>Максимум очков name{Ночного духа} name{Оророна} составляет 80.;After a nearby party member triggers name{Nightsoul Burst}, name{Ororon} will gain 40 name{Nightsoul points}. Within 15s after using his name{Elemental Skill}, when other party members' hydro{Hydro} or electro{Electro} attacks hit opponents, name{Ororon} will gain 5 name{Nightsoul points}, an effect that can occur every 0.3s for a maximum of 10 times during this 15s duration.<br>name{Ororon} can have a maximum of 80 name{Nightsoul points}.
talent_descr;ororon_nightshade_synesthesia_2;Кроме того, когда враги поблизости получают урон от реакции electro{Заряжен} или electro{Лунный заряд}, или другие персонажи поблизости наносят урон с характеристикой name{Ночного духа}, а у name{Оророна} есть не менее 10 очков name{Ночного духа}, то name{Оророн} расходует эти 10 очков, входит в состояние name{Благословения Ночного духа} и активирует name{Сверхчувствительность}: до 4 врагов поблизости получают electro{Электро урон} с характеристикой name{Ночного духа}, равный %{text_percent_dmg} от name{силы атаки} name{Оророна}. Этот эффект может возникнуть один раз в 1,8 сек.;Also, when nearby opponents take electro{Electro-Charged} or electro{Lunar-Charged} reaction DMG or Nightsoul-aligned DMG dealt by other nearby characters, name{Ororon} will consume 10 name{Nightsoul points} (provided he has at least that amount), entering the name{Nightsoul's Blessing} state and triggering the name{Hypersense effect}: Deal Nightsoul-aligned electro{Electro DMG} based on %{text_percent_dmg} of name{Ororon}'s name{ATK} to at most 4 nearby opponents. The aforementioned effect can trigger once every 1.8s.
talent_name;ororon_aspect_catalyst;Катализатор явления;Aspect Catalyst
talent_descr;ororon_aspect_catalyst;После того как активный член отряда поблизости поражает противника name{обычной атакой}, name{заряженной атакой} или name{атакой в падении}, он восстанавливает 3 name{ед. энергии}. Если name{Оророн} не на поле боя, он также восстанавливает 3 name{ед. энергии}. Этот эффект может возникнуть один раз в 1 сек. и до 3 раз во время действия.;When a nearby active party member hits an opponent with name{Normal}, name{Charged}, or name{Plunging Attacks}, that character will restore 3 name{Energy}. If name{Ororon} is off-field, name{Ororon} will also restore 3 name{Energy}. This effect can trigger once every 1s, and can trigger 3 times per duration.
talent_name;ororon_trails_amidst_the_forest_fog;Следы в лесном тумане;Trails Amidst the Forest Fog
talent_descr;ororon_trails_amidst_the_forest_fog;skill{skill:Сфера душ} name{элементального навыка} skill{skill:Праща ночи} может отскочить два дополнительных раза.<br>Кроме того, skill{skill:Сфера душ} после попадания по врагу на 12 сек. накладывает на него эффект name{Ночной волны}: урон, который получают враги под воздействием name{Ночной волны} от name{Сверхчувствительности} таланта возвышения name{Синестезия ночного укрытия}, увеличивается на %{dmg_skill_ororon}. Требуется разблокировать талант возвышения name{Синестезия ночного укрытия}.;"The name{Elemental Skill} skill{skill:Night's Sling}'s skill{skill:Spirit Orb} can bounce 2 additional times.<br>Additionally, after the skill{skill:Spirit Orb} hits an opponent, it will apply the name{Nighttide} effect to them for 12s. Opponents affected by name{Nighttide} take %{dmg_skill_ororon} increased DMG from name{Hypersense} triggered by the Ascension Talent, ""name{Nightshade Synesthesia}."" You must first unlock the Ascension Talent ""name{Nightshade Synesthesia}."""
talent_name;ororon_king_bee_of_the_hidden_honeyed_wine;Пчелиный король скрытого медового вина;King Bee of the Hidden Honeyed Wine
talent_descr;ororon_king_bee_of_the_hidden_honeyed_wine_1;После применения name{взрыва стихии} skill{burst:Эхо мрачных голосов} name{Оророн} на 9 сек. получает name{Духовную сверхчувствительность}.<br>;After using his name{Elemental Burst}, skill{burst:Dark Voices Echo}, name{Ororon} will obtain the name{Spiritual Supersense} effect for 9s.<br>
talent_descr;ororon_king_bee_of_the_hidden_honeyed_wine_2;Даёт %{dmg_electro} бонус electro{Электро урона}.<br>Кроме того, во время действия каждый дополнительный враг, поражённый name{взрывом стихии} skill{burst:Эхо мрачных голосов} или skill{Сверхзвуковым оком}, сверх того наделяет name{Оророна} %{dmg_electro} бонусом electro{Электро урона}. Таким способом можно получить до %{text_percent_max} бонуса electro{Электро урона}.;Gain %{dmg_electro} electro{Electro DMG Bonus}.<br>Additionally, during this time, every additional opponent hit by the name{Elemental Burst} skill{burst:Dark Voices Echo} or skill{burst:Supersonic Oculus} will grant name{Ororon} a further %{dmg_electro} electro{Electro DMG Bonus}. The maximum that can be gained this way is %{text_percent_max} electro{Electro DMG Bonus}.
talent_name;ororon_roosting_bats_spiritcage;Духовная клеть гнездящейся летучей мыши;Roosting Bat's Spiritcage
talent_name;ororon_as_the_mysteries_of_the_night_wind;Как таинства ночного ветра;As the Mysteries of the Night Wind
talent_descr;ororon_as_the_mysteries_of_the_night_wind;skill{burst:Сверхзвуковое око} name{взрыва стихии} skill{burst:Эхо мрачных голосов} вращается на 25% быстрее. Кроме того, после применения skill{burst:Эха мрачных голосов} name{Оророн} восстанавливает 8 ед. своей энергии.;The skill{burst:Supersonic Oculus} summoned by the name{Elemental Burst} skill{burst:Dark Voices Echo} rotates 25% faster.<br>Additionally, name{Ororon} will restore 8 name{Energy} to himself after using skill{burst:Dark Voices Echo}.
talent_name;ororon_a_gift_for_the_soul;Подношение душе;A Gift For the Soul
talent_name;ororon_ode_to_deep_springs;Ода глубоким ручьям;Ode to Deep Springs
talent_descr;ororon_ode_to_deep_springs_1;После активации name{Сверхчувствительности} таланта возвышения name{Синестезия ночного укрытия} name{сила атаки} вашего активного персонажа повышается на %{atk_percent} на 9 сек. Этот эффект может складываться до 3 раз. Длительность каждого уровня рассчитывается отдельно.;After triggering name{Hypersense} through the Ascension Talent, name{Nightshade Synesthesia}, your current active character's name{ATK} is increased by %{atk_percent} for 9s. Max 3 stacks, each stack is counted independently.
talent_descr;ororon_ode_to_deep_springs_2;Кроме того, при использовании name{взрыва стихии} skill{burst:Эхо мрачных голосов} один раз активируется эффект, аналогичный name{Сверхчувствительности}, нанося %{text_percent_dmg} от её исходного урона.<br>Требуется разблокировать талант возвышения name{Синестезия ночного укрытия}.;"Additionally, when you use the name{Elemental Burst} skill{burst:Dark Voices Echo}, you will trigger one instance of an effect equivalent to name{Hypersense}, dealing %{text_percent_dmg} of its original DMG.<br>You must first unlock the Ascension Talent ""name{Nightshade Synesthesia}."""
talent_name;qiqi_life_prolonging_methods;Долголетие;Life-Prolonging Methods
talent_descr;qiqi_life_prolonging_methods;Когда персонаж, находящийся под эффектами навыка skill{skill:Искусство Адепта: Вестник стужи}, совершает элементальную реакцию, его name{бонус получаемого лечения} увеличивается на %{healing_recv} в течение 8 сек.;When a character under the effects of skill{skill:Adeptus Art: Herald of Frost} triggers an name{Elemental Reaction}, their name{Incoming Healing Bonus} is increased by %{healing_recv} for 8s.
talent_name;qiqi_a_glimpse_into_arcanum;Созерцание тайн волшебства;A Glimpse Into Arcanum
talent_descr;qiqi_a_glimpse_into_arcanum;При попадании name{обычной} и name{заряженной атакой} у name{Ци Ци} есть 50% шанс применить на них name{талисман Фортуны} на 6 сек. Может возникнуть раз в 30 сек.;When name{Qiqi} hits opponents with her name{Normal} and name{Charged Attacks}, she has a 50% chance to apply a name{Fortune-Preserving Talisman} to them for 6s. This effect can only occur once every 30s.
talent_name;qiqi_ascetics_of_frost;Зима близко;Ascetics of Frost
talent_descr;qiqi_ascetics_of_frost;Когда name{Вестник стужи} попадает по цели, помеченной name{талисманом Фортуны}, name{Ци Ци} восстанавливает 2 name{ед. энергии}.;When the name{Herald of Frost} hits an opponent marked by a name{Fortune-Preserving Talisman}, name{Qiqi} regenerates 2 name{Energy}.
talent_name;qiqi_frozen_to_the_bone;Мороз до костей;Frozen to the Bone
talent_descr;qiqi_frozen_to_the_bone;Увеличивает урон name{обычной} и name{заряженной атаки} name{Ци Ци} по противникам с эффектом cryo{Крио} на %{dmg_normal}.;name{Qiqi}'s name{Normal} and name{Charged Attack DMG} against opponents affected by cryo{Cryo} is increased by %{dmg_normal}.
talent_name;qiqi_ascendant_praise;Хвала небесам;Ascendant Praise
talent_name;qiqi_divine_suppression;Божественное подавление;Divine Suppression
talent_descr;qiqi_divine_suppression;Уменьшает name{силу атаки} врагов, помеченных name{талисманом Фортуны}, на 20%.;Targets marked by the name{Fortune-Preserving Talisman} have their name{ATK} decreased by 20%.
talent_name;qiqi_crimson_lotus_bloom;Цветение красного лотоса;Crimson Lotus Bloom
talent_name;qiqi_rite_of_resurrection;Возвращение к жизни;Rite of Resurrection
talent_descr;qiqi_rite_of_resurrection;Использование навыка skill{burst:Искусство Адепта: Хранитель Фортуны} воскрешает ближайших павших персонажей вашего отряда и восстанавливает им 50% name{HP}.<br>Может возникнуть раз в 15 мин.;Using skill{burst:Adeptus Art: Preserver of Fortune} revives all fallen party members nearby and regenerates 50% of their name{HP}.<br>This effect can only occur once every 15 mins.
talent_name;raiden_shogun_wishes_unnumbered;Бесчисленные мечты;Wishes Unnumbered
talent_descr;raiden_shogun_wishes_unnumbered;Когда окружающие члены отряда получают элементальные сферы или частицы, skill{skill:Чакра вожделения} получает 2 уровня name{Решимости}.<br>Этот эффект может возникнуть один раз в 3 сек.;When nearby party members gain Elemental Orbs or Particles, skill{skill:Chakra Desiderata} gains 2 name{Resolve} stacks.<br>This effect can occur once every 3s.
talent_name;raiden_shogun_enlightened_one;Просветлённая;Enlightened One
talent_descr;raiden_shogun_enlightened_one;Каждый 1% свыше 100% name{восстановления энергии} name{сёгуна Райдэн} даёт ей следующие эффекты:<br>· Увеличивает name{восстановление энергии} от skill{burst:Мусо иссин} на value{0,6%}.<br>· Увеличивает бонус electro{Электро урона} на value{0,4%}.;Each 1% above 100% name{Energy Recharge} that the name{Raiden Shogun} possesses grants her:<br>·value{0.6%} greater name{Energy} restoration from skill{burst:Musou Isshin}<br>·value{0.4%} electro{Electro DMG Bonus}.
talent_name;raiden_shogun_ominous_inscription;Зловещая надпись;Ominous Inscription
talent_descr;raiden_shogun_ominous_inscription;skill{skill:Чакра вожделения} набирает name{Решимость} ещё быстрее. Когда electro{Электро} персонажи используют свой name{взрыв стихии}, получаемая name{Решимость} увеличивается на 80%. Когда персонажи других элементальных типов используют свой name{взрыв стихии}, получаемая name{Решимость} увеличивается на 20%.;skill{skill:Chakra Desiderata} will gather name{Resolve} even faster. When electro{Electro} characters use their name{Elemental Bursts}, the name{Resolve} gained is increased by 80%. When characters of other Elemental Types use their name{Elemental Bursts}, the name{Resolve} gained is increased by 20%.
talent_name;raiden_shogun_steelbreaker;Разрушитель стали;Steelbreaker
talent_descr;raiden_shogun_steelbreaker;Атаки name{сёгуна Райдэн} в состоянии name{Мусо иссин} навыка skill{burst:Тайное искусство: Мусо синсэцу} и name{Мусо но хитотати} игнорируют %{enemy_def_ignore_burst} от защиты противника.;While using name{Musou no Hitotachi} and in the name{Musou Isshin} state applied by skill{burst:Secret Art: Musou Shinsetsu}, the name{Raiden Shogun}'s attacks ignore %{enemy_def_ignore_burst} of opponents' name{DEF}.
talent_name;raiden_shogun_shinkage_bygones;Синкагэ минувших дней;Shinkage Bygones
talent_name;raiden_shogun_pledge_of_propriety;Клятва истинности;Pledge of Propriety
talent_descr;raiden_shogun_pledge_of_propriety;Когда состояние skill{burst:Мусо иссин} навыка skill{burst:Тайное искусство: Мусо синсэцу} заканчивается, все окружающие члены отряда (кроме name{сёгуна Райдэн}) получают %{text_percent} бонус name{силы атаки} на 10 сек.;When the skill{burst:Musou Isshin} state applied by skill{burst:Secret Art: Musou Shinsetsu} expires, all nearby party members (excluding the name{Raiden Shogun}) gain %{text_percent} bonus name{ATK} for 10s.
talent_name;raiden_shogun_shoguns_descent;Нисхождение сёгуна;Shogun's Descent
talent_name;raiden_shogun_wishbearer;Хранитель желаний;Wishbearer
talent_descr;raiden_shogun_wishbearer;В состоянии skill{burst:Мусо иссин} навыка skill{burst:Тайное искусство: Мусо синсэцу} атаки name{сёгуна Райдэн}, урон которых считается уроном name{взрыва стихии}, при попадании уменьшают время отката name{взрывов стихии} всех окружающих членов отряда (кроме самого name{сёгуна Райдэн}) на 1 сек.<br>Этот эффект может активироваться только раз в 1 сек. до 5 раз за время действия состояния name{Мусо иссин}.;While in the skill{burst:Musou Isshin} state applied by skill{burst:Secret Art: Musou Shinsetsu}, attacks by the name{Raiden Shogun} that are considered part of her name{Elemental Burst} will decrease all nearby party members' (not including the name{Raiden Shogun} herself) name{Elemental Burst} CD by 1s when they hit opponents.<br>This effect can trigger once every 1s and can trigger a total of 5 times during name{Musou Isshin}'s duration.
talent_name;razor_awakening;Пробуждение;Awakening
talent_descr;razor_awakening;Уменьшает время отката навыка skill{skill:Гром и когти} на %{text_percent_cd}, также использование навыка skill{burst:Громовой клык} полностью сбрасывает его время отката.;Decreases skill{skill:Claw and Thunder}'s CD by %{text_percent_cd}.<br>Using skill{burst:Lightning Fang} resets the CD of skill{skill:Claw and Thunder}.
talent_name;razor_hunger;Голод;Hunger
talent_descr;razor_hunger;Восстановление энергии name{Рэйзора} увеличивается на %{recharge}, когда количество его энергии опускается ниже %{text_percent}.;When name{Razor}'s name{Energy} is below %{recharge}, increases name{Energy Recharge} by %{text_percent}.
talent_name;razor_wolfs_instinct;Волчья натура;Wolf's Instinct
talent_descr;razor_wolfs_instinct;Подобранные элементальные сферы или частицы увеличивают урон name{Рэйзора} на %{dmg_all} в течение 8 сек.;Picking up an Elemental Orb or Particle increases name{Razor}'s DMG by %{dmg_all} for 8s.
talent_name;razor_suppression;Подавление;Suppression
talent_descr;razor_suppression;Увеличивает name{шанс крит. попадания} name{Рэйзора} против врагов с name{HP} ниже %{text_percent_hp} на %{crit_rate_enemy}.;Increases name{CRIT Rate} against opponents with less than %{text_percent_hp} name{HP} by %{crit_rate_enemy}.
talent_name;razor_soul_companion;Родственная душа;Soul Companion
talent_name;razor_bite;Укус;Bite
talent_descr;razor_bite;При попадании быстрое нажатие навыка skill{skill:Гром и Когти} понижает name{защиту} противника на %{enemy_def_reduce} в течение 7 сек.;When casting skill{skill:Claw and Thunder} (Press), opponents hit will have their name{DEF} decreased by %{enemy_def_reduce} for 7s.
talent_name;razor_sharpened_claws;Заточенные когти;Sharpened Claws
talent_name;razor_lupus_fulguris;Звезда Сириус;Lupus Fulguris
talent_descr;razor_lupus_fulguris;Каждые 10 сек. меч name{Рэйзора} заряжается молнией, которая высвобождается при следующей name{обычной атаке} и наносит electro{Электро урон}, равный %{text_percent_dmg} от name{силы атаки} name{Рэйзора}.<br>Если name{Рэйзор} не находится под действием навыка skill{burst:Громовой клык}, каждое попадание молнией по врагу даёт ему символ electro{Электро} навыка skill{skill:Гром и когти}.;Every 10s, name{Razor}'s sword charges up, causing the next name{Normal Attack} to release lightning that deals %{text_percent_dmg} of name{Razor}'s name{ATK} as electro{Electro DMG}.<br>When name{Razor} is not using skill{burst:Lightning Fang}, a lightning strike on an opponent will grant name{Razor} an electro{Electro} Sigil for skill{skill:Claw and Thunder}.
talent_name;rosaria_regina_probationum;Покаяние призрака;Regina Probationum
talent_descr;rosaria_regina_probationum;Атаки со спины навыка skill{skill:Казнящая исповедь} увеличивают name{шанс крит. попадания} name{Розарии} на %{crit_rate} в течение 5 сек.;When name{Rosaria} strikes an opponent from behind using skill{skill:Ravaging Confession}, name{Rosaria}'s name{CRIT Rate} increases by %{crit_rate} for 5s.
talent_name;rosaria_shadow_samaritan;Поддерживающая тьма;Shadow Samaritan
talent_descr;rosaria_shadow_samaritan;Активация навыка skill{burst:Обряд кончины} увеличивает name{шанс крит. попадания} всех членов отряда (кроме самой name{Розарии}) на %{text_percent} от шанса крит. попадания name{Розарии} в течение 10 сек.<br>Добавленный таким образом name{шанс крит. попадания} не может превышать %{text_percent}.;Casting skill{burst:Rites of Termination} increases name{CRIT Rate} of all nearby party members (except name{Rosaria} herself) by %{text_percent} of name{Rosaria}'s name{CRIT Rate} for 10s.<br>name{CRIT Rate} Bonus gained this way cannot exceed %{text_percent}.
talent_name;rosaria_unholy_revelation;Откровения грешника;Unholy Revelation
talent_descr;rosaria_unholy_revelation;При критическом попадании скорость и урон name{обычной атаки} name{Розарии} повышается на %{atk_speed_normal} в течение 4 сек.;When name{Rosaria} deals a CRIT Hit, her name{ATK SPD} increases by %{atk_speed_normal} and her name{Normal Attack DMG} increases by %{dmg_normal} for 4s.
talent_name;rosaria_land_without_promise;Несчастная земля;Land Without Promise
talent_descr;rosaria_land_without_promise;Увеличивает длительность существования name{Ледяного копья} навыка skill{burst:Обряд кончины} на 4 сек.;The duration of the name{Ice Lance} created by skill{burst:Rites of Termination} is increased by 4s.
talent_name;rosaria_the_wages_of_sin;Таинство покаяния;The Wages of Sin
talent_name;rosaria_painful_grace;Благодатные муки;Painful Grace
talent_descr;rosaria_painful_grace;Крит. попадания навыка skill{skill:Казнящая исповедь} восстанавливают 5 name{ед. энергии} name{Розарии}.<br>Может возникнуть не более 1 раза за каждое использование навыка name{Казнящая исповедь}.;skill{skill:Ravaging Confession}'s CRIT Hits regenerate 5 name{Energy} for name{Rosaria}.<br>Can only be triggered once each time name{Ravaging Confession} is cast.
talent_name;rosaria_last_rites;Предсмертная молитва;Last Rites
talent_name;rosaria_divine_retribution;Божественный суд;Divine Retribution
talent_descr;rosaria_divine_retribution;Атаки навыка skill{burst:Обряд кончины} понижают name{физ. сопротивление} врагов на %{enemy_res_phys} в течение 10 сек.;skill{burst:Rites of Termination}'s attack decreases opponents' name{Physical RES} by %{enemy_res_phys} for 10s.
talent_name;sangonomiya_kokomi_tamakushi_casket;Шкатулка тамакуси;Tamakushi Casket
talent_descr;sangonomiya_kokomi_tamakushi_casket;Активация навыка skill{burst:Вознесение нереиды} в то время, когда на поле боя есть собственный name{Бакэ-курагэ} name{Сангономии Кокоми}, обновляет длительность этого name{Бакэ-курагэ}.;If name{Sangonomiya Kokomi}'s own name{Bake-Kurage} is on the field when she uses skill{burst:Nereid's Ascension}, the name{Bake-Kurage}'s duration will be refreshed.
talent_name;sangonomiya_kokomi_song_of_pearls;Песнь о жемчуге;Song of Pearls
talent_descr;sangonomiya_kokomi_song_of_pearls;Когда name{Сангономия Кокоми} облачена в name{Церемониальное одеяние} навыка skill{burst:Вознесение нереиды}, бонус урона name{обычной} и name{заряженной атаки}, пропорциональный name{макс. HP} name{Сангономии Кокоми}, увеличивается ещё на %{text_percent} от её бонуса лечения.;While donning the name{Ceremonial Garment} created by skill{burst:Nereid's Ascension}, the name{Normal} and name{Charged Attack DMG} Bonus name{Sangonomiya Kokomi} gains based on her name{Max HP} will receive a further increase based on %{text_percent} of her name{Healing Bonus}.
talent_name;sangonomiya_kokomi_at_waters_edge;У края воды;At Water's Edge
talent_descr;sangonomiya_kokomi_at_waters_edge;Когда name{Сангономия Кокоми} облачена в name{Церемониальное одеяние} навыка skill{burst:Вознесение нереиды}, последний удар её name{обычной атаки} создаёт плавающую рыбу, которая наносит hydro{Гидро урон}, равный %{text_percent_dmg} от её name{макс. HP}.<br>Этот урон не считается уроном name{обычной атаки}.;While donning the name{Ceremonial Garment} created by skill{burst:Nereid's Ascension}, the final name{Normal Attack} in name{Sangonomiya Kokomi}'s combo will unleash a swimming fish to deal %{text_percent_dmg} of her name{Max HP} as hydro{Hydro DMG}.<br>This DMG is not considered name{Normal Attack DMG}.
talent_name;sangonomiya_kokomi_the_clouds_like_waves_rippling;Волны моря облаков;The Clouds Like Waves Rippling
talent_descr;sangonomiya_kokomi_the_clouds_like_waves_rippling;name{Сангономия Кокоми} получает следующие бонусы лечения по отношению к персонажам, name{HP} которых равно или меньше 50%:<br>· name{Бакэ-курагэ} навыка skill{skill:Клятва курагэ}: %{text_percent_1} от name{макс. HP}.<br>· name{Обычные} и name{заряженные атаки} навыка skill{burst:Вознесение нереиды}: %{text_percent_2} от name{макс. HP}.;name{Sangonomiya Kokomi} gains the following name{Healing Bonuses} with regard to characters with 50% or less name{HP} via the following methods:<br>·skill{skill:Kurage's Oath} name{Bake-Kurage}: %{text_percent_1} of name{Kokomi}'s name{Max HP}.<br>·skill{burst:Nereid's Ascension} name{Normal} and name{Charged Attacks}: %{text_percent_2} of name{Kokomi}'s name{Max HP}.
talent_name;sangonomiya_kokomi_the_moon_a_ship_oer_the_seas;Лунный челн средь вод;The Moon, A Ship O'er the Seas
talent_name;sangonomiya_kokomi_the_moon_overlooks_the_waters;Луна взирает на ручьи;The Moon Overlooks the Waters
talent_descr;sangonomiya_kokomi_the_moon_overlooks_the_waters;Когда name{Сангономия Кокоми} облачена в name{Церемониальное одеяние} навыка skill{burst:Вознесение нереиды}, скорость её name{обычной атаки} увеличивается на %{atk_speed_normal}, а попадания name{обычной атакой} восстанавливают ей 0,8 name{ед. энергии}.<br>Этот эффект может возникнуть только раз в 0,2 сек.;While donning the name{Ceremonial Garment} created by skill{burst:Nereid's Ascension}, name{Sangonomiya Kokomi}'s name{Normal Attack SPD} is increased by %{atk_speed_normal}, and name{Normal Attacks} that hit opponents will restore 0.8 name{Energy} for her.<br>This effect can occur once every 0.2s.
talent_name;sangonomiya_kokomi_all_streams_flow_to_the_sea;Все реки впадают в море;All Streams Flow to the Sea
talent_name;sangonomiya_kokomi_sango_isshin;Санго иссин;Sango Isshin
talent_descr;sangonomiya_kokomi_sango_isshin;Когда name{Сангономия Кокоми} облачена в name{Церемониальное одеяние} навыка skill{burst:Вознесение нереиды}, она получает %{dmg_hydro} бонус hydro{Гидро урона} на 4 сек. после того, как её name{обычные} или name{заряженные атаки} лечат персонажа с name{HP}, равным или выше 80%.;While donning the name{Ceremonial Garment} created by skill{burst:Nereid's Ascension}, name{Sangonomiya Kokomi} gains a %{dmg_hydro} hydro{Hydro DMG Bonus} for 4s when her name{Normal} and name{Charged Attacks} heal, or would heal, any party member with 80% or more name{HP}.
talent_name;sayu_someone_more_capable;Кое-кто более подходящий;Someone More Capable
talent_descr;sayu_someone_more_capable;Когда name{Саю}, будучи активным персонажем, вызывает реакцию anemo{Рассеивание}, она восстанавливает %{text_value} name{HP} всем членам отряда и окружающим союзникам. Она также восстанавливает %{text_value_hp} name{HP} за каждую имеющуюся единицу name{мастерства стихий}.<br>Этот эффект может возникнуть раз в 2 сек.;When name{Sayu} triggers a anemo{Swirl} reaction while active, she heals all your characters and nearby allies for %{text_value} name{HP}. She will also heal an additional %{text_value_hp} name{HP} for every point of name{Elemental Mastery} she has.<br>This effect can be triggered once every 2s.
talent_name;sayu_no_work_today;Не хочу работать!;No Work Today!
talent_descr;sayu_no_work_today;Призванный навыком skill{burst:Искусство Юху: Сумасшествие Мудзина} name{Мудзи-Мудзи Дарума} получает следующие эффекты:<br>· Во время лечения персонажа также восстанавливает ближайшему к нему персонажу name{HP}, равное %{text_percent_hp} от восстановленного name{HP}.<br>· Увеличивается радиус наносимого противникам урона.;The name{Muji-Muji Daruma} created by skill{burst:Yoohoo Art: Mujina Flurry} gains the following effects:<br>·When healing a character, it will also heal characters near that healed character for %{text_percent_hp} the amount of name{HP}.<br>·Increases the AoE of its attack against opponents.
talent_name;sayu_multi_task_no_jutsu;Дзюцу многозадачности;Multi-Task no Jutsu
talent_descr;sayu_multi_task_no_jutsu;Призванный навыком skill{burst:Искусство Юху: Сумасшествие Мудзина} name{Мудзи-Мудзи Дарума} будет игнорировать ограничения name{HP} и сможет одновременно атаковать окружающих врагов и лечить персонажей.;The name{Muji-Muji Daruma} created by skill{burst:Yoohoo Art: Mujina Flurry} will ignore name{HP} limits and can simultaneously attack nearby opponents and heal characters.
talent_name;sayu_egress_prep;Подготовка к побегу;Egress Prep
talent_descr;sayu_egress_prep;Навык skill{skill:Искусство Юху: Рывок Фуин} получает следующие эффекты:<br>· Урон от name{Удара вихря Фуфу} в режиме быстрого нажатия увеличен на %{dmg_skill_sayu_hold}.<br>· Каждые 0,5 сек., проведённые в состоянии name{Ветряного колеса Фуфу}, увеличивают урон этого name{Удара вихря Фуфу} на %{dmg_skill_sayu_hold} до макс. 66% урона.;skill{skill:Yoohoo Art: Fuuin Dash} gains the following effects:<br>·DMG of name{Fuufuu Whirlwind Kick} in Press Mode increased by %{dmg_skill_sayu_hold}.<br>·Every 0.5s in the name{Fuufuu Windwheel} state will increase the DMG of this name{Fuufuu Whirlwind Kick} by %{dmg_skill_sayu_hold}. The maximum DMG increase possible through this method is 66%.
talent_name;sayu_eh_the_bunshin_can_handle_it;Бунсин с этим справится;Eh, the Bunshin Can Handle It
talent_name;sayu_new_and_improved;Новая форма лени;Skiving: New and Improved
talent_descr;sayu_new_and_improved;Когда name{Саю}, будучи активным персонажем, вызывает реакцию anemo{Рассеивание}, она восстанавливает 1,2 name{ед. энергии}.<br>Этот эффект может возникнуть раз в 2 сек.;name{Sayu} recovers 1.2 name{Energy} when she triggers a anemo{Swirl} reaction.<br>This effect occurs once every 2s.
talent_name;sayu_speed_comes_first;Скорость важнее всего;Speed Comes First
talent_name;sayu_sleep_oclock;Время поспать;Sleep O'Clock
talent_descr;sayu_sleep_oclock;Призванный навыком name{Саю} skill{burst:Искусство Юху: Сумасшествие Мудзина} name{Мудзи-Мудзи Дарума} теперь будет получать выгоду от её name{мастерства стихий}. Каждая единица name{мастерства стихий} name{Саю} даёт следующие эффекты:<br>· Увеличивает урон, наносимый атаками name{Мудзи-Мудзи Дарумы}, на value{0,2%} от name{силы атаки} до макс. value{400%}.<br>· Увеличивает количество name{HP}, восстанавливаемое name{Мудзи-Мудзи Дарумой}, на value{3} ед. до макс. value{6000} ед.;The name{Muji-Muji Daruma} created by name{Sayu}'s skill{burst:Yoohoo Art: Mujina Flurry} will now also benefit from her name{Elemental Mastery}. Each point of name{Sayu}'s name{Elemental Mastery} will produce the following effects:<br>·Increases the damage dealt by the name{Muji-Muji Daruma}'s attacks by value{0.2%} name{ATK}. A maximum DMG increase of value{400%} name{ATK} can be gained via this method.<br>·Increases the name{HP} restored by the name{Muji-Muji Daruma} by value{3}. A maximum of value{6,000} additional name{HP} can be restored in this manner.
talent_name;sethos_black_kites_enigma;Загадка чёрного коршуна;Black Kite's Enigma
talent_descr;sethos_black_kites_enigma;Длительность заряда во время прицеливания сокращается на 0.285 сек. за каждую единицу текущей энергии name{Сетоса}. Длительность заряда таким способом можно сократить максимум до 0,3 сек., причём засчитывается до 20 name{единиц энергии}. При этом skill{attack:Пронзающий тени выстрел} расходует засчитанное количество энергии, тогда как выстрел уровня заряда 1 расходует 50% от засчитанного количества энергии.;"When Aiming, the charging time is decreased by 0.285s based on each point of name{Sethos}'s current name{Elemental Energy}. Charging time can be reduced to a minimum of 0.3s through this method and a maximum of 20 name{Energy} can be tallied. If a skill{attack:Shadowpiercing Shot} is fired, consume the tallied amount of name{Elemental Energy}; if it is a Charge Level 1 shot, then consume 50% of the tallied amount of name{Elemental Energy}."
talent_name;sethos_the_sand_kings_boon;Милость короля песков;The Sand King's Boon
talent_descr;sethos_the_sand_kings_boon;name{Сетос} получает эффект name{Тени палящих песков}: урон skill{Пронзающих тени выстрелов} повышается на %{text_percent} от его name{мастерства стихий}.<br>Эффект name{Тени палящих песков} исчезает при следующих условиях:<br>· Через 5 сек после того, как name{Пронзающий тени выстрел} впервые поражает противника.<br>· После того как 4 name{Пронзающих тени выстрела} поражают противников.<br><br>Через 15 сек. после того, как name{Пронзающий тени выстрел} во время действия name{Тени палящих песков} впервые поражает противника, name{Сетос} вновь получает эффект name{Тени палящих песков}.;"name{Sethos} gains the ""name{Scorching Sandshade}"" effect, increasing the DMG dealt by skill{attack:Shadowpiercing Shots} by %{text_percent} of name{Sethos}'s name{Elemental Mastery}.<br>The name{Scorching Sandshade} effect will be canceled when any of the following conditions are met:<br>· 5s after a name{Shadowpiercing Shot} first hits an opponent.<br>· After 4 name{Shadowpiercing Shots} strike opponents.<br><br>When a name{Shadowpiercing Shot} affected by name{Scorching Sandshade} first hits an opponent, name{Sethos} will regain name{Scorching Sandshade} after 15s."
talent_name;sethos_sealed_shrines_spiritsong;Песнопения запечатанного святилища;Sealed Shrine's Spiritsong
talent_descr;sethos_sealed_shrines_spiritsong;name{Шанс крит. попадания} skill{attack:Пронзающего тени выстрела} увеличивается на %{crit_rate_sethos}.;The name{CRIT Rate} of skill{attack:Shadowpiercing Shot} is increased by %{crit_rate_sethos}.
talent_name;sethos_papyrus_scripture_of_silent_secrets;Папирус безмолвных тайн;Papyrus Scripture of Silent Secrets
talent_descr;sethos_papyrus_scripture_of_silent_secrets;Выполняя любое из следующих условий, name{Сетос} на 10 сек. получает %{dmg_electro} бонус electro{Электро урона}, который может складываться до 2 раз (отсчёт времени каждого уровня происходит отдельно):<br>· Расходуя энергию посредством прицельных выстрелов. Требуется разблокировать талант возвышения name{Загадка чёрного коршуна}.<br>· Восстанавливая энергию элементальными реакциями, вызванными с помощью навыка skill{skill:Древний обряд: Громогласный рёв песка}.<br>· Активируя навык skill{burst:Тайный ритуал: Сумеречный пронзитель теней}.;"When any of the following conditions are met, name{Sethos} gains a %{dmg_electro} electro{Electro DMG Bonus} for 10s that may stack twice, with each stack duration counted independently:<br>· Consuming name{Elemental Energy} through Aimed Shots. You must first unlock the Ascension Talent ""name{Black Kite's Enigma}"" to trigger this condition.<br>· Regaining name{Elemental Energy} by triggering Elemental Reactions using skill{skill:Ancient Rite: The Thundering Sands}.<br>· Using skill{burst:Secret Rite: Twilight Shadowpiercer}."
talent_name;sethos_ode_to_the_moonrise_sage;Ода мудреца восходящей луны;Ode to the Moonrise Sage
talent_name;sethos_beneficent_plumage;Коллекция благожелательных перьев;Beneficent Plumage
talent_descr;sethos_beneficent_plumage;Когда skill{attack:Пронзающий тени выстрел} или skill{burst:Болт сумрака} поражает 2 и более противников, все члены отряда поблизости на 10 сек. получают %{mastery} ед. name{мастерства стихий}.;When a skill{attack:Shadowpiercing Shot} or skill{burst:Dusk Bolt} strikes 2 or more opponents, all nearby party members gain %{mastery} name{Elemental Mastery} for 10s.
talent_name;sethos_record_of_the_desolate_gods_burning_sands;Хроники божества пылающих песков;Record of the Desolate God's Burning Sands
talent_name;sethos_pylon_of_the_sojourning_sun_temple;Книга храма Блуждающего солнца;Pylon of the Sojourning Sun Temple
talent_descr;sethos_pylon_of_the_sojourning_sun_temple;После попадания skill{attack:Пронзающего тени выстрела} по врагу энергия, израсходованная талантом возвышения name{Загадка чёрного коршуна}, будет возвращена. Этот эффект может возникнуть не чаще одного раза в 15 сек. Требуется разблокировать талант возвышения name{Загадка чёрного коршуна}.;"After skill{attack:Shadowpiercing Shot} strikes an opponent, the name{Elemental Energy} consumed by the Ascension Talent ""name{Black Kite's Enigma}"" will be returned. This effect can be triggered up to once every 15s. You must first unlock the Ascension Talent ""name{Black Kite's Enigma}."""
talent_name;shenhe_deific_embrace;Божественная заповедь;Deific Embrace
talent_descr;shenhe_deific_embrace;У активного персонажа в области навыка skill{burst:Таинство освобождения} бонус cryo{Крио урона} увеличивается на %{dmg_cryo}.;An active character within the field created by skill{burst:Divine Maiden's Deliverance} gains %{dmg_cryo} cryo{Cryo DMG Bonus}.
talent_name;shenhe_spirit_communion_seal;Печать духовного единения;Spirit Communion Seal
talent_descr;shenhe_spirit_communion_seal_1;После того как name{Шэнь Хэ} использует навык skill{skill:Призыв духа}, все окружающие члены отряда получают следующие эффекты: <br>· Быстрое нажатие: урон name{элементального навыка} и name{взрыва стихии} увеличивается на %{dmg_skill} в течение 10 сек.;After name{Shenhe} uses skill{skill:Spring Spirit Summoning}, she will grant all nearby party members the following effects: <br>· Press: name{Elemental Skill} and name{Elemental Burst DMG} increased by %{dmg_skill} for 10s.
talent_descr;shenhe_spirit_communion_seal_2;После того как name{Шэнь Хэ} использует навык skill{skill:Призыв духа}, все окружающие члены отряда получают следующие эффекты: <br>· Долгое нажатие: урон name{обычной атаки}, name{заряженной атаки} и name{атаки в падении} увеличивается на %{dmg_normal} в течение 15 сек.;After name{Shenhe} uses skill{skill:Spring Spirit Summoning}, she will grant all nearby party members the following effects: <br>· Hold: name{Normal}, name{Charged}, and name{Plunging Attack DMG} increased by %{dmg_normal} for 15s.
talent_name;shenhe_clarity_of_heart;Душевная чистота;Clarity of Heart
talent_descr;shenhe_clarity_of_heart;Увеличивает количество зарядов навыка skill{skill:Призыв духа} на 1.;skill{skill:Spring Spirit Summoning} can be used 1 more time.
talent_name;shenhe_centered_spirit;Духовная концентрация;Centered Spirit
talent_descr;shenhe_centered_spirit;Длительность эффекта навыка skill{burst:Таинство освобождения} увеличивается на 6 сек. Активные члены отряда, находящиеся в области навыка, наносят на %{crit_dmg_cryo} больше крит. cryo{Крио урона}.;skill{burst:Divine Maiden's Deliverance} lasts for 6 seconds longer. Active characters within the skill's field deal %{crit_dmg_cryo} increased cryo{Cryo} name{CRIT DMG}.
talent_name;shenhe_seclusion;Уход от мира;Seclusion
talent_name;shenhe_insight;Прозрение;Insight
talent_descr;shenhe_insight;Когда персонажи под действием вызванного name{Шэнь Хэ} эффекта skill{skill:Ледяное перо} запускают бонусы урона name{Ледяного пера}, name{Шэнь Хэ} получает один уровень эффекта name{Мантра морозных небес}:<br>· Когда name{Шэнь Хэ} использует навык skill{skill:Призыв духа}, эффект name{Мантра морозных небес} сбрасывается, а урон от использования навыка name{Призыв духа} в этот раз увеличивается на value{5%} за каждый из накопленных уровней эффекта name{Мантра морозных небес}.<br>· Может складываться до 50 раз, длится 60 сек.;When characters under the effect of skill{skill:Icy Quill} applied by name{Shenhe} trigger its name{DMG Bonus} effects, name{Shenhe} will gain a name{Skyfrost Mantra} stack:<br>· When name{Shenhe} uses skill{skill:Spring Spirit Summoning}, she will consume all stacks of name{Skyfrost Mantra}, increasing the DMG of that name{Spring Spirit Summoning} by value{5%} for each stack consumed.<br>· Max 50 stacks. Stacks last for 60s.
talent_name;shenhe_divine_attainment;Обретение божественности;Divine Attainment
talent_name;shenhe_mystical_abandon;Забытое таинство;Mystical Abandon
talent_descr;shenhe_mystical_abandon;Когда персонажи вызывают эффект skill{skill:Ледяное перо} нанесением урона обычной или name{заряженной атакой}, количество действующих уровней эффекта name{Ледяное перо} не уменьшается.;When characters trigger skill{skill:Icy Quill}'s effects using name{Normal} and name{Charged Attack DMG}, it does not count toward the Trigger Quota.
talent_name;shikanoin_heizou_paradoxical_practice;Парадоксальное учение;Paradoxical Practice
talent_descr;shikanoin_heizou_paradoxical_practice;Когда name{Сиканоин Хэйдзо}, будучи активным персонажем, вызывает реакцию anemo{Рассеивания}, он получает 1 уровень эффекта name{Отклонения} skill{skill:Убиения сердца}. Эффект может возникнуть один раз в 0,1 сек.;When name{Shikanoin Heizou} activates a anemo{Swirl} reaction while on the field, he will gain 1 name{Declension} stack for skill{skill:Heartstopper Strike}. This effect can be triggered once every 0.1s.
talent_name;shikanoin_heizou_penetrative_reasoning;Пробивная аргументация;Penetrative Reasoning
talent_descr;shikanoin_heizou_penetrative_reasoning;skill{skill:Убиение сердца} после попадания по противнику увеличивает name{мастерство стихий} всех членов отряда (кроме самого name{Хэйдзо}) на %{text_value} ед. на 10 сек.;After name{Shikanoin Heizou}'s skill{skill:Heartstopper Strike} hits an opponent, increases all party members' (excluding name{Shikanoin Heizou}) name{Elemental Mastery} by %{text_value} for 10s.
talent_name;shikanoin_heizou_named_juvenile_casebook;Журнал дел молодого сыщика;Named Juvenile Casebook
talent_descr;shikanoin_heizou_named_juvenile_casebook;На 5 сек. после вступления в бой скорость name{обычной атаки} name{Сиканоина Хэйдзо} увеличивается на %{atk_speed_normal}. Также он получает 1 уровень эффекта name{Отклонения} skill{skill:Убиения сердца}. Эффект может возникнуть один раз в 10 сек.;For 5s after name{Shikanoin Heizou} takes the field, his name{Normal Attack SPD} is increased by %{atk_speed_normal}. He also gains 1 name{Declension} stack for skill{skill:Heartstopper Strike}. This effect can be triggered once every 10s.
talent_name;shikanoin_heizou_investigative_collection;Подборка расследований;Investigative Collection
talent_descr;shikanoin_heizou_investigative_collection;Усиливается притяжение name{Ураганного туннеля}, создаваемого skill{Ураганным ударом}, длительность увеличивается до 1 сек.;The pull effect of the name{Arresting Windtunnel} created by skill{burst:Windmuster Kick} is enhanced, and its duration is increased to 1s.
talent_name;shikanoin_heizou_esoteric_puzzle_book;Книга таинственных загадок;Esoteric Puzzle Book
talent_name;shikanoin_heizou_tome_of_lies;Сборник пустословия;Tome of Lies
talent_descr;shikanoin_heizou_tome_of_lies;Первый взрыв name{Ока урагана} в каждом skill{burst:Ураганном ударе} восстанавливает name{Сиканоину Хэйдзо} 9 ед. name{элементальной энергии}. Каждый последующий взрыв восстанавливает дополнительные 1,5 name{ед. энергии} name{Хэйдзо}.<br>Один skill{burst:Ураганный удар} может таким образом восстановить до 13,5 name{ед. энергии} name{Хэйдзо}.;The first name{Windmuster Iris} explosion in each skill{burst:Windmuster Kick} will regenerate 9 name{Elemental Energy} for name{Shikanoin Heizou}. Every subsequent explosion in that name{Windmuster Kick} will each regenerate an additional 1.5 name{Energy} for name{Heizou}.<br>One skill{burst:Windmuster Kick} can regenerate a total of 13.5 name{Energy} for name{Heizou} in this manner.
talent_name;shikanoin_heizou_secret_archive;Архив запретного зала;Secret Archive
talent_name;shikanoin_heizou_curious_casefiles;Опись престранных улик;Curious Casefiles
talent_descr;shikanoin_heizou_curious_casefiles;Каждый уровень name{Отклонения} повышает name{шанс крит. попадания} активируемого удара skill{skill:Убиения сердца} на %{crit_rate_heizou1}. Когда name{Хэйдзо} обладает name{Верным мнением}, name{крит. урон} этого удара name{Убиения сердца} увеличивается на %{crit_dmg_heizou4}.;Each name{Declension} stack will increase the name{CRIT Rate} of the skill{skill:Heartstopper Strike} unleashed by %{crit_rate_heizou1}. When name{Heizou} possesses name{Conviction}, this name{Heartstopper Strike}'s name{CRIT DMG} is increased by %{crit_dmg_heizou4}.
talent_name;sigewinne_requires_appropriate_rest;Требуется полноценный отдых;Requires Appropriate Rest
talent_descr;sigewinne_requires_appropriate_rest_1;Активировав skill{skill:Прыгучую гидротерапию}, name{Сиджвин} на 18 сек. наделяет себя эффектом name{Полупринудительного покоя}: она получает %{dmg_hydro} бонус hydro{Гидро урона} и 10 уровней name{Выздоровления}.;"name{Sigewinne} grants herself the ""name{Semi-Strict Bedrest}"" effect for 18s after using skill{skill:Rebound Hydrotherapy}: name{Sigewinne} gains an %{dmg_hydro} hydro{Hydro DMG Bonus} and 10 stacks of name{Convalescence}."
talent_descr;sigewinne_requires_appropriate_rest_2;Когда name{элементальные навыки} неактивных персонажей вашего отряда поблизости (за исключением name{Сиджвин}) наносят урон, расходуется 1 уровень name{Выздоровления}, и урон данного name{элементального навыка} увеличивается. За каждые 1000 ед. name{макс. HP} свыше %{text_value_hp} ед. name{макс. HP} name{Сиджвин} урон увеличивается на %{text_value_dmg} ед. Урон применяемого name{элементального навыка} таким способом можно увеличить не более чем на %{text_value_max} ед.;When the name{Elemental Skills} of your nearby off-field party members other than name{Sigewinne} deal DMG, consume 1 stack of name{Convalescence}, and increase the DMG dealt by this instance of name{Elemental Skill DMG}. Every 1,000 name{Max HP} name{Sigewinne} has above %{text_value_hp} increases the DMG by %{text_value_dmg}. The maximum DMG increase for name{Elemental Skills} that can be gained in this way is %{text_value_max}.
talent_name;sigewinne_detailed_diagnosis_thorough_treatment;Скрупулёзная диагностика и лечение;Detailed Diagnosis, Thorough Treatment
talent_descr;sigewinne_detailed_diagnosis_thorough_treatment;Когда name{Сиджвин} исцеляет персонажей, исцеление увеличивается согласно общему значению текущего name{Долга жизни} всех персонажей отряда: за каждые 1000 ед. лечение увеличивается на %{text_percent}. Размер лечения таким способом можно увеличить не более чем на %{text_percent_max}.;When name{Sigewinne} performs healing, the amount healed for this instance is increased based on the total current value of the name{Bonds of Life} on all party members: For each 1,000 name{HP} worth of name{Bonds of Life}, the outgoing healing is increased by %{text_percent}. The amount of healing provided can be increased by up to %{text_percent_max} in this way.
talent_name;sigewinne_can_the_happiest_of_spirits_understand_anxiety;«Ведома ли счастливейшим душам тревога?»;"""Can the Happiest of Spirits Understand Anxiety?"""
talent_descr;sigewinne_can_the_happiest_of_spirits_understand_anxiety;skill{Бодрящий пузырёк} name{Прыгучей гидротерапии} получает 3 дополнительных отскока, и при первых трёх отскоках большой name{Бодрящий пузырёк} не становится меньше.<br>Талант возвышения name{Требуется полноценный отдых} получает усиление: каждый отскок пузырька наделяет name{Сиджвин} 1 уровнем name{Выздоровления}. Увеличение урона с помощью name{Выздоровления} изменяется следующим образом: за каждые 1000 ед. name{макс. HP} свыше %{text_value_hp} ед. name{Сиджвин} урон увеличивается на %{text_value_dmg} ед. Урон таким способом можно увеличить не более чем на %{text_value_max} ед. Необходимо разблокировать талант возвышения name{Требуется полноценный отдых}.;"skill{skill:Rebound Hydrotherapy}'s name{Bolstering Bubblebalm} can bounce 3 extra times, and the first 3 bounces will not cause big name{Bubblebalms} to become smaller.<br>The Ascension Talent ""name{Requires Appropriate Rest}"" is enhanced: Each name{Bubblebalm} bounce adds 1 stack to her name{Convalescence} tally, and the values for the name{Convalescence} stacks' DMG bonus will be modified to: Every 1,000 max name{HP} name{Sigewinne} has above 30,000 increases the DMG by 100. The maximum DMG increase for name{Elemental Skills} that can be gained in this way is 3,500. You must first unlock the Ascension Talent ""name{Requires Appropriate Rest}."""
talent_name;sigewinne_can_the_most_merciful_of_spirits_defeat_its_foes;«Могут ли милосерднейшие из душ победить врагов?»;"""Can the Most Merciful of Spirits Defeat Its Foes?"""
talent_descr;sigewinne_can_the_most_merciful_of_spirits_defeat_its_foes_1;При использовании skill{skill:Прыгучей гидротерапии} и skill{burst:Сверхнасыщенной инъекции}, name{Сиджвин} создаёт name{щит-пузырь}, равный %{text_percent} от её name{макс. HP}, который поглощает hydro{Гидро урон} с эффективностью 250%. Щит активен до окончания использования этих навыков.;When using skill{skill:Rebound Hydrotherapy} and skill{burst:Super Saturated Syringing}, name{Sigewinne} can create a name{Bubbly Shield} worth %{text_percent} of her name{Max HP} that absorbs hydro{Hydro DMG} with 250% efficiency. The name{Bubbly Shield} will persist until name{Sigewinne} finishes using relevant skills.
talent_descr;sigewinne_can_the_most_merciful_of_spirits_defeat_its_foes_2;Кроме того, после того как name{Бодрящий пузырёк} name{Прыгучей гидротерапии} или name{Сверхнасыщенная инъекция} попадают во врага, его hydro{Гидро сопротивление} на 8 сек. снижается на %{enemy_res_hydro}.;Additionally, after name{Rebound Hydrotherapy}'s name{Bolstering Bubblebalm} or name{Super Saturated Syringing} hits an opponent, that opponent's hydro{Hydro RES} will be decreased by %{enemy_res_hydro} for 8s.
talent_name;sigewinne_can_the_healthiest_of_spirits_cure_fevers;«Могут ли здоровейшие из душ излечить жар?»;"""Can the Healthiest of Spirits Cure Fevers?"""
talent_name;sigewinne_can_the_loveliest_of_spirits_keep_decay_at_bay;«Могут ли прекраснейшие из душ пресечь увядание?»;"""Can the Loveliest of Spirits Keep Decay at Bay?"""
talent_descr;sigewinne_can_the_loveliest_of_spirits_keep_decay_at_bay;Длительность skill{burst:Сверхнасыщенной инъекции} увеличивается на 3 сек.;The duration of skill{burst:Super Saturated Syringing} is extended by 3s.
talent_name;sigewinne_can_the_most_joyful_of_spirits_alleviate_agony;«Могут ли радостнейшие из душ избавить от мук?»;"""Can the Most Joyful of Spirits Alleviate Agony?"""
talent_name;sigewinne_can_the_most_radiant_of_spirits_pray_for_me;«Вознесут ли светлейшие из душ за меня молитвы?»;"""Can the Most Radiant of Spirits Pray For Me?"""
talent_descr;sigewinne_can_the_most_radiant_of_spirits_pray_for_me;Исцеляя персонажей, name{Сиджвин} повышает name{шанс крит. попадания} и name{крит. урон} её skill{burst:Сверхнасыщенной инъекции} пропорционально своему name{макс. HP}: за каждую 1000 ед. её name{макс. HP} name{шанс крит. попадания} увеличивается на %{text_percent_1}, а name{крит. урон} - на %{text_percent_2} на 15 сек. Максимальное увеличение шанса крит. попадания, которого можно добиться таким способом, составляет %{text_percent_1_max}, а увеличение крит. урона - %{text_percent_2_max}.;When name{Sigewinne} performs healing, she will increase the name{CRIT Rate} and name{CRIT DMG} of her skill{burst:Super Saturated Syringing} based on her name{Max HP}. Every 1,000 name{Max HP} she has will increase name{CRIT Rate} by %{text_percent_1} and name{CRIT DMG} by %{text_percent_2} for 15s. The maximum increase achievable this way is %{text_percent_1_max} name{CRIT Rate} and %{text_percent_2_max} name{CRIT DMG}.
talent_name;skirk_reason_beyond_reason;Разум за гранью разума;Reason Beyond Reason
talent_descr;skirk_reason_beyond_reason;Когда персонажи отряда поблизости активируют на противнике реакции cryo{Заморозка}, cryo{Сверхпроводник}, cryo{Крио Рассеивание} или cryo{Крио Кристалл}, рядом с этим противником будет создан name{Разрыв пустоты}. Этот эффект может возникнуть один раз в 2,5 сек. Одновременно на поле может существовать до 3 name{Разрывов пустоты}, созданных самой name{Скирк}.<br><br>name{Скирк} способна поглощать name{Разрывы пустоты} в определённом радиусе поблизости следующими способами:<br>· Когда поражает врагов name{заряженной атакой} в режиме skill{n11130006:Семифазной вспышки}.<br>· Когда активирует особый взрыв стихии skill{burst:Хаос: Опустошение} в режиме name{Семифазной вспышки}.<br>· При активации name{элементального навыка} skill{skill:Хаос: Искажение} долгим нажатием и быстром перемещении.<br><br>Каждый поглощённый name{Разрыв пустоты} наделяет её 8 ед. skill{n11130005:Змеиного коварства}.;When nearby party members trigger cryo{Frozen}, cryo{Superconduct}, cryo{Cryo Swirl}, or cryo{Cryo Crystallize} reactions against opponents, a name{Void Rift} will be created near this opponent. This effect can be triggered once every 2.5s. 3 name{Void Rifts} created by name{Skirk} herself can exist on the field at once.<br><br>name{Skirk} can use the following methods to absorb nearby name{Void Rifts}:<br>· When she hits an opponent with a name{Charged Attack} in her skill{n11130006:Seven-Phase Flash} mode.<br>· When she uses the special name{Elemental Burst} skill{burst:Havoc: Extinction} while in name{Seven-Phase Flash mode}.<br>· When she Holds her name{Elemental Skill} skill{skill:Havoc: Warp} to engage in rapid movement.<br><br>Each Rift absorbed will grant her 8 skill{n11130005:Serpent's Subtlety} points.
talent_name;skirk_return_to_oblivion;Возвращение в небытие;Return to Oblivion
talent_descr;skirk_return_to_oblivion;Когда hydro{Гидро} персонажи отряда поблизости поражают противника hydro{Гидро} атаками или cryo{Крио} персонажи отряда поблизости за исключением самой name{Скирк} поражают противника cryo{Крио} атаками, name{Скирк} на 20 сек. получает один уровень эффекта name{Переправы смерти}. Этот эффект складывается до 3 раз, а длительность каждого уровня рассчитывается отдельно.<br>Каждый персонаж таким способом может наделять name{Скирк} 1 уровнем name{Переправы смерти}.<br>За каждый уровень name{Переправы смерти} name{обычная атака} name{Скирк} в режиме skill{n11130006:Семифазной вспышки} наносит 110%/120%/170% от её исходного урона, а взрыв стихии skill{Хаос: Разрушение} - 105%/115%/160% от его исходного урона.;"When nearby hydro{Hydro} party members' hydro{Hydro} attacks hit opponents, or when nearby cryo{Cryo} party members apart from name{Skirk} hit opponents with cryo{Cryo} attacks, name{Skirk} will gain the ""name{Death's Crossing}"" effect for 20s. Max 3 stacks, each stack's duration is counted independently.<br>Each character can grant name{Skirk} at most 1 ""name{Death's Crossing}"" stack by this means.<br>Each ""name{Death's Crossing}"" stack increases the name{Normal Attack DMG} dealt by name{Skirk} in skill{n11130006:Seven-Phase Flash} mode to 110%/120%/170% of its original DMG and the DMG dealt when using her name{Elemental Burst} skill{burst:Havoc: Ruin} to 105%/115%/160% of its original DMG."
talent_name;skirk_mutual_weapons_mentorship;Взаимное наставничество по оружию;Mutual Weapons Mentorship
talent_descr;skirk_mutual_weapons_mentorship;Если отряд полностью состоит из hydro{Гидро} или cryo{Крио} персонажей, и есть хотя бы по одному персонажу hydro{Гидро} и cryo{Крио}, уровень skill{элементального навыка} персонажей вашего отряда увеличивается на 1.;When all party members are either hydro{Hydro} or cryo{Cryo}, and if there is at least 1 hydro{Hydro} and 1 cryo{Cryo} character, your own party members' skill{Elemental Skill} Level is increased by 1.
talent_name;skirk_far_to_fall;Нескончаемое падение;Far to Fall
talent_descr;skirk_far_to_fall;Усиливает эффект таланта возвышения skill{n11130007:Разум за гранью разума}: с каждым поглощением name{Разрыва пустоты} name{Скирк} призывает кристальный клинок, который атакует врагов поблизости и наносит cryo{Крио урон}, равный %{text_percent_dmg} от её name{силы атаки}. Такой урон считается уроном name{заряженной атаки}.<br>Требуется разблокировать талант возвышения name{Разум за гранью разума}.;Enhances the effects of the Ascension Talent skill{n11130007:Reason Beyond Reason}: Every name{Void Rift} absorbed will summon a crystal blade to attack nearby opponents, dealing %{text_percent_dmg} of name{Skirk}'s name{ATK} as cryo{Cryo DMG}. This DMG is considered name{Charged Attack DMG}.<br>You must first unlock the Ascension Talent name{Reason Beyond Reason}.
talent_name;skirk_into_the_abyss;В бездну;Into the Abyss
talent_descr;skirk_into_the_abyss_1;После применения name{элементального навыка} skill{skill:Хаос: Искажение} name{Скирк} дополнительно получает 10 ед. skill{n11130005:Змеиного коварства}.<br>При использовании name{взрыва стихии} skill{Хаос: Разрушение} урон этого name{взрыва стихии} повышается, для чего дополнительно учитывается до 10 ед. Змеиного коварства.;After unleashing her name{Elemental Skill} skill{skill:Havoc: Warp}, name{Skirk} will gain 10 additional skill{n11130005:Serpent's Subtlety} points.<br>When using her name{Elemental Burst} skill{burst:Havoc: Ruin}, the DMG of this name{Elemental Burst} instance will be increased by taking up to 10 more Serpent's Subtlety points into account.
talent_descr;skirk_into_the_abyss_2;Кроме того, на 12,5 сек. после того, как name{Скирк} применяет свой особый взрыв стихии skill{burst:Хаос: Опустошение} в режиме skill{n11130006:Семифазной вспышки}, её name{сила атаки} повышается на 70%. Эффект исчезает, когда name{Скирк} выходит из режима name{Семифазной вспышки}.;Additionally, within 12.5s after name{Skirk} unleashes the special name{Elemental Burst} skill{burst:Havoc: Extinction} while in her skill{n11130006:Seven-Phase Flash} mode, her name{ATK} is increased by 70%. This effect will be canceled when she leaves the name{Seven-Phase Flash mode}.
talent_name;skirk_serendipitous_sin;Грех по наитию;Serendipitous Sin
talent_name;skirk_fractured_flow;Раздробленный поток;Fractured Flow
talent_descr;skirk_fractured_flow;Усиливает эффект таланта возвышения skill{n11130008:Возвращение в небытие}: каждый уровень name{Переправы смерти} также повышает name{силу атаки} name{Скирк} на 10%/20%/40%.<br>Требуется разблокировать талант возвышения name{Возвращение в небытие}.;Enhances the effects of the Ascension Talent skill{n11130008:Return to Oblivion}: Each name{Death's Crossing} stack also increases name{Skirk}'s name{ATK} by 10%/20%/40%.<br>You must first unlock the Ascension Talent name{Return to Oblivion}.
talent_name;skirk_end_of_wishes;Плоды чаяний;End of Wishes
talent_name;skirk_to_the_source;К истоку;To the Source
talent_descr;skirk_to_the_source;Каждый name{Разрыв пустоты}, поглощённый посредством эффекта таланта возвышения skill{n11130007:Разум за гранью разума}, наделяет name{Скирк} 1 уровнем эффекта name{Хаос: Отсечение}. name{Скирк} может расходовать его уровни на совместные атаки и снижение получаемого урона в режиме skill{n11130006:Семифазной вспышки}. Этот эффект длится 15 сек. и складывается до 3 раз. Длительность каждого уровня рассчитывается отдельно.<br>Требуется разблокировать талант возвышения name{Разум за гранью разума}.<br><br>skill{Хаос: Отсечение}<br>· Во время применения name{взрыва стихии} skill{Хаос: Разрушение} все уровни skill{Хаоса: Отсечение} расходуются на выполнение совместной атаки, в которой каждый уровень skill{Хаоса: Отсечение} наносит cryo{Крио урон}, равный %{text_percent_dmg_1} name{силы атаки} name{Скирк}. Этот урон считается уроном name{взрыва стихии}.<br>· При попадании третьего или пятого удара name{обычной атаки} name{Скирк} в режиме name{Семифазной вспышки} во врага расходуется 1 уровень skill{Хаоса: Отсечение} и 3 раза выполняется совместная атака, каждый раз нанося cryo{Крио урон}, равный %{text_percent_dmg_2} от name{силы атаки} name{Скирк}. Этот урон считается уроном name{обычной атаки}.<br>· Когда name{Скирк} в режиме name{Семифазной вспышки} получает урон, расходуется 1 уровень skill{Хаоса: Отсечение}, снижает данный урон на 80% и 3 раза атакует врагов поблизости, каждый раз нанося cryo{Крио урон}, равный %{text_percent_dmg_2} от name{силы атаки} name{Скирк}. Такой урон считается уроном name{заряженной атаки}.;"Each name{Void Rift} name{Skirk} absorbs via the effects of the Ascension Talent skill{n11130007:Reason Beyond Reason} will grant her 1 name{Havoc: Sever} stack. She can consume such stacks to initiate coordinated attacks and decrease the DMG she takes while in skill{n11130006:Seven-Phase Flash} mode. These stacks last for 15s, and each stack's duration is counted independently (max 3 stacks).<br>You must first unlock the Ascension Talent ""name{Reason Beyond Reason}.""<br><br>skill{Havoc: Sever}<br>· When name{Skirk} uses the name{Elemental Burst} skill{burst:Havoc: Ruin}, she will consume all skill{Havoc: Sever} stacks to initiate a coordinated attack in which each skill{Havoc: Sever} stack will deal %{text_percent_dmg_1} of name{Skirk}'s name{ATK} as cryo{Cryo DMG}. This DMG is considered name{Elemental Burst DMG}.<br>· When she uses name{Normal Attacks} while in name{Seven-Phase Flash mode}, 1 skill{Havoc: Sever} stack will be consumed when her third or fifth sequenced attacks hit an opponent to launch 3 coordinated attacks. Each coordinated attack deals %{text_percent_dmg_2} of name{Skirk}'s name{ATK} as cryo{Cryo DMG}. This damage is considered name{Normal Attack DMG}.<br>· When name{Skirk} takes DMG while in name{Seven-Phase Flash mode}, 1 skill{Havoc: Sever} stack will be consumed to decrease this DMG instance by 80% and attack nearby opponents 3 times, with each attack dealing %{text_percent_dmg_2} of name{Skirk}'s name{ATK} as cryo{Cryo DMG}. This DMG is considered name{Charged Attack DMG}."
talent_name;sucrose_catalyst_conversion;Замещение катализатора;Catalyst Conversion
talent_descr;sucrose_catalyst_conversion;Вызванная name{Сахарозой} реакция anemo{Рассеивание} увеличивает name{мастерство} соответствующего элемента остальных членов отряда (но не у name{Сахарозы}) на %{text_value} ед. в течение 8 сек.;When name{Sucrose} triggers a anemo{Swirl} reaction, all characters in the party with the matching element (excluding name{Sucrose}) have their name{Elemental Mastery} increased by %{text_value} for 8s.
talent_name;sucrose_mollis_favonius;Сообразительный ветерок;Mollis Favonius
talent_descr;sucrose_mollis_favonius;При попадании навыками skill{skill:«Эксперимент №6308»} или skill{burst:«Запретно! Изомер 75 / Тип II»} увеличивает name{мастерство стихий} остальных членов отряда (но не у name{Сахарозы}) на %{text_percent} от name{мастерства стихий} name{Сахарозы} в течение 8 сек.;When skill{skill:Astable Anemohypostasis Creation - 6308} or skill{burst:Forbidden Creation - Isomer 75 / Type II} hits an opponent, increases all party members' (excluding name{Sucrose}) name{Elemental Mastery} by an amount equal to %{text_percent} of name{Sucrose}'s name{Elemental Mastery} for 8s.
talent_name;sucrose_clustered_vacuum_field;Кластерное вакуумное поле;Clustered Vacuum Field
talent_descr;sucrose_clustered_vacuum_field;Увеличивает количество зарядов навыка skill{skill:Эксперимент №6308} на 1.;skill{skill:Astable Anemohypostasis Creation - 6308} gains 1 additional charge.
talent_name;sucrose_unbound_form;Бет: Свободная форма;Beth: Unbound Form
talent_descr;sucrose_unbound_form;Увеличивает длительность навыка skill{burst:Запретно! Изомер 75 / Тип II} на 2 сек.;The duration of skill{burst:Forbidden Creation - Isomer 75 / Type II} is increased by 2s.
talent_name;sucrose_flawless_alchemistress;Безупречный алхимик;Flawless Alchemistress
talent_name;sucrose_alchemania;Мания алхимии;Alchemania
talent_descr;sucrose_alchemania;name{Сахароза} уменьшает время отката навыка skill{skill:Эксперимент №6308} на 1-7 сек. за каждые 7 попаданий обычной или name{заряженной атакой} по противникам.<br>Одно попадание может засчитываться каждые 0,1 сек.;name{Sucrose} will reduce the CD of skill{skill:Astable Anemohypostasis Creation - 6308} by 1-7s for every 7 name{Normal} or name{Charged Attack} hits she scores against opponents.<br>One hit may be counted every 0.1s.
talent_name;sucrose_standard_flask;Внимание: обычная колба;Caution: Standard Flask
talent_name;sucrose_chaotic_entropy;Энтропия хаоса;Chaotic Entropy
talent_descr;sucrose_chaotic_entropy;Если навык skill{burst:Запретно! Изомер 75 / Тип II} активировал поглощение стихий, все члены отряда получают value{20%} бонус урона соответствующего элемента на время действия навыка.;If skill{burst:Forbidden Creation - Isomer 75 / Type II} triggers an Elemental Absorption, all party members gain a value{20%} name{Elemental DMG Bonus} for the corresponding absorbed element during its duration.
talent_name;tartaglia_never_ending;Не кончается пытка;Never Ending
talent_descr;tartaglia_never_ending;Увеличивает длительность статуса name{Отлив} на 8 сек.;Extends name{Riptide} duration by 8s.
talent_name;tartaglia_sword_of_torrents;Водяной меч;Sword of Torrents
talent_descr;tartaglia_sword_of_torrents;Когда name{Тарталья} находится в рукопашной стойке навыка skill{skill:Форма духа: Бушующие волны}, крит. попадания name{обычными} или name{заряженными атаками} накладывают на противников статус name{Отлив}.;When name{Tartaglia} is in skill{skill:Foul Legacy: Raging Tide}'s name{Melee Stance}, on dealing a CRIT hit, name{Normal} and name{Charged Attacks} apply the name{Riptide} status effect to opponents.
talent_name;tartaglia_tide_withholder;Форма духа: Останавливающий волну;Foul Legacy: Tide Withholder
talent_descr;tartaglia_tide_withholder;Уменьшает время отката навыка skill{skill:Форма духа: Бушующие волны} на %{text_percent_cd}.;Decreases the CD of skill{skill:Foul Legacy: Raging Tide} by %{text_percent_cd}.
talent_name;tartaglia_understream;Форма духа: Скрытое течение;Foul Legacy: Understream
talent_descr;tartaglia_understream;Когда враги со статусом name{Отлив} побеждены, name{Тарталья} восстанавливает 4 ед. name{элементальной энергии}.;When opponents affected by name{Riptide} are defeated, name{Tartaglia} regenerates 4 name{Elemental Energy}.
talent_name;tartaglia_vortex_of_turmoil;Хаос бездны: Источник беспорядков;Abyssal Mayhem: Vortex of Turmoil
talent_name;tartaglia_hydrospout;Хаос бездны: Гидро излив;Abyssal Mayhem: Hydrospout
talent_descr;tartaglia_hydrospout;Когда name{Тарталья} находится в стойке skill{skill:Форма духа: Бушующие волны}, враги со статусом name{Отлив} получают урон от эффекта name{Отлив-удар} каждые 4 сек. В противном случае срабатывает эффект name{Отлив-вспышка}.<br>На эффекты name{Отлив-удар} и name{Отлив-вспышка}, вызванные этим уровнем созвездия, не действуют их обычные ограничения длительности, также они не имеют никаких эффектов в этих временных промежутках.;If name{Tartaglia} is in skill{skill:Foul Legacy: Raging Tide}'s name{Melee Stance}, triggers name{Riptide Slash} against opponents on the field affected by name{Riptide} every 4s, otherwise, triggers name{Riptide Flash}.<br>name{Riptide Slashes} and name{Riptide Flashes} triggered by this Constellation effect are not subject to the time intervals that would typically apply to these two name{Riptide} effects, nor do they have any effect on those time intervals.
talent_name;tartaglia_formless_blade;Хаос: Бесформенный клинок;Havoc: Formless Blade
talent_name;tartaglia_annihilation;Хаос: Охота на ангелов;Havoc: Annihilation
talent_descr;tartaglia_annihilation;При активации навыка skill{burst:Хаос: Опустошение} обнуляется время отката навыка skill{skill:Форма духа: Бушующие волны}.<br>Этот эффект срабатывает, только когда name{Тарталья} возвращается в дальнюю стойку.;When skill{burst:Havoc: Obliteration} is cast in name{Melee Stance}, the CD of skill{skill:Foul Legacy: Raging Tide} is reset.<br>This effect will only take place once name{Tartaglia} returns to his Ranged Stance.
talent_name;thoma_imbricated_armor;Перекрывающая броня;Imbricated Armor
talent_descr;thoma_imbricated_armor;Когда ваш активный персонаж получает или обновляет skill{skill:Пылающий щит}, name{прочность щита} этого персонажа повышается на %{shield} в течение 6 сек.<br>Этот эффект может возникнуть раз в 0,3 сек. и складывается до 5 раз.;When your current active character obtains or refreshes a skill{skill:Blazing Barrier}, this character's name{Shield Strength} will increase by %{shield} for 6s.<br>This effect can be triggered once every 0.3s seconds. Max 5 stacks.
talent_name;thoma_flaming_assault;Пламенная атака;Flaming Assault
talent_descr;thoma_flaming_assault;Урон, наносимый name{Огненным разрывом} skill{burst:Багрового оёроя}, увеличивается на %{text_percent} от name{макс. HP} name{Томы}.;DMG dealt by skill{burst:Crimson Ooyoroi}'s name{Fiery Collapse} is increased by %{text_percent} of name{Thoma}'s name{Max HP}.
talent_name;thoma_a_comrades_duty;Долг друга;A Comrade's Duty
talent_descr;thoma_a_comrades_duty;Когда персонаж под защитой skill{skill:Пылающего щита} name{Томы}, но кроме него самого, получает удар, время отката skill{skill:Пылающего покрова} и skill{burst:Багрового оёроя} name{Томы} уменьшается на 3 сек.<br>Этот эффект может возникнуть раз в 20 сек.;When a character protected by name{Thoma}'s own skill{skill:Blazing Barrier} (name{Thoma} excluded) is attacked, name{Thoma}'s own skill{skill:Blazing Blessing} CD is decreased by 3s, while his own skill{burst:Crimson Ooyoroi}'s CD is decreased by 3s.<br>This effect can be triggered once every 20s.
talent_name;thoma_a_subordinates_skills;Проницательность слуги;A Subordinate's Skills
talent_descr;thoma_a_subordinates_skills;Длительность skill{burst:Багрового оёроя} увеличивается на 3 сек.;skill{burst:Crimson Ooyoroi}'s duration is increased by 3s.
talent_name;thoma_fortified_resolve;Твёрдая решимость;Fortified Resolve
talent_name;thoma_long_term_planning;Долгосрочный план;Long-Term Planning
talent_descr;thoma_long_term_planning;Использование навыка skill{burst:Багровый оёрой} восстанавливает 15 name{ед. энергии} name{Томы}.;After using skill{burst:Crimson Ooyoroi}, 15 name{Energy} will be restored to name{Thoma}.
talent_name;thoma_raging_wildfire;Бушующий пожар;Raging Wildfire
talent_name;thoma_burning_heart;Горячее сердце;Burning Heart
talent_descr;thoma_burning_heart;При получении или обновлении skill{skill:Пылающего щита} урон name{обычных атак}, name{заряженных атак} и name{атак в падении} всех членов отряда на 6 сек. повышается на %{dmg_normal}.;When a skill{skill:Blazing Barrier} is obtained or refreshed, the DMG dealt by all party members' name{Normal}, name{Charged}, and name{Plunging Attacks} is increased by %{dmg_normal} for 6s.
talent_name;tighnari_keen_sight;Острый глаз;Keen Sight
talent_descr;tighnari_keen_sight;Выпущенная name{Тигнари} skill{attack:стрела-венец} увеличивает его name{мастерство стихий} на %{mastery} ед. на 4 сек.;After name{Tighnari} fires a skill{attack:Wreath Arrow}, his name{Elemental Mastery} is increased by %{mastery} for 4s.
talent_name;tighnari_scholarly_blade;Учёный клинок;Scholarly Blade
talent_descr;tighnari_scholarly_blade;Каждая единица name{мастерства стихий} name{Тигнари} увеличивает урон его name{заряженной атаки} и skill{Стрелы-лианы жизни} на value{0,06%}.<br>Бонус урона, полученный таким образом, не может превышать value{60%}.;For every point of name{Elemental Mastery} name{Tighnari} possesses, his name{Charged Attack} and skill{burst:Fashioner's Tanglevine Shaft} DMG are increased by value{0.06%}.<br>The maximum name{DMG Bonus} obtainable this way is value{60%}.
talent_name;tighnari_beginnings_determined_at_the_roots;Побеги определяются корнями;Beginnings Determined at the Roots
talent_descr;tighnari_beginnings_determined_at_the_roots;Увеличивает name{шанс крит. попадания} name{заряженной атакой} name{Тигнари} на %{crit_rate_charged}.;name{Tighnari}'s name{Charged Attack} name{CRIT Rate} is increased by %{crit_rate_charged}.
talent_name;tighnari_origins_known_from_the_stem;Истоки узнаются по стеблю;Origins Known From the Stem
talent_descr;tighnari_origins_known_from_the_stem;Когда в поле name{виджняны-кханды}, созданном skill{skill:Миной виджняны-пхалы}, находятся враги, name{Тигнари} получает %{dmg_dendro} бонус dendro{Дендро урона}.<br>Если время действия поля истечёт или в нём не останется врагов, эффект продлится ещё 6 сек.;When there are opponents within the name{Vijnana-Khanda Field} created by skill{skill:Vijnana-Phala Mine}, name{Tighnari} gains %{dmg_dendro} dendro{Dendro DMG Bonus}.<br>The effect will last up to 6s if the field's duration ends or if it no longer has opponents within it.
talent_name;tighnari_fortunes_read_amongst_the_branches;По ветвям постигается сотворение;Fortunes Read Amongst the Branches
talent_name;tighnari_withering_glimpsed_in_the_leaves;В листьях является расцвет и увядание;Withering Glimpsed in the Leaves
talent_descr;tighnari_withering_glimpsed_in_the_leaves_1;Активация навыка skill{burst:Стрела-лиана жизни} увеличивает name{мастерство стихий} всех членов отряда поблизости на %{mastery} ед. на 8 сек.;When skill{burst:Fashioner's Tanglevine Shaft} is unleashed, all nearby party members gain %{mastery} name{Elemental Mastery} for 8s.
talent_descr;tighnari_withering_glimpsed_in_the_leaves_2;Если Стрела-лиана жизни вызывает pyro{Горение}, dendro{Бутонизацию}, dendro{Лунную бутонизацию}, dendro{Стимуляцию} или dendro{Разрастание}, name{мастерство стихий} дополнительно увеличивается на %{mastery} ед., а длительность данного эффекта обновляется.;If the name{Fashioner's Tanglevine Shaft} triggers a pyro{Burning}, dendro{Bloom}, dendro{Lunar-Bloom}, dendro{Quicken}, or dendro{Spread} reaction, their name{Elemental Mastery} will be further increased by %{mastery}. This latter case will also refresh the buff state's duration.
talent_name;tighnari_comprehension_amidst_the_flowers;Во цветении осмысливается истина;Comprehension Amidst the Flowers
talent_name;tighnari_karma_adjudged_from_the_leaden_fruit;Плодом налитым определяется карма;Karma Adjudged From the Leaden Fruit
talent_descr;tighnari_karma_adjudged_from_the_leaden_fruit;Сокращает время заряда skill{attack:стрелы-венца} на 0,9 сек. и при попадании создаёт 1 дополнительную name{стрелу соцветия}. Эта стрела наносит %{text_percent_dmg} от name{силы атаки} name{Тигнари}.;skill{attack:Wreath Arrow}'s charging time is decreased by 0.9s, and will produce 1 additional name{Clusterbloom Arrow} upon hit. This arrow deals %{text_percent_dmg} of name{Tighnari}'s name{ATK} as DMG.
talent_name;traveler_spotless_waters;Чистые воды;Spotless Waters
talent_descr;traveler_spotless_waters;Когда выпущенная долгим нажатием skill{skill:Клинка водной эмблемы} name{Капля росы} попадёт по противнику, рядом с путешественником будет создана name{Капля источника}. Если подобрать её, она восстановит %{text_percent_heal} name{HP} путешественника.<br>Таким способом можно создавать не более 1 name{Капли источника} в секунду. При каждой активации name{Клинка водной эмблемы} можно создать до 4 name{Капель источника}.;After the name{Dewdrop} fired by the Hold Mode of the skill{skill:Aquacrest Saber} hits an opponent, a name{Sourcewater Droplet} will be generated near to the name{Traveler}. If the name{Traveler} picks it up, they will restore %{text_percent_heal} name{HP}.<br>1 name{Droplet} can be created this way every second, and each use of name{Aquacrest Saber} can create 4 name{Droplets} at most.
talent_name;traveler_clear_waters;Прозрачные воды;Clear Waters
talent_descr;traveler_clear_waters;Если name{Затопление}, вызванное долгим нажатием skill{skill:Клинка водной эмблемы}, потребило name{HP}, name{Бурные воды}, выпускаемые при завершении навыка, нанесут бонусный урон, равный %{text_percent_dmg} от общего количества name{HP} путешественника, которое было израсходовано name{Затоплением} во время действия данного навыка.<br>Полученный таким образом бонус урона не может превышать %{text_value_max} ед.;If name{HP} has been consumed via name{Suffusion} while using the Hold Mode skill{skill:Aquacrest Saber}, the name{Torrent Surge} at the skill's end will deal Bonus DMG equal to %{text_percent_dmg} of the total name{HP} the name{Traveler} has consumed in this skill use via name{Suffusion}.<br>The maximum name{DMG Bonus} that can be gained this way is %{text_value_max}.
talent_name;traveler_swelling_lake;Вздымающееся озеро;Swelling Lake
talent_descr;traveler_swelling_lake;При подборе name{Капли источника} путешественник восстанавливает 2 name{ед. энергии}.<br>Требуется разблокировать талант возвышения name{Чистые воды}.;"Picking up a name{Sourcewater Droplet} will restore 2 name{Energy} to the name{Traveler}.<br>You must first unlock the Ascension Talent ""name{Spotless Waters}."""
talent_name;traveler_trickling_purity;Струящаяся непорочность;Trickling Purity
talent_descr;traveler_trickling_purity;Скорость пузыря навыка skill{burst:Прибывающая вода} снижена на 30%, а длительность увеличена на 3 сек.;The name{Movement SPD} of skill{burst:Rising Waters}' bubble will be decreased by 30%, and its duration increased by 3s.
talent_name;traveler_turbulent_ripples;Беспокойная рябь;Turbulent Ripples
talent_name;traveler_pouring_descent;Падающие потоки;Pouring Descent
talent_descr;traveler_pouring_descent;При использовании навыка skill{skill:Клинок водной эмблемы} создаёт Щит водной эмблемы, поглощающий урон, равный %{text_percent_hp} от name{макс. HP} путешественника. hydro{Гидро урон} поглощается с эффективностью 250%. Щит существует до конца использования навыка.<br>Каждые 2 сек. при попадании name{Капель росы} по противникам, когда путешественник находится под защитой name{Щита водной эмблемы}, поглощаемый щитом урон будет восстанавливаться до %{text_percent_hp_2} от name{макс. HP} путешественника. В противном случае будет создан новый щит.;When using skill{skill:Aquacrest Saber}, an name{Aquacrest Aegis} that can absorb %{text_percent_hp} of the name{Traveler}'s name{Max HP} in DMG will be created and will absorb hydro{Hydro DMG} with 250% effectiveness. It will persist until the name{Traveler} finishes using the skill.<br>Once every 2s, after a name{Dewdrop} hits an opponent, if the name{Traveler} is being protected by name{Aquacrest Aegis}, the DMG Absorption of the name{Aegis} will be restored to %{text_percent_hp_2} of the name{Traveler}'s name{Max HP}. If the name{Traveler} is not presently being protected by an name{Aegis}, one will be redeployed.
talent_name;traveler_churning_whirlpool;Вихрящийся водоворот;Churning Whirlpool
talent_name;traveler_tides_of_justice;Прибой правосудия;Tides of Justice
talent_descr;traveler_tides_of_justice;Подобранная путешественником name{Капля источника} восстанавливает члену отряда поблизости с наименьшим количеством name{HP} %{text_percent_hp} от его name{макс. HP}.;When the name{Traveler} picks up a name{Sourcewater Droplet}, they will restore name{HP} to a nearby party member with the lowest remaining name{HP} percentage based on %{text_percent_hp} of said member's name{Max HP}.
talent_name;traveler_true_flame_of_incineration;Истинное пламя сожжения;True Flame of Incineration
talent_descr;traveler_true_flame_of_incineration;Когда у путешественника более 20 очков name{Ночного духа}, область поражения name{Пылающего порога} и name{Испепеляющего порога} name{элементального навыка} skill{skill:Клинок текущего пламени} после попадания по врагу увеличивается.;When the Traveler has over 20 name{Nightsoul points}, the attack AoE of the name{Blazing} and name{Scorching Thresholds} from the name{Elemental Skill} skill{skill:Flowfire Blade} after they hit opponents is increased.
talent_name;traveler_embers_unspent;Недогоревшие угли;Embers Unspent
talent_descr;traveler_embers_unspent;После того как активный персонаж, находящийся внутри skill{skill:Пылающего порога} или skill{skill:Испепеляющего порога}, активирует на противнике pyro{Пиро} реакции, путешественник восстанавливает 5 name{ед. энергии}. Такой эффект может возникнуть один раз в 12 сек. Кроме того, когда члены отряда поблизости активируют name{Вспышку Ночного духа}, путешественник восстанавливает 4 name{ед. энергии}.;After the current active character inside a skill{skill:name{Blazing} Threshold} or skill{skill:Scorching Threshold} triggers a pyro{Pyro}-related reaction, the Traveler will regain 5 name{Energy}. This can occur once every 12s. Additionally, when a nearby party member triggers a name{Nightsoul Burst}, the Traveler will regain 4 name{Energy}.
talent_name;traveler_starfires_flowing_light;Искрящийся огонь звёзд;Starfire's Flowing Light
talent_descr;traveler_starfires_flowing_light_1;Когда skill{skill:Пылающий порог} или skill{skill:Испепеляющий порог} активен, урон активного персонажа повышается на %{dmg_all}.;While skill{skill:name{Blazing} Threshold} or skill{skill:Scorching Threshold} are active, the current active character deals %{dmg_all} increased DMG.
talent_descr;traveler_starfires_flowing_light_2;Если данный персонаж пребывает в состоянии name{Благословения Ночного духа}, его урон дополнительно повышается на %{dmg_all}.;If said character is in the name{Nightsoul's Blessing} state, they will deal an additional %{dmg_all} DMG.
talent_name;traveler_ever_lit_candle;Негаснущая свеча;Ever-Lit Candle
talent_descr;traveler_ever_lit_candle;В течение 12 сек. после использования name{элементального навыка} skill{skill:Клинок текущего пламени}, после того как член отряда поблизости активирует на противнике pyro{Пиро} реакции, путешественник восстанавливает 14 очков name{Ночного духа}. За каждое использование skill{skill:Клинка текучего пламени} таким способом можно восстановить до 28 очков name{Ночного духа}.;Within 12s of using the name{Elemental Skill} skill{skill:Flowfire Blade}, after nearby party members trigger a pyro{Pyro}-related reaction on an opponent, the Traveler will regain 14 name{Nightsoul points}. Each use of skill{skill:Flowfire Blade} will restore at most 28 name{Nightsoul points} in this way.
talent_name;traveler_relayed_beacon;Передающийся сигнальный огонь;Relayed Beacon
talent_name;traveler_ravaging_flame;Неистовый пожар;Ravaging Flame
talent_descr;traveler_ravaging_flame;После применения name{взрыва стихии} skill{burst:Испепеляющий равнины} путешественник на 9 сек. получает %{dmg_pyro} бонус pyro{Пиро урона}.;After using the name{Elemental Burst} skill{burst:Plains Scorcher}, the Traveler gains %{dmg_pyro} pyro{Pyro DMG Bonus} for 9s.
talent_name;traveler_the_fire_inextinguishable;Бессмертный огонь;The Fire Inextinguishable
talent_name;traveler_the_sacred_flame_imperishable;Вечное Священное пламя;The Sacred Flame Imperishable
talent_descr;traveler_the_sacred_flame_imperishable;name{Обычные атаки}, name{заряженные атаки} и name{атаки в падении} путешественника, когда он находится в состоянии name{Благословения Ночного духа}, наносят pyro{Пиро урон} с характеристикой name{Ночного духа}, который не может быть отменён другими инфузиями. Кроме того, name{крит. урон} таких атак повышается на %{crit_dmg_normal}.;While in the name{Nightsoul's Blessing} state, the Traveler's name{Normal}, name{Charged}, and name{Plunging Attacks} will be converted to Nightsoul-aligned pyro{Pyro DMG} that cannot be overridden, and the name{CRIT DMG} of these attacks is increased by %{crit_dmg_normal}.
talent_name;varesa_tag_team_triple_jump;Трёхкратный командный прыжок!;Tag-Team Triple Jump!
talent_descr;varesa_tag_team_triple_jump_1;После применения name{элементального навыка} skill{skill:Верхом на ночной радуге} name{Вареса} на 5 сек. получает эффект name{Радужное крушение}.<br>Во время его действия ударная волна name{атаки в падении} name{Варесы} наносит дополнительный урон, равный %{text_percent} от её name{силы атаки}. Эффект name{Радужного крушения} исчезает, когда ударная волна от приземления name{атаки в падении} поражает противников или когда заканчивается время его действия.;"After using the name{Elemental Skill} skill{skill:Riding the Night-Rainbow}, name{Varesa} gains ""name{Rainbow Crash}"" for 5s.<br>During this time, when name{Varesa} uses a name{Plunging Attack}, the shockwave DMG dealt when she hits the ground is increased by %{text_percent} of her name{ATK}. The name{Rainbow Crash} effect will be canceled once a ground impact hits an opponent, or when its duration expires."
talent_descr;varesa_tag_team_triple_jump_2;Если name{Вареса} находится в состоянии name{Пылающего воодушевления}, то ударная волна name{атаки в падении} наносит дополнительный урон, равный %{text_percent} от её name{силы атаки}.;If name{Varesa} is in the name{Fiery Passion} state, this ground impact DMG is increased by %{text_percent} of her name{ATK} instead.
talent_name;varesa_the_hero_twice_returned;Дважды вернувшийся герой!;The Hero Twice-Returned!
talent_descr;varesa_the_hero_twice_returned;Когда члены отряда поблизости активируют name{Вспышку Ночного духа}, name{сила атаки} name{Варесы} повышается на %{atk_percent} на 12 сек. Этот эффект складывается до 2 раз. Длительность каждого уровня рассчитывается отдельно.;When a nearby party member triggers a name{Nightsoul Burst}, name{Varesa}'s name{ATK} increases by %{atk_percent} for 12s. Max 2 stacks. Each stack's duration is counted independently.
talent_name;varesa_undying_passion;Неугасающая преданность;Undying Passion
talent_descr;varesa_undying_passion;Усиливает эффект таланта возвышения name{Трёхкратный командный прыжок}:<br>При выполнении особой name{атаки в падении} name{Громогласное вулканическое торнадо} name{Вареса} на 5 сек. получает name{Радужное крушение}.<br>Во время действия name{Радужного крушения}, независимо от того, находится ли name{Вареса} в состоянии name{Пылающего воодушевления} или нет, ударная волна name{атаки в падении} наносит дополнительный урон, равный %{text_percent} от её name{силы атаки}. Требуется разблокировать талант возвышения name{Трёхкратный командный прыжок}. <br>Кроме того, когда name{Вареса} находится в режиме name{Внезапного натиска} состояния name{Благословения Ночного духа}, её потребление очков name{Ночного духа} или флогистона снижается на 30%.;"The effects of the Ascension Talent ""Tag-Team Triple Jump!"" are enhanced:<br>When performing the Special name{Plunging Attack} ""name{Thunderous Tornado Eruption},"" name{Varesa} will also gain ""name{Rainbow Crash}"" for 5s.<br>When ""name{Rainbow Crash}"" is in effect, name{Varesa}'s name{Plunging Attack} ground impact DMG is increased by %{text_percent} of her name{ATK}, whether she is in the name{Fiery Passion} state or not. You must first unlock the Ascension Talent ""Tag-Team Triple Jump!"" to access the above effect. <br>Additionally, when name{Varesa} is in the name{Sudden Onrush} mode of her name{Nightsoul's Blessing}, she consumes 30% less name{Nightsoul points} or Phlogiston."
talent_name;varesa_beyond_the_edge_of_light;Преступая черту дневного света;Beyond the Edge of Light
talent_descr;varesa_beyond_the_edge_of_light;Независимо от того, находится ли name{Вареса} в состоянии name{Пылающего воодушевления} или нет, после выполнения name{атаки в падении} она активирует name{Предельный импульс}.<br>Когда name{Предельный импульс} активен, сопротивление прерыванию name{Варесы} становится ещё выше.<br>Кроме того, когда ударная волна от приземления name{атаки в падении} name{Варесы} поражает противников, она восстанавливает 11,5 name{ед. энергии}.;name{Varesa} will enter name{Apex Drive} after using a name{Plunging Attack}, regardless of whether she is in the name{Fiery Passion} state or not.<br>When name{Apex Drive} is active, name{Varesa}'s interruption resistance will also further increase.<br>Additionally, name{Varesa} will restore 11.5 name{Energy} when her name{Plunging Attack} ground impact hits an opponent.
talent_name;varesa_unbowed_resolve;Непоколебимая решимость;Unbowed Resolve
talent_name;varesa_the_courage_to_press_on;Храбрость идти вперёд;The Courage to Press On
talent_descr;varesa_the_courage_to_press_on_1;При активации name{взрыва стихии} skill{burst:Ослепительное сошествие!} в зависимости от состояния name{Варесы} возникают разные усиления. Если name{Вареса}: <br>· Не находится в состоянии name{Пылающего воодушевления} или Предельного импульса, то она на 15 сек. получает эффект Храброго продвижения: урон ударной волны name{атаки в падении} name{Варесы} повышается на %{text_percent} от её name{силы атаки} (максимум увеличения урона, которое можно получить таким способом, составляет %{text_value_max} ед.). Этот эффект исчезает, когда ударная волна от приземления name{атаки в падении} поражает противников или когда заканчивается время его действия.;name{Varesa} will receive various buffs based on her state when using her name{Elemental Burst} skill{burst:Guardian Vent!} If name{Varesa}: <br>· Has neither name{Fiery Passion} nor name{Apex Drive} active, she will gain Diligent Refinement for 15s, which will increase her name{Plunging Attack} ground impact DMG by %{text_percent} of her name{ATK}, with a maximum increase of %{text_value_max} DMG. This effect will be canceled once the ground impact hits an opponent, or if its duration ends.
talent_descr;varesa_the_courage_to_press_on_2;При активации name{взрыва стихии} skill{burst:Ослепительное сошествие!} в зависимости от состояния name{Варесы} возникают разные усиления. Если name{Вареса}: <br>· Находится в состоянии name{Пылающего воодушевления} или Предельного импульса, то урон этого name{взрыва стихии} skill{burst:Ослепительное сошествие!} увеличивается на %{dmg_burst_varesa}.;name{Varesa} will receive various buffs based on her state when using her name{Elemental Burst} skill{burst:Guardian Vent!} If name{Varesa}: <br>· If she has either name{Fiery Passion} or name{Apex Drive} active, this instance of her name{Elemental Burst} skill{burst:Guardian Vent!} deals %{dmg_burst_varesa} increased DMG.
talent_name;varesa_thoughts_floating_on_the_warm_breeze;Раздумья на тёплом ветру;Thoughts Floating on the Warm Breeze
talent_name;varesa_a_hero_of_justices_triumph;Триумф справедливого героя;A Hero of Justice's Triumph
talent_descr;varesa_a_hero_of_justices_triumph;Когда name{Вареса} входит в состояние Предельного импульса, она восстанавливает 30 name{ед. энергии}.<br>name{Шанс крит. попадания} её name{атак в падении} и name{взрыва стихии} skill{burst:Ослепительное сошествие!} увеличивается на %{crit_rate_plunge}, а name{крит. урон} - на %{crit_dmg_plunge}.<br>Кроме того, при активации name{элементального навыка} skill{skill:Верхом на ночной радуге} долгим нажатием или активации name{элементального навыка} быстрым нажатием в режиме name{Внезапного натиска} name{Вареса} восстанавливает очки name{Ночного духа} до максимума.;name{Varesa} restores 30 name{Energy} when she enters name{Apex Drive}.<br>Her name{Plunging Attacks} and name{Elemental Burst} skill{burst:Guardian Vent!} gain %{crit_rate_plunge} name{CRIT Rate} and %{crit_dmg_plunge} name{CRIT DMG}.<br>Additionally, when name{Varesa} uses the Hold version of her name{Elemental Skill} skill{skill:Riding the Night-Rainbow}, or Taps her name{Elemental Skill} while in the name{Sudden Onrush} mode, she will restore name{Nightsoul points} up to her maximum.
talent_name;venti_embrace_of_winds;Объятья ветра;Embrace of Winds
talent_descr;venti_embrace_of_winds;Долгое нажатие навыка skill{skill:Небесная поэзия} создаёт поток ветра, который длится 20 сек.;Holding skill{skill:Skyward Sonnet} creates an upcurrent that lasts for 20s.
talent_name;venti_stormeye;Глаз бури;Stormeye
talent_descr;venti_stormeye;После окончания навыка skill{burst:Великая ода ветру} восстанавливает 15 name{ед. энергии} name{Венти}.<br>Если произошло Поглощение стихии, то также восстанавливает 15 name{ед. энергии} всем членам отряда, чей элемент соответствует поглощённому элементу.;Regenerates 15 name{Energy} for name{Venti} after the effects of skill{burst:Wind's Grand Ode} end.<br>If an Elemental Absorption occurred, this also restores 15 name{Energy} to all characters of that corresponding element in the party.
talent_name;venti_splitting_gales;Дробящий шторм;Splitting Gales
talent_descr;venti_splitting_gales;Каждый skill{attack:прицельный выстрел} пускает две дополнительные стрелы. Каждая дополнительная стрела наносит %{text_percent_dmg} от урона первой стрелы.;Fires 2 additional arrows per skill{attack:Aimed Shot}, each dealing %{text_percent_dmg} of the original arrow's DMG.
talent_name;venti_breeze_of_reminiscence;Бриз воспоминаний;Breeze of Reminiscence
talent_descr;venti_breeze_of_reminiscence_1;Использование навыка skill{skill:Небесная поэзия} уменьшает anemo{Анемо} и name{физ. сопротивление} противников на %{enemy_res_anemo} в течение 10 сек.;skill{skill:Skyward Sonnet} decreases opponents' anemo{Anemo RES} and name{Physical RES} by %{enemy_res_anemo} for 10s.
talent_descr;venti_breeze_of_reminiscence_2;Также временно понижает anemo{Анемо} и name{физ. сопротивление} противников, подкинутых в воздух этим навыком, на %{enemy_res_anemo}.;Opponents launched by skill{skill:Skyward Sonnet} suffer an additional %{enemy_res_anemo} anemo{Anemo RES} and name{Physical RES} decrease while airborne.
talent_name;venti_ode_to_thousand_winds;Ода тысяче ветров;Ode to Thousand Winds
talent_name;venti_hurricane_of_freedom;Ветер свободы;Hurricane of Freedom
talent_descr;venti_hurricane_of_freedom;Подобранные name{Венти} элементальные сферы и частицы дают ему %{dmg_anemo} бонус anemo{Анемо урона} в течение 10 сек.;When name{Venti} picks up an Elemental Orb or Particle, he receives a %{dmg_anemo} anemo{Anemo DMG Bonus} for 10s.
talent_name;venti_concerto_dal_cielo;Небесная гармония;Concerto dal Cielo
talent_name;venti_storm_of_defiance;Шторм непокорности;Storm of Defiance
talent_descr;venti_storm_of_defiance_1;Понижает anemo{Анемо сопротивление} противников, получивших урон от навыка skill{burst:Великая ода ветру}, на %{enemy_res_anemo}.;Targets who take DMG from skill{burst:Wind's Grand Ode} have their anemo{Anemo RES} decreased by %{enemy_res_anemo}.
talent_descr;venti_storm_of_defiance_2;Если произошло Поглощение стихии, то также понижает сопротивление к поглощённому элементу на value{20%}.;If an Elemental Absorption occurred, then their RES towards the corresponding Element is also decreased by value{20%}.
talent_name;wanderer_jade_claimed_flower;Цветок нефрита;Jade-Claimed Flower
talent_descr;wanderer_jade_claimed_flower;Если skill{skill:Ханэга: Песнь ветра} входит в контакт с hydro{Гидро}, pyro{Пиро}, cryo{Крио} или electro{Электро} во время активации, в зависимости от элемента текущее состояние name{Избранника ветра} получает соответствующие усиления:<br>· hydro{Гидро}: максимум name{куго-рёку} повышается на value{20} ед.<br>· pyro{Пиро}: name{сила атаки} повышается на value{30%}.<br>· cryo{Крио}: name{шанс крит. попадания} повышается на value{20%}.<br>· electro{Электро}: попадания обычной и name{заряженной атакой} восстанавливают 0,8 name{ед. энергии}. Восстанавливать энергию таким образом можно раз в 0,2 сек.<br><br>Одновременно может существовать 2 таких усиления.;If skill{Hanega: Song of the Wind} comes into contact with hydro{Hydro}/pyro{Pyro}/cryo{Cryo}/electro{Electro} when it is unleashed, this instance of the name{Windfavored} state will obtain buffs according to the contacted element(s):<br>·hydro{Hydro}: name{Kuugoryoku} Point cap increases by value{20}.<br>·pyro{Pyro}: name{ATK} increases by value{30%}.<br>·cryo{Cryo}: name{CRIT Rate} increases by value{20%}.<br>·electro{Electro}: When name{Normal} and name{Charged Attacks} hit an opponent, 0.8 name{Energy} will be restored. name{Energy} can be restored this way once every 0.2s.<br><br>You can have up to 2 different kinds of these buffs simultaneously.
talent_name;wanderer_gales_of_reverie;Бури грёз;Gales of Reverie
talent_descr;wanderer_gales_of_reverie;Когда name{Странник} в состоянии skill{skill:Избранника ветра} попадает по врагу name{Куго: Фусёдан} или name{Куго: Тофукай}, есть 16% шанс получить эффект name{Сошествие: ускорение в воздухе} во время действия этого же состояния name{Избранника ветра} прервёт этот эффект, данное ускорение в воздухе не будет расходовать name{куго-рёку} и name{Странник} произведёт залп выстрелов из 4 name{стрел ветра}, каждая из которых наносит anemo{Анемо урон}, равный %{text_percent_dmg} name{силы атаки}.<br>Если name{Куго: Фусёдан} или name{Куго: Тофукай} не активировали этот эффект, шанс его активации следующим попаданием возрастает на 12%. Шанс активации возникает не чаще одного раза в 0,1 сек.;When the name{Wanderer} hits opponents with name{Kuugo: Fushoudan} or name{Kuugo: Toufukai} in his skill{skill:Windfavored} state, he has a 16% chance to obtain the name{Descent} effect: The next time the name{Wanderer} accelerates in mid-air while in this instance of the name{Windfavored} state, this effect will be removed, this acceleration instance will not consume any name{Kuugoryoku Points}, and he will fire off 4 wind arrows that deal %{text_percent_dmg} of his name{ATK} as anemo{Anemo DMG} each.<br>For each name{Kuugo: Fushoudan} and name{Kuugo: Toufukai} that does not produce this effect, the next attack of those types will have a 12% increased chance of producing it. The calculation of the effect production is done once every 0.1s.
talent_name;wanderer_ostentatious_plumage;Сёбан: Пышный плюмаж;Shoban: Ostentatious Plumage
talent_descr;wanderer_ostentatious_plumage;У name{Странника} в состоянии skill{skill:Избранника ветра} скорость атак name{Куго: Фусёдан} и name{Куго: Тофукай} увеличивается на %{atk_speed_normal}.<br>Кроме того, стрелы ветра таланта возвышения name{Бури грёз} наносят дополнительные %{text_percent_dmg} урона от name{силы атаки}. Требуется разблокировать талант возвышения name{Бури грёз}.;"When in the skill{skill:Windfavored} state, the name{Attack SPD} of the name{Wanderer}'s name{Kuugo: Fushoudan} and name{Kuugo: Toufukai} is increased by %{atk_speed_normal}.<br>Additionally, the wind arrows fired by the Ascension Talent ""name{Gales of Reverie}"" will deal an additional %{text_percent_dmg} of his name{ATK} as DMG. You must first unlock the Ascension Talent ""name{Gales of Reverie}."""
talent_name;wanderer_isle_amidst_white_waves;Нибан: Остров среди белых волн;Niban: Isle Amidst White Waves
talent_descr;wanderer_isle_amidst_white_waves;Когда name{Странник} находится в состоянии skill{skill:Избранника ветра}, урон навыка skill{burst:Кёгэн: Пять церемониальных актов} при его использовании увеличится на value{4%} за каждую единицу разницы между текущим и максимальным показателем name{куго-рёку}.<br>Увеличить урон навыка name{Кёгэн: Пять церемониальных актов} таким способом можно максимум на value{200%}.;When in the skill{skill:Windfavored} state, skill{burst:Kyougen: Five Ceremonial Plays} will see its DMG increased by value{4%} per point of difference between the max amount of name{Kuugoryoku Points} contrasted with name{Kuugoryoku}'s present capacity when using this skill.<br>Through this method, you can increase name{Kyougen: Five Ceremonial Plays}'s DMG by a maximum of value{200%}.
talent_name;wanderer_moonflower_kusemai;Самбан: Кусэмай лунного цветка;Sanban: Moonflower Kusemai
talent_name;wanderer_set_adrift_into_spring;Ёмбан: По течению к весне;Yonban: Set Adrift into Spring
talent_descr;wanderer_set_adrift_into_spring;Если во время применения навыка skill{skill:Ханэга: Песнь ветра} активируется талант возвышения name{Цветок нефрита}, кроме усилений соответствующих элементов персонаж получит 1 случайное неактивированное усиление. Одновременно может существовать 3 соответствующих элементальных усиления.<br>Требуется разблокировать талант возвышения name{Цветок нефрита}.;"When casting skill{Hanega: Song of the Wind}, should the Ascension Talent ""name{Jade-Claimed Flower}"" be triggered, the character will gain buffs in correspondence to the contacted Elemental Type(s), and also obtain a random untriggered buff. A maximum of 3 such corresponding elemental buffs can exist simultaneously.<br>You must first unlock the Ascension Talent ""name{Jade-Claimed Flower}."""
talent_name;wanderer_ancient_illuminator_from_abroad;Мацубан: Древний свет из другого края;Matsuban: Ancient Illuminator From Abroad
talent_name;wanderer_the_curtains_melancholic_sway;Сюгэн: Печальное колыхание занавеса;Shugen: The Curtains' Melancholic Sway
talent_descr;wanderer_the_curtains_melancholic_sway;Попадание name{Странника} атакой name{Куго: Фусёдан} по врагу, когда он находится в состоянии skill{skill:Избранника ветра}, производит следующие эффекты:<br>· В месте попадания совершает дополнительный удар name{Куго: Фусёдан}, который наносит %{text_percent_dmg} от изначального урона. Этот урон считается уроном name{обычной атаки}.<br>· Если name{куго-рёку} меньше 40 ед., восстанавливает 4 ед. name{куго-рёку} name{Странника}. Восстанавливать name{куго-рёку} подобным образом можно не чаще 1 раза в 0,2 сек. Эффект активируется до 5 раз во время действия одного и того же состояния name{Избранника ветра}.;When the name{Wanderer} actively hits an opponent with name{Kuugo: Fushoudan} while in the skill{skill:Windfavored} state, the following effects will occur:<br>·Deals an additional instance of name{Kuugo: Fushoudan} at the position hit, dealing %{text_percent_dmg} of the attack's original DMG. This DMG will be considered name{Normal Attack DMG}.<br>·When the name{Wanderer} falls below 40 name{Kuugoryoku Points}, restores 4 Points to him. name{Kuugoryoku Points} can be restored in this manner once every 0.2s. This restoration can occur up to 5 times within one name{Windfavored} duration.
talent_name;wriothesley_there_shall_be_a_plea_for_justice;Да восторжествует справедливость;There Shall Be a Plea for Justice
talent_descr;wriothesley_there_shall_be_a_plea_for_justice;Когда name{HP} name{Ризли} ниже 60%, он получает name{Благодатное взыскание}. Его следующая name{заряженная атака} skill{attack:Свирепыми кулаками стужи} усиливается до name{Взыскания: Морозный кулак в прыжке}. Она не потребляет выносливость, наносит увеличенный на %{dmg_charged_wriothesley} урон, а попадания по противнику восстанавливают name{HP} name{Ризли} в размере 30% от его name{макс. HP}.<br>name{Благодатное взыскание} можно получить таким способом не более 1 раза каждые 5 сек.;When name{Wriothesley}'s name{HP} is less than 60%, he will obtain a name{Gracious Rebuke}. The next name{Charged Attack} of his skill{attack:Normal Attack: Forceful Fists of Frost} will be enhanced to become name{Rebuke: Vaulting Fist}. It will not consume Stamina, will deal %{dmg_charged_wriothesley} increased DMG, and after hitting will restore name{HP} for name{Wriothesley} equal to 30% of his name{Max HP}.<br>You can gain a name{Gracious Rebuke} this way once every 5s.
talent_name;wriothesley_there_shall_be_a_reckoning_for_sin;Да придёт час расплаты за грехи;There Shall Be a Reckoning for Sin
talent_descr;wriothesley_there_shall_be_a_reckoning_for_sin;Когда текущее name{HP} name{Ризли} увеличивается или снижается, пока он находится в состоянии name{Леденящего наказания} skill{skill:Стремительного ледяного клыка}, name{Леденящее наказание} получает один уровень name{Указа об обвинении}. Эффект складывается до 5 раз. Каждый уровень эффекта повышает name{силу атаки} name{Ризли} на %{atk_percent}.;When name{Wriothesley}'s current name{HP} increases or decreases, if he is in the name{Chilling Penalty} state conferred by skill{skill:Icefang Rush}, name{Chilling Penalty} will gain one stack of name{Prosecution Edict}. Max 5 stacks. Each stack will increase name{Wriothesley}'s name{ATK} by %{atk_percent}.
talent_name;wriothesley_terror_for_the_evildoers;Держать злодеев в страхе;Terror for the Evildoers
talent_descr;wriothesley_terror_for_the_evildoers;name{Благодатное взыскание} таланта возвышения name{Да восторжествует справедливость} меняется:<br>Пока name{HP} name{Ризли} меньше 60% или он пребывает в состоянии name{Леденящего наказания} skill{skill:Стремительного ледяного клыка}, когда по противнику попадает пятый удар name{Кулаков изгнания}, name{Ризли} получает name{Благодатное взыскание}. Один эффект name{Благодатного взыскания} можно получить 1 раз в 2,5 сек.<br><br>Кроме того, name{Взыскание: Морозный кулак в прыжке} получает следующие усиления:<br>· Увеличение урона повышается до %{text_percent_dmg}.<br>· Попадания по врагу в состоянии name{Леденящего наказания} продлевают его на 4 сек. Каждое name{Леденящее наказание} можно продлить таким способом только один раз.<br><br>Требуется разблокировать талант возвышения name{Да восторжествует справедливость}.;"The name{Gracious Rebuke} from the Ascension Talent ""name{There Shall Be a Plea for Justice}"" is changed to this:<br>When name{Wriothesley}'s name{HP} is less than 60% or while he is in the name{Chilling Penalty} state caused by skill{skill:Icefang Rush}, when the fifth attack of name{Repelling Fists} hits, it will create a name{Gracious Rebuke}. 1 name{Gracious Rebuke} effect can be obtained every 2.5s.<br><br>Additionally, name{Rebuke: Vaulting Fist} will obtain the following enhancement:<br>· The name{DMG Bonus} gained will be further increased to %{text_percent_dmg}.<br>· When it hits while name{Wriothesley} is in the name{Chilling Penalty} state, that state's duration is extended by 4s. 1 such extension can occur per 1 name{Chilling Penalty} duration.<br><br>You must first unlock the Ascension Talent ""name{There Shall Be a Plea for Justice}."""
talent_name;wriothesley_shackles_for_the_arrogant;Заковать высокомерных в кандалы;Shackles for the Arrogant
talent_descr;wriothesley_shackles_for_the_arrogant;Во время использования skill{burst:Укуса чернозлатого волка} каждый уровень name{Указа об обвинении} таланта возвышения name{Да придёт час расплаты за грехи} увеличивает урон этого навыка на %{text_percent}.<br>Требуется разблокировать талант возвышения name{Да придёт час расплаты за грехи}.;"When using skill{burst:Darkgold Wolfbite}, each name{Prosecution Edict} stack from the Ascension Talent ""name{There Shall Be a Reckoning for Sin}"" will increase said ability's DMG dealt by %{text_percent}.<br>You must first unlock the Ascension Talent ""name{There Shall Be a Reckoning for Sin}."""
talent_name;wriothesley_punishment_for_the_frauds;Наказать алчных и бесчестных;Punishment for the Frauds
talent_name;wriothesley_redemption_for_the_suffering;Принести спасение страждущим;Redemption for the Suffering
talent_descr;wriothesley_redemption_for_the_suffering_1;name{HP}, восстанавливаемое name{Ризли} name{Взысканием: Морозный кулак в прыжке} увеличивается до 50% от его name{макс. HP}. Требуется разблокировать талант возвышения name{Да восторжествует справедливость}. Кроме того, когда name{Ризли} получает лечение с избытком, активируются разные эффекты в зависимости от того, на поле боя name{Ризли} или нет. Эти два эффекта увеличения скорости атаки не суммируются.;"The name{HP} restored to name{Wriothesley} through name{Rebuke: Vaulting Fist} will be increased to 50% of his name{Max HP}. You must first unlock the Ascension Talent ""name{There Shall Be a Plea for Justice}."" Additionally, when name{Wriothesley} is healed, if the amount of healing overflows, the following effects will occur depending on whether he is on the field or not. These two methods of increasing name{ATK SPD} cannot stack."
talent_descr;wriothesley_redemption_for_the_suffering_2;Если он на поле боя, его name{скорость атаки} увеличивается на %{atk_speed_normal} на 4 сек.;If he is on the field, his name{ATK SPD} will be increased by %{atk_speed_normal} for 4s.
talent_descr;wriothesley_redemption_for_the_suffering_3;Если он не на поле, name{скорость атаки} всех ваших персонажей увеличивается на %{atk_speed_normal} на 6 сек.;If he is off-field, all of your own party members' name{ATK SPD} will be increased by %{atk_speed_normal} for 6s.
talent_descr;wriothesley_redemption_for_the_suffering_4;Кроме того, когда name{Ризли} получает лечение с избытком, активируются разные эффекты в зависимости от того, на поле боя name{Ризли} или нет. Если он не на поле, name{скорость атаки} всех ваших персонажей увеличивается на %{atk_speed_normal} на 6 сек.;Additionally, when name{Wriothesley} is healed, if the amount of healing overflows, the following effects will occur depending on whether he is on the field or not. If he is off-field, all of your own party members' name{ATK SPD} will be increased by %{atk_speed_normal} for 6s.
talent_name;wriothesley_mercy_for_the_wronged;Помиловать несправедливо обвинённых;Mercy for the Wronged
talent_name;wriothesley_esteem_for_the_innocent;Лелеять невинных;Esteem for the Innocent
talent_descr;wriothesley_esteem_for_the_innocent;Увеличивает name{шанс крит. попадания} name{Взыскания: Морозный кулак в прыжке} на %{crit_rate_charged_wriothesley}, а его name{крит. урон} - на %{crit_dmg_charged_wriothesley}. Кроме того, дополнительно выпускает сосульку, которая наносит 100% первоначального cryo{Крио} Урона. Этот урон считается уроном name{заряженной атаки}.<br>Требуется разблокировать талант возвышения name{Да восторжествует справедливость}.;"The name{CRIT Rate} of name{Rebuke: Vaulting Fist} will be increased by %{crit_rate_charged_wriothesley}, and its name{CRIT DMG} by %{crit_dmg_charged_wriothesley}. When unleashed, it will also create an additional icicle that deals 100% of name{Rebuke: Vaulting Fist}'s Base DMG as cryo{Cryo DMG}. DMG dealt this way is regarded as name{Charged Attack DMG}.<br>You must first unlock the Ascension Talent ""name{There Shall Be a Plea for Justice}."""
talent_name;xiangling_crossfire;Перекрёстный огонь;Crossfire
talent_descr;xiangling_crossfire;Дистанция огненного дыхания name{Гобы} увеличивается на %{text_percent}.;Increases the flame range of name{Guoba} by %{text_percent}.
talent_name;xiangling_beware_its_super_hot;Острота!!!;Beware, It's Super Hot!
talent_descr;xiangling_beware_its_super_hot;После окончания навыка skill{skill:Атака Гобы} на месте его исчезновения остаётся name{перец}. Этот name{перец} увеличивает name{силу атаки} на %{atk_percent} в течение 10 сек.;When skill{skill:name{Guoba} Attack}'s effect ends, name{Guoba} leaves a name{chili pepper} on the spot where it disappeared. Picking up a name{chili pepper} increases name{ATK} by %{atk_percent} for 10s.
talent_name;xiangling_crispy_outside_tender_inside;Внешность обманчива;Crispy Outside, Tender Inside
talent_descr;xiangling_crispy_outside_tender_inside;Попадания атакой name{Гобы} понижают pyro{Пиро сопротивление} врагов на %{enemy_res_pyro} в течение 6 сек.;Opponents hit by name{Guoba}'s attacks have their pyro{Pyro RES} reduced by %{enemy_res_pyro} for 6s.
talent_name;xiangling_oil_meets_fire;Масло в огонь;Oil Meets Fire
talent_descr;xiangling_oil_meets_fire;Последний удар name{обычной атаки} накладывает на врага статус name{Возгорание} на 2 сек. По истечении этого времени происходит взрыв, который наносит pyro{Пиро урон} по площади, равный %{text_percent_dmg} от name{силы атаки} name{Сян Лин}.;The last attack in a name{Normal Attack} sequence applies the name{Implode} status onto the opponent for 2s. An explosion will occur once this duration ends, dealing %{text_percent_dmg} of name{Xiangling}'s name{ATK} as AoE pyro{Pyro DMG}.
talent_name;xiangling_deepfry;Жарка в масле;Deepfry
talent_name;xiangling_slowbake;На маленьком огне;Slowbake
talent_descr;xiangling_slowbake;Увеличивает длительность навыка skill{burst:Огневихрь} на %{text_percent}.;skill{burst:Pyronado}'s duration is increased by %{text_percent}.
talent_name;xiangling_guoba_mad;Гоба зол;Guoba Mad
talent_name;xiangling_condensed_pyronado;Усиленный огневихрь;Condensed Pyronado
talent_descr;xiangling_condensed_pyronado;При активном skill{burst:Огневихре} все члены отряда получают %{dmg_pyro} бонус pyro{Пиро урона}.;For the duration of skill{burst:Pyronado}, all party members receive a %{dmg_pyro} pyro{Pyro DMG Bonus}.
talent_name;xianyun_galefeather_pursuit;Белое перо на благом ветру;Galefeather Pursuit
talent_descr;xianyun_galefeather_pursuit;Каждый противник, поражённый name{Волной плывущих облаков} навыка skill{skill:Белые облака на заре}, на 20 сек. наделяет всех членов отряда поблизости 1 уровнем эффекта name{Перо на ветру}. Этот эффект складывается до 4 раз и увеличивает name{шанс крит. попадания} name{атаки в падении} на %{text_percent_1}/%{text_percent_2}/%{text_percent_3}/%{text_percent_4} соответственно.<br>Длительность уровней name{Пера на ветру}, возникающих при попадании по противнику, рассчитывается отдельно друг от друга.;Each opponent hit by name{Driftcloud Waves} from skill{skill:White Clouds at Dawn} will grant all nearby party members 1 stack of name{Storm Pinion} for 20s. Max 4 stacks. These will cause the characters' name{Plunging Attack} name{CRIT Rate} to increase by %{text_percent_1}/%{text_percent_2}/%{text_percent_3}/%{text_percent_4} respectively.<br>Each name{Storm Pinion} created by hitting an opponent has an independent duration.
talent_name;xianyun_consider_the_adeptus_in_her_realm;Адепт в своей обители;Consider, the Adeptus in Her Realm
talent_descr;xianyun_consider_the_adeptus_in_her_realm;name{Сплетение звёзд} skill{burst:Сумеречного собрания звёзд} с действующей name{Поддержкой Адептов} повышает урон ударной волны name{атаки в падении} активных персонажей отряда поблизости на %{text_percent_atk} от name{силы атаки} name{Сянь Юнь}. Максимальное увеличение урона, полученное таким образом, не может превышать %{text_value_max}.<br>Одна ударная волна name{атаки в падении} может нанести данный повышенный урон только одному противнику. Каждый персонаж может активировать этот эффект один раз в 0,4 сек.;When the name{Starwicker} created by skill{burst:Stars Gather at Dusk} has name{Adeptal Assistance} stacks, nearby active characters' name{Plunging Attack} shockwave DMG will be increased by %{text_percent_atk} of name{Xianyun}'s name{ATK}. The maximum DMG increase that can be achieved this way is %{text_value_max}.<br>Each name{Plunging Attack} shockwave DMG instance can only apply this increased DMG effect to a single opponent. Each character can trigger this effect once every 0.4s.
talent_name;xianyun_purifying_wind;Ветер очищения;Purifying Wind
talent_descr;xianyun_purifying_wind;Увеличивает количество зарядов навыка skill{skill:Белые облака на заре} на 1.;skill{skill:White Clouds at Dawn} gains 1 additional charge.
talent_name;xianyun_aloof_from_the_world;Отстранившись от мира;Aloof From the World
talent_descr;xianyun_aloof_from_the_world_1;После применения name{Небесной лестницы} навыка skill{skill:Белые облака на заре} name{сила атаки} name{Сянь Юнь} повышается на %{atk_percent} на 15 сек.;After using a name{Skyladder} from skill{skill:White Clouds at Dawn}, name{Xianyun}'s name{ATK} will be increased by %{atk_percent} for 15s.
talent_descr;xianyun_aloof_from_the_world_2;Кроме того, эффект таланта возвышения name{Адепт в своей обители} становится сильнее: name{Сплетение звёзд} skill{burst:Сумеречного собрания звёзд} с действующей name{Поддержкой Адептов} повышает урон ударной волны name{атак в падении} активных персонажей отряда поблизости на %{text_percent_atk} от name{силы атаки} name{Сянь Юнь}. Максимальное увеличение урона, полученное таким образом, не может превышать %{text_value_max}.<br>Одна ударная волна name{атаки в падении} может нанести данный повышенный урон только одному противнику. Каждый персонаж может активировать этот эффект один раз в 0,4 сек.<br>Требуется разблокировать талант возвышения name{Адепт в своей обители}.;"Additionally, the effects of the Ascension Talent ""name{Consider, the Adeptus in Her Realm}"" will be enhanced: When the name{Starwicker} created by skill{burst:Stars Gather at Dusk} has name{Adeptal Assistance} stacks, nearby active characters' name{Plunging Attack} shockwave DMG will be increased by %{text_percent_atk} of name{Xianyun}'s name{ATK}. The maximum DMG increase that can be achieved this way is %{text_value_max}.<br>Each name{Plunging Attack} shockwave DMG instance can only apply this increased DMG effect to a single opponent. Each character can trigger this effect once every 0.4s.<br>You must first unlock the Ascension Talent ""name{Consider, the Adeptus in Her Realm}."""
talent_name;xianyun_creations_of_star_and_moon;Создания звезды и луны;Creations of Star and Moon
talent_name;xianyun_mystery_millet_gourmet;Таинственное жемчужное просо;Mystery Millet Gourmet
talent_descr;xianyun_mystery_millet_gourmet;Попадания name{Волны плывущих облаков} по противнику во время одного и того же name{Превращения облаков} навыка skill{skill:Белые облака на заре}, во время которого name{Небесная лестница} была задействована 1/2/3 раза, восстанавливают name{HP} всем членам отряда поблизости в размере %{text_percent_1}/%{text_percent_2}/%{text_percent_3} от name{силы атаки} name{Сянь Юнь} соответственно. Этот эффект может возникнуть раз в 5 сек.;After using name{Skyladder} 1/2/3 times during one skill{skill:White Clouds at Dawn} name{Cloud Transmogrification} state, when a name{Driftcloud Wave} unleashed during that instance hits an opponent, it will heal all nearby party members for %{text_percent_1}/%{text_percent_2}/%{text_percent_3} of name{Xianyun}'s name{ATK}. This effect can be triggered once every 5s.
talent_name;xianyun_astride_rose_colored_clouds;Верхом на розовых облаках;Astride Rose-Colored Clouds
talent_name;xianyun_they_call_her_cloud_retainer;Дух Хранителя Облаков;They Call Her Cloud Retainer
talent_descr;xianyun_they_call_her_cloud_retainer;После того как name{Сянь Юнь} использует name{Небесную лестницу} 1/2/3 раза во время действия одного и того же name{Превращения облаков} навыка skill{skill:Белые облака на заре}, name{крит. урон} name{Волны плывущих облаков} этого name{Превращения облаков} повышается на %{text_percent_1}/%{text_percent_2}/%{text_percent_3} соответственно.<br>В течение 16 сек. после применения skill{burst:Сумеречного собрания звёзд} навык name{Белые облака на заре} не переходит в режим отката. После 8 активаций name{Белых облаков на заре} name{Сянь Юнь} этот эффект исчезает.;After name{Xianyun} uses 1/2/3 Skyladders within one name{Cloud Transmogrification} caused by skill{skill:White Clouds at Dawn}, the name{CRIT DMG} of a name{Driftcloud Wave} created in this instance of name{Cloud Transmogrification} will be increased by %{text_percent_1}/%{text_percent_2}/%{text_percent_3}.<br>Within 16s after name{Xianyun} has used skill{burst:Stars Gather at Dusk}, name{White Clouds at Dawn} will not enter CD. This effect will be canceled once she has used name{White Clouds at Dawn} 8 times.
talent_name;xiao_tamer_of_demons;Завоеватель зла: Усмиряющий демонов;Conqueror of Evil: Tamer of Demons
talent_descr;xiao_tamer_of_demons;При использовании навыка skill{burst:Истребление всего зла} урон name{Сяо} увеличивается на %{dmg_all}. После этого его урон продолжает увеличиваться на %{dmg_all} каждые 3 сек. до окончания действия навыка.<br>Макс. увеличение урона - 25%.;While under the effects of skill{burst:Bane of All Evil}, all DMG dealt by name{Xiao} increases by %{dmg_all}. DMG increases by a further %{dmg_all} for every 3s the ability persists.<br>The maximum name{DMG Bonus} is 25%.
talent_name;xiao_heaven_fall;Эра распада: Падение небес;Dissolution Eon: Heaven Fall
talent_descr;xiao_heaven_fall;В течение 7 сек. после использования навыка skill{skill:Лемниската ветра} увеличивает урон следующего использования навыка name{Лемниската ветра} на %{dmg_skill_xiao}.<br>Эффект длится 7 сек. и может складываться до трёх раз. Длительность обнуляется с каждым новым складыванием.;Using skill{skill:Lemniscatic Wind Cycling} increases the DMG of subsequent uses of name{Lemniscatic Wind Cycling} by %{dmg_skill_xiao}.<br>This effect lasts for 7s, and has a maximum of 3 stacks. Gaining a new stack refreshes the effect's duration.
talent_name;xiao_destroyer_of_worlds;Эра распада: Сокрушитель миров;Dissolution Eon: Destroyer of Worlds
talent_descr;xiao_destroyer_of_worlds;Увеличивает количество зарядов навыка skill{skill:Лемниската ветра} на 1.;Increases skill{skill:Lemniscatic Wind Cycling}'s charges by 1.
talent_name;xiao_blossom_of_kaleidos;Эра истребления: Расцвет Калейдоса;Annihilation Eon: Blossom of Kaleidos
talent_descr;xiao_blossom_of_kaleidos;Когда name{Сяо} в отряде, но не является активным персонажем, его энергия восстанавливается на %{recharge} быстрее.;When in the party and not on the field, name{Xiao}'s name{Energy Recharge} is increased by %{recharge}.
talent_name;xiao_wrath_deity;Завоеватель зла: Бог гнева;Conqueror of Evil: Wrath Deity
talent_name;xiao_extinction_of_suffering;Трансценденция: Исчезновение страданий;Transcension: Extinction of Suffering
talent_descr;xiao_extinction_of_suffering;Когда name{HP} name{Сяо} опускается ниже %{text_percent_hp}, его защита увеличивается на %{def_percent}.;When name{Xiao}'s name{HP} falls below %{text_percent_hp}, he gains a %{def_percent} name{DEF} Bonus.
talent_name;xiao_origin_of_ignorance;Эра эволюции: Истоки невежества;Evolution Eon: Origin of Ignorance
talent_name;xiao_guardian_yaksha;Завоеватель зла: Защитник Якса;Conqueror of Evil: Guardian Yaksha
talent_descr;xiao_guardian_yaksha;Попадание name{атакой в падении} по двум и более врагам в форме навыка skill{burst:Истребление всего зла} добавляет один заряд навыку skill{skill:Лемниската ветра}, после чего в течение 1 сек. его можно активировать, игнорируя время отката.;While under the effects of skill{burst:Bane of All Evil}, hitting at least 2 opponents with name{Xiao}'s name{Plunging Attack} will immediately grant him 1 charge of skill{skill:Lemniscatic Wind Cycling}, and for the next 1s, he may use name{Lemniscatic Wind Cycling} while ignoring its CD.
talent_name;xilonen_netotiliztlis_echoes;Эхо нетотилицтли;Netotiliztli's Echoes
talent_descr;xilonen_netotiliztlis_echoes_1;Когда name{Шилонен} находится в состоянии name{Благословения Ночного духа}: <br>Если у name{Шилонен} есть как минимум два name{Исходных сэмпла}, которые поменяли свой элемент, при попадании своей name{обычной атакой} и name{атакой в падении} по противнику она получает 35 очков name{Ночного духа}. Эффект может возникнуть один раз в 0,1 сек.;While in the name{Nightsoul's Blessing} state: <br>If name{Xilonen} has at least 2 name{Source Samples} that have had their Elemental Types changed, she gains 35 name{Nightsoul points} when her name{Normal} or name{Plunging Attacks} hit opponents. Can be triggered once every 0.1s.
talent_descr;xilonen_netotiliztlis_echoes_2;Когда name{Шилонен} находится в состоянии name{Благословения Ночного духа}: <br>Если у неё менее двух name{Исходных сэмплов}, которые поменяли свой элемент, урон name{обычной атаки} и name{атаки в падении} повышается на %{dmg_normal}.;While in the name{Nightsoul's Blessing} state: <br>If name{Xilonen} has fewer than 2 name{Source Samples} that have had their Elemental Types changed, her name{Normal} and name{Plunging Attacks} deal %{dmg_normal} increased DMG.
talent_name;xilonen_portable_armored_sheath;Переносной бронирующий слой;Portable Armored Sheath
talent_descr;xilonen_portable_armored_sheath;Когда name{Шилонен} находится в состоянии name{Благословения Ночного духа}, а её очки name{Ночного духа} достигают максимума, она активирует эффект, аналогичный её name{Вспышке Ночного духа}. Этот эффект может возникнуть один раз в 14 сек.<br>Кроме того, когда члены отряда поблизости активируют name{Вспышку Ночного духа}, защита name{Шилонен} повышается на %{def_percent} на 15 сек.;While in the name{Nightsoul's Blessing} state, when name{Xilonen}'s name{Nightsoul points} reach the maximum, she will trigger an effect equal to that of her name{Nightsoul Burst}. This effect can be triggered once every 14s.<br>Additionally, when nearby party members trigger a name{Nightsoul Burst}, name{Xilonen}'s name{DEF} is increased by %{def_percent} for 15s.
talent_name;xilonen_sabbatical_phrase;Фраза отдохновения;Sabbatical Phrase
talent_descr;xilonen_sabbatical_phrase;Потребление очков name{Ночного духа} и флогистона name{Шилонен} в состоянии name{Благословения Ночного духа} снижено на 30%, а ограничение длительности её очков name{Ночного духа} повышено на 45%.<br>Кроме того, когда name{Исходные сэмплы} name{Шилонен} активны, она также повышает сопротивление прерыванию активных персонажей поблизости.;name{Xilonen}'s name{Nightsoul point} and Phlogiston consumption in her name{Nightsoul's Blessing} state is decreased by 30%, and her name{Nightsoul point} time limit is extended by 45%.<br>Additionally, when name{Xilonen}'s name{Source Samples} are active, she can also increase nearby active characters' interruption resistance.
talent_name;xilonen_chiucue_mix;Микс Чиукуэ;Chiucue Mix
talent_descr;xilonen_chiucue_mix;name{Исходные сэмплы} geo{Гео} name{Шилонен} всегда активны. Когда name{Исходные сэмплы} name{Шилонен} активны, все члены отряда поблизости, чей элемент соответствует элементу Исходного сэмпла, получают следующие эффекты:<br>· geo{Гео}: наносимый урон увеличивается на %{text_percent_geo}.<br>· pyro{Пиро}: name{сила атаки} увеличивается на %{text_percent_pyro}.<br>· hydro{Гидро}: name{макс. HP} увеличивается на %{text_percent_hydro}.<br>· cryo{Крио}: name{крит. урон} увеличивается на %{text_percent_cryo}.<br>· electro{Электро}: восстанавливает 25 name{ед. энергии}, а также сокращает откат name{взрыва стихии} на 6 сек.;name{Xilonen}'s geo{Geo} name{Source Samples} will always remain active. Additionally, when her name{Source Samples} activate, all nearby party members will gain effects corresponding to the active name{Source Sample} that matches their Elemental Type:<br>·geo{Geo}: DMG dealt +%{text_percent_geo}.<br>·pyro{Pyro}: name{ATK} +%{text_percent_pyro}.<br>·hydro{Hydro}: name{Max HP} +%{text_percent_hydro}.<br>·cryo{Cryo}: name{CRIT DMG} +%{text_percent_cryo}.<br>·electro{Electro}: Restore 25 name{Energy}, decrease name{Elemental Burst} CD by 6s.
talent_name;xilonen_tonalpohuallis_loop;Цикл тональпоуалли;Tonalpohualli's Loop
talent_name;xilonen_suchitls_trance;Транс Сочитль;Suchitl's Trance
talent_descr;xilonen_suchitls_trance;После того как name{Шилонен} использует skill{skill:Скретч Йоуаль}, она на 15 сек. наделяет всех персонажей отряда поблизости name{Цветущей милостью}.<br>name{Обычные атаки}, name{заряженные атаки} и name{атаки в падении} персонажей с name{Цветущей милостью} наносят урон, повышенный на %{text_percent_dmg} от name{защиты} name{Шилонен}. Эффект отменяется после того как активируется 6 раз или когда заканчивается время его действия.<br>Если одновременно поразить нескольких врагов, количество активаций подсчитывается согласно числу поражённых врагов. name{Цветущая милость} рассчитывается для всех членов отряда отдельно.;After name{Xilonen} uses skill{skill:Yohual's Scratch}, she will grant all nearby party members the name{Blooming Blessing} effect for 15s.<br>Characters with name{Blooming Blessing} deal %{text_percent_dmg} of name{Xilonen}'s name{DEF} as increased name{Normal}, name{Charged}, and name{Plunging Attack DMG}. This effect will be removed after triggering 6 times or when the duration ends.<br>When you hit more than one opponent, trigger counts will be consumed based on the number of opponents hit. The counts for each party member with name{Blooming Blessing} are counted independently.
talent_name;xilonen_tlaltecuhtlis_crossfade;Переход Тлальтекутли;Tlaltecuhtli's Crossfade
talent_name;xilonen_imperishable_night_carnival;Карнавал непреходящей ночи;Imperishable Night Carnival
talent_descr;xilonen_imperishable_night_carnival;Когда name{Шилонен} в состоянии name{Благословения Ночного духа} совершает спринт, прыжок, использует name{обычную атаку} или name{атаку в падении}, она получает name{Благословение непреходящей ночи}, которое игнорирует ограничения состояния name{Благословения Ночного духа} name{Шилонен}, повышает урон её name{обычной атаки} и name{атаки в падении}, длится 5 сек.<br>В это время:<br>· Отсчёт ограничения её состояния name{Благословения Ночного духа} приостанавливается, а очки name{Ночного духа}, флогистон и выносливость name{Шилонен} не снижаются. Когда её очки name{Ночного духа} достигают максимума, name{Благословение Ночного духа} name{Шилонен} не завершается.<br>· Урон name{обычных атак} и name{атак в падении} name{Шилонен} в состоянии name{Благословения Ночного духа} увеличивается на %{normal_base_def_percent} от её name{защиты}.<br>· Каждые 1,5 сек. она восстанавливает name{HP} членов отряда поблизости в размере %{text_percent_heal} от своей name{защиты}.<br>Она может получать name{Благословение непреходящей ночи} 1 раз в 15 сек.;When name{Xilonen} is in the name{Nightsoul's Blessing} state, when she sprints, leaps, or uses name{Normal} or name{Plunging Attacks}, she will gain name{Imperishable Night's Blessing}, ignoring the limitations of her name{Nightsoul's Blessing} state and increasing the DMG dealt by her name{Normal} and name{Plunging Attacks} for 5s.<br>During this time:<br>·Her name{Nightsoul's Blessing} time limit countdown will be paused. name{Xilonen}'s name{Nightsoul points}, Phlogiston, and Stamina will not decrease, and when her name{Nightsoul points} reach the maximum, her name{Nightsoul's Blessing} state will not end either.<br>·name{Xilonen} deals %{normal_base_def_percent} of her name{DEF} as increased name{Normal} and name{Plunging Attack DMG} while in the name{Nightsoul's Blessing} state.<br>·She heals nearby party members for %{text_percent_heal} of her name{DEF} every 1.5s.<br>She can gain 1 name{Imperishable Night's Blessing} once every 15s.
talent_name;xingqiu_hydropathic;Секрет текущей воды;Hydropathic
talent_descr;xingqiu_hydropathic;При уничтожении или окончании действия name{Мечей дождя}, восстанавливает name{HP} активного персонажа на value{6%} от name{макс. HP} name{Син Цю}.;When a name{Rain Sword} is shattered or when its duration expires, it regenerates the current character's name{HP} based on value{6%} of name{Xingqiu}'s name{Max HP}.
talent_name;xingqiu_blades_amidst_raindrops;Красивый почерк;Blades Amidst Raindrops
talent_descr;xingqiu_blades_amidst_raindrops;Даёт name{Син Цю} %{dmg_hydro} бонус hydro{Гидро урона}.;name{Xingqiu} gains a %{dmg_hydro} hydro{Hydro DMG Bonus}.
talent_name;xingqiu_the_scent_remained;Запах дождя по утрам;The Scent Remained
talent_descr;xingqiu_the_scent_remained;Увеличивает макс. количество name{Мечей дождя} на 1.;Increases the maximum number of name{Rain Swords} by 1.
talent_name;xingqiu_rainbow_upon_the_azure_sky;Радужное небо;Rainbow Upon the Azure Sky
talent_descr;xingqiu_rainbow_upon_the_azure_sky_1;Увеличивает длительность навыка skill{burst:Гухуа: Радужная стойка} на 3 сек.;Extends the duration of skill{burst:Guhua Sword: Raincutter} by 3s.
talent_descr;xingqiu_rainbow_upon_the_azure_sky_2;Понижает на %{enemy_res_hydro} hydro{Гидро сопротивление} противников, получивших урон от name{Мечей Дождя}, на 4 сек.;Decreases the hydro{Hydro RES} of opponents hit by name{sword rain} attacks by %{enemy_res_hydro} for 4s.
talent_name;xingqiu_weaver_of_verses;Стихоплетение;Weaver of Verses
talent_name;xingqiu_evilsoother;Укротитель зла;Evilsoother
talent_descr;xingqiu_evilsoother;Увеличивает урон навыка skill{skill:Гухуа: Завеса дождя} на %{text_percent} во время действия навыка skill{burst:Гухуа: Радужная стойка}.;Throughout the duration of skill{burst:Guhua Sword: Raincutter}, the DMG dealt by skill{skill:Guhua Sword: Fatal Rainscreen} is increased by %{text_percent}.
talent_name;xingqiu_embrace_of_rain;Объятья дождя;Embrace of Rain
talent_name;xingqiu_hence_call_them_my_own_verses;Собрание сочинений;Hence, Call Them My Own Verses
talent_descr;xingqiu_hence_call_them_my_own_verses;Каждые две атаки name{Мечей Дождя} навыка skill{burst:Гухуа: Радужная стойка} увеличивают урон следующей атаки name{Мечей Дождя}. При попадании этой атаки восстанавливается 3 name{ед. энергии} name{Син Цю}.;Activating 2 of skill{burst:Guhua Sword: Raincutter}'s name{sword rain} attacks greatly enhances the third name{sword rain} attack. On hit, the third name{sword rain} attack also regenerates 3 name{Energy} for name{Xingqiu}.
talent_name;xinyan_the_show_goes_on_even_without_an_audience;Выступление без публики;"""The Show Goes On, Even Without an Audience..."""
talent_descr;xinyan_the_show_goes_on_even_without_an_audience;"Уменьшает необходимое для получения уровня щита навыка skill{skill:Решительный жар} количество врагов:<br>· Щит 2 ур. - «Вступление»: требуется попадание по одному врагу;<br>· Щит 3 ур. - «Рейв»: требуется попадание по двум врагам и более.";Decreases the number of opponents skill{skill:Sweeping Fervor} must hit to trigger each level of shielding.<br>·name{Shield Level 2}: name{Lead-In} requirement reduced to 1 opponent hit.<br>·name{Shield Level 3}: name{Rave} requirement reduced to 2 opponents hit or more.
talent_name;xinyan_now_thats_rock_n_roll;Вот это рок-н-ролл!;"""...Now That's Rock 'N' Roll!"""
talent_descr;xinyan_now_thats_rock_n_roll;Щит навыка skill{skill:Решительный жар} увеличивает name{физ. урон} персонажа на %{dmg_phys}.;Characters shielded by skill{skill:Sweeping Fervor} deal %{dmg_phys} increased name{Physical DMG}.
talent_name;xinyan_fatal_acceleration;Фатальный разгон;Fatal Acceleration
talent_descr;xinyan_fatal_acceleration;При крит. попадании увеличивает name{скорость обычной} и name{заряженной атаки} name{Синь Янь} на %{atk_speed_normal} в течение 5 сек.<br>Может возникнуть раз в 5 сек.;Upon scoring a CRIT Hit, increases name{ATK SPD} of name{Xinyan}'s name{Normal} and name{Charged Attacks} by %{atk_speed_normal} for 5s.<br>Can only occur once every 5s.
talent_name;xinyan_impromptu_opening;Выступление экспромтом;Impromptu Opening
talent_descr;xinyan_impromptu_opening;Увеличивает name{шанс крит. попадания} физ. уроном навыка skill{burst:Струны протеста} на 100%, также при использовании навыка активирует щит 3 ур. - «Рейв».;skill{burst:Riff Revolution}'s name{Physical DMG} has its name{CRIT Rate} increased by 100%, and will form a shield at name{Shield Level 3}: name{Rave} when cast.
talent_name;xinyan_double_stop;Сложный аккорд;Double-Stop
talent_name;xinyan_wildfire_rhythm;Дикий ритм;Wildfire Rhythm
talent_descr;xinyan_wildfire_rhythm;Попадание навыком skill{skill:Решительный жар} понижает name{физ. сопротивление} врага на %{enemy_res_phys} в течение 12 сек.;skill{skill:Sweeping Fervor}'s swing DMG decreases opponent's name{Physical RES} by %{enemy_res_phys} for 12s.
talent_name;xinyan_screamin_for_an_encore;Крики «Браво!»;Screamin' for an Encore
talent_name;xinyan_rockin_in_a_flaming_world;Адский рок-н-ролл;Rockin' in a Flaming World
talent_descr;xinyan_rockin_in_a_flaming_world;Уменьшает потребление выносливости name{заряженной атакой} name{Синь Янь} на %{text_percent}. Также при исполнении name{заряженной атаки} name{Синь Янь} получает бонус атаки равный 50% от её name{защиты}.;Decreases the Stamina Consumption of name{Xinyan}'s name{Charged Attacks} by %{text_percent}. Additionally, name{Xinyan}'s name{Charged Attacks} gain an name{ATK} Bonus equal to 50% of her name{DEF}.
talent_name;yae_miko_the_shrines_sacred_shade;Божественная тень святилища;The Shrine's Sacred Shade
talent_descr;yae_miko_the_shrines_sacred_shade;Каждая name{Сакура сэссё}, разрушенная навыком skill{burst:Великое тайное искусство: Тэнко кэнсин}, сбрасывает откат одного заряда навыка skill{skill:Проклятие якан: Сакура сэссё}.;When casting skill{burst:Great Secret Art: Tenko Kenshin}, each name{Sesshou Sakura} destroyed resets the cooldown for 1 charge of skill{skill:Yakan Evocation: Sesshou Sakura}.
talent_name;yae_miko_enlightened_blessing;Просветлённое благословение;Enlightened Blessing
talent_descr;yae_miko_enlightened_blessing;Каждая единица name{мастерства стихий} name{Яэ Мико} увеличивает урон skill{skill:Сакуры сэссё} на %{text_percent|0|2}.;Every point of name{Elemental Mastery} name{Yae Miko} possesses will increase skill{skill:Sesshou Sakura} DMG by %{text_percent|0|2}.
talent_name;yae_miko_yakan_offering;Подношения яко;Yakan Offering
talent_descr;yae_miko_yakan_offering;При каждой активации удара молнии name{Небесной кицунэ} навыком skill{burst:Великое тайное искусство: Тэнко кэнсин} name{Яэ Мико} восстанавливает себе 8 ед. name{элементальной энергии}.;Each time skill{burst:Great Secret Art: Tenko Kenshin} activates a name{Tenko Thunderbolt}, name{Yae Miko} will restore 8 name{Elemental Energy} for herself.
talent_name;yae_miko_foxs_mooncall;Лунный зов лисы;Fox's Mooncall
talent_descr;yae_miko_foxs_mooncall;skill{skill:Сакура сэссё} создаётся уже 2-го уровня. Максимальный уровень повышен до 4, а радиус её атак увеличен на %{text_percent}.;skill{skill:Sesshou Sakura} start at Level 2 when created, their max level is increased to 4, and their attack range is increased by %{text_percent}.
talent_name;yae_miko_the_seven_glamours;Семь чудесных превращений;The Seven Glamours
talent_name;yae_miko_sakura_channeling;Молния алой вишни;Sakura Channeling
talent_descr;yae_miko_sakura_channeling;Попадание по врагу ударом молнии skill{skill:Сакуры сэссё} наделяет всех персонажей поблизости %{dmg_electro} бонусом electro{Электро урона} длительностью 5 сек.;When skill{skill:Sesshou Sakura} lightning hits opponents, the electro{Electro DMG Bonus} of all nearby party members is increased by %{dmg_electro} for 5s.
talent_name;yae_miko_mischievous_teasing;Бесконечные насмешки;Mischievous Teasing
talent_name;yae_miko_daisesshou;Запрещённое искусство: Дайсэссё;Forbidden Art: Daisesshou
talent_descr;yae_miko_daisesshou;Атаки skill{skill:Сакур сэссё} игнорируют %{enemy_def_ignore_skill} от name{защиты} противника.;skill{skill:The name{Sesshou Sakura}'s} attacks will ignore %{enemy_def_ignore_skill} of the opponents' name{DEF}.
talent_name;yanfei_proviso;Оговорка;Proviso
talent_descr;yanfei_proviso;Когда name{заряженная атака} name{Янь Фэй} потребляет name{Багровые печати}, каждая потраченная печать увеличивает бонус pyro{Пиро урона} на %{text_percent_dmg}, эффект длится 6 сек. Если во время действия эффекта снова используется name{заряженная атака}, то она снимает предыдущий эффект.;When name{Yanfei} consumes name{Scarlet Seals} by using a name{Charged Attack}, each name{Scarlet Seal} will increase name{Yanfei}'s pyro{Pyro DMG Bonus} by %{text_percent_dmg}. This effect lasts for 6s. When a name{Charged Attack} is used again during the effect's duration, it will dispel the previous effect.
talent_name;yanfei_blazing_eye;Пламенный взгляд;Blazing Eye
talent_descr;yanfei_blazing_eye;При критическом попадании name{заряженной атаки} по противнику name{Янь Фэй} дополнительно наносит pyro{Пиро урон} по площади, равный %{text_percent_dmg} name{силы атаки}. Урон считается уроном name{заряженной атаки}.;When name{Yanfei}'s name{Charged Attack} deals a CRIT Hit to opponents, she will deal an additional instance of AoE pyro{Pyro DMG} equal to %{text_percent_dmg} of her name{ATK}. This DMG counts as name{Charged Attack DMG}.
talent_name;yanfei_the_law_knows_no_kindness;Закон суров;The Law Knows No Kindness
talent_descr;yanfei_the_law_knows_no_kindness;При проведении name{заряженной атаки} каждая name{Багровая печать} увеличивает сопротивление прерыванию во время чтения заклинания и снижает потребление выносливости этой name{заряженной атаки} на %{text_percent}.;When name{Yanfei} uses her name{Charged Attack}, each existing name{Scarlet Seal} additionally reduces the stamina cost of this name{Charged Attack} by %{text_percent} and increases resistance against interruption during its release.
talent_name;yanfei_right_of_final_interpretation;Право толкования;Right of Final Interpretation
talent_descr;yanfei_right_of_final_interpretation;Увеличивает на %{crit_rate_charged} name{шанс критического попадания} name{заряженной атаки} name{Янь Фэй} против врагов с name{HP} ниже %{text_percent_hp}.;Increases name{Yanfei}'s name{Charged Attack} name{CRIT Rate} by %{crit_rate_charged} against enemies below %{text_percent_hp} name{HP}.
talent_name;yanfei_samadhi_fire_forged;Печать истины;Samadhi Fire-Forged
talent_name;yanfei_supreme_amnesty;Охранная грамота;Supreme Amnesty
talent_descr;yanfei_supreme_amnesty;При использовании таланта skill{burst:По рукам}:<br>Создаёт щит, который в течение 15 сек. поглощает урон, равный %{text_percent_hp} от name{макс. HP} name{Янь Фэй}.<br>pyro{Пиро урон} поглощается с эффективностью 250%.;When skill{burst:Done Deal} is used:<br>Creates a shield that absorbs up to %{text_percent_hp} of name{Yanfei}'s name{Max HP} for 15s.<br>This shield absorbs pyro{Pyro DMG} 250% more effectively.
talent_name;yanfei_abiding_affidavit;Подчинение закону;Abiding Affidavit
talent_name;yanfei_extra_clause;Дополнительный пункт;Extra Clause
talent_descr;yanfei_extra_clause;Увеличивает максимальное количество name{Багровых печатей} на 1.;Increases the maximum number of name{Scarlet Seals} by 1.
talent_name;yaoyao_starscatter;Звёздная россыпь;Starscatter
talent_descr;yaoyao_starscatter;Находясь в состоянии name{Наследия Адептов} навыка skill{burst:Сошествие лунной яшмы}, name{Яо Яо} во время спринта, прыжков или бега постоянно бросает во врагов поблизости name{Редьку белого нефрита}. Таким способом можно метать 1 редьку раз в 0,6 сек.;While affected by the name{Adeptal Legacy} state caused by skill{burst:Moonjade Descent}, name{Yaoyao} will constantly throw name{White Jade Radishes} at nearby opponents when she is sprinting, jumping, or running. She can throw 1 name{White Jade Radish} this way once every 0.6s.
talent_name;yaoyao_in_others_shoes;Забота о ближнем;In Others' Shoes
talent_descr;yaoyao_in_others_shoes;Когда skill{skill:Редька белого нефрита} взрывается, то восстанавливает name{HP} персонажам в области её действия каждую 1 сек. пропорционально %{text_percent_hp} от name{макс. HP} name{Яо Яо}. Эффект длится 5 сек.;When skill{skill:White Jade Radishes} explode, active characters within their AoE will regain name{HP} every 1s based on %{text_percent_hp} of name{Yaoyao}'s name{Max HP}. This effect lasts 5s.
talent_name;yaoyao_adeptus_tutelage;Наставничество Адепта;Adeptus' Tutelage
talent_descr;yaoyao_adeptus_tutelage;Когда skill{skill:Редька белого нефрита} взрывается, активные персонажи в области её действия получают %{dmg_dendro} бонус dendro{Дендро урона} на 8 сек., а также восстанавливают 15 ед. выносливости. Восстанавливать выносливость таким образом можно 1 раз в 5 сек.;When skill{skill:White Jade Radishes} explode, active characters within their AoE will gain %{dmg_dendro} dendro{Dendro DMG Bonus} for 8s and have 15 Stamina restored to them. This form of Stamina Restoration can only be triggered every 5s.
talent_name;yaoyao_innocent;Беспорочность;Innocent
talent_descr;yaoyao_innocent;Если взрывы name{Редьки белого нефрита} наносят противникам урон, когда name{Яо Яо} пребывает в состоянии name{Наследия Адептов} навыка skill{burst:Сошествие лунной яшмы}, то она восстанавливает 3 name{ед. энергии}. Восстанавливать энергию таким образом можно 1 раз в 0,8 сек.;While affected by the name{Adeptal Legacy} state caused by skill{burst:Moonjade Descent}, if name{White Jade Radish} explosions hit opponents, 3 name{Energy} will be restored to name{Yaoyao}. This form of name{Energy} regeneration can occur once every 0.8s.
talent_name;yaoyao_loyal_and_kind;Верность и доброта;Loyal and Kind
talent_name;yaoyao_winsome;Дружелюбие;Winsome
talent_descr;yaoyao_winsome;После активации skill{skill:Небесного скопления редьки} или skill{burst:Сошествия лунной яшмы} name{мастерство стихий} name{Яо Яо} увеличивается пропорционально %{text_percent_hp} от её name{макс. HP} на 8 сек. Таким образом к мастерству стихий может прибавиться до %{text_value_max} ед.;After using skill{skill:Raphanus Sky Cluster} or skill{burst:Moonjade Descent}, name{Yaoyao}'s name{Elemental Mastery} will be increased based on %{text_percent_hp} of her name{Max HP} for 8s. The maximum name{Elemental Mastery} she can gain this way is %{text_value_max}.
talent_name;yaoyao_compassionate;Сострадательность;Compassionate
talent_name;yaoyao_beneficent;Благодетельность;Beneficent
talent_descr;yaoyao_beneficent;С каждым третьим броском name{Редьки белого нефрита} skill{burst:Бросающий Юэгуй} дополнительно бросает 1 name{Мегаредьку}, которая обладает большей зоной поражения и следующими эффектами при взрыве:<br>· Наносит dendro{Дендро урон} по площади, равный %{text_percent_atk} от name{силы атаки} name{Яо Яо}.<br>· Восстанавливает name{HP} активного персонажа пропорционально %{text_percent_heal} от name{макс. HP} name{Яо Яо}.<br><br>Каждый name{Бросающий Юэгуй} может бросить до 2 name{Мегаредек}.;For every 2 name{White Jade Radishes} skill{skill:Yuegui: Throwing Mode} throws out, the next throw will also release a name{Mega Radish} that will have a larger AoE than the standard name{White Jade Radish} and have the following effects upon exploding:<br>·Deals AoE dendro{Dendro DMG} based on %{text_percent_atk} of name{Yaoyao}'s name{ATK}.<br>·Restores name{HP} for the active character based on %{text_percent_heal} of name{Yaoyao}'s name{Max HP}.<br><br>Every name{Yuegui: Throwing Mode} can throw out a maximum of 2 name{Mega Radishes}.
talent_name;yelan_turn_control;Перехват инициативы;Turn Control
talent_descr;yelan_turn_control;Если в отряде format{text_number=1|1}/format{text_number=2|2}/format{text_number=3|3}/format{text_number=4|4} типа элементов, name{макс. HP} name{Е Лань} увеличивается на format{text_number=1|6}/format{text_number=2|12}/format{text_number=3|18}/format{text_number=4|30}% соответственно.;When the party has format{text_number=1|1}/format{text_number=2|2}/format{text_number=3|3}/format{text_number=4|4} Elemental Types, name{Yelan}'s name{Max HP} is increased by format{text_number=1|6}/format{text_number=2|12}/format{text_number=3|18}/format{text_number=4|30}%.
talent_name;yelan_adapt_with_ease;Лёгкая приспособляемость;Adapt With Ease
talent_descr;yelan_adapt_with_ease;Пока активен skill{burst:Изысканный бросок}, урон, наносимый своим активным персонажем, увеличивается на value{1%} и продолжает увеличиваться на value{3,5%} каждую сек. Максимальное увеличение наносимого урона - 50%.<br>Повторная активация name{Изысканных игральных костей} во время действия эффекта прервёт его.;So long as an skill{burst:Exquisite Throw} is in play, your own active character deals value{1%} more DMG. This increases by a further value{3.5%} DMG every second. The maximum increase to DMG dealt is 50%.<br>The pre-existing effect will be dispelled if name{Depth-Clarion Dice} is recast during its duration.
talent_name;yelan_enter_the_plotters;Игра с мошенниками;Enter the Plotters
talent_descr;yelan_enter_the_plotters;Увеличивает количество зарядов навыка skill{skill:Переплетённая нить жизни} на 1.;skill{skill:Lingering Lifeline} gains 1 additional charge.
talent_name;yelan_taking_all_comers;Принимаем всех желающих;Taking All Comers
talent_descr;yelan_taking_all_comers;Когда skill{burst:Изысканный бросок} проводит совместную атаку, то запускает дополнительную водяную стрелу, которая наносит hydro{Гидро урон} в %{text_percent} name{макс. HP} name{Е Лань}.<br>Эффект может возникнуть один раз в 1,8 сек.;When skill{burst:Exquisite Throw} conducts a coordinated attack, it will fire an additional water arrow that will deal %{text_percent} of name{Yelan}'s name{Max HP} as hydro{Hydro DMG}.<br>This effect can trigger once every 1.8s.
talent_name;yelan_beware_the_tricksters_dice;Остерегайся мошенников;Beware the Trickster's Dice
talent_name;yelan_bait_and_switch;Заманить и подменить;Bait-and-Switch
talent_descr;yelan_bait_and_switch;После взрыва skill{skill:Нити жизни} на 25 сек. увеличивает name{макс. HP} всех членов отряда на %{hp_percent} за каждого противника, отмеченного ею. Максимальное увеличение name{HP} - %{text_percent_max}.;Increases all party members' name{Max HP} by %{hp_percent} for 25s for every opponent marked by skill{skill:Lifeline} when the name{Lifeline} explodes. A maximum increase of %{text_percent_max} name{Max HP} can be attained in this manner.
talent_name;yelan_dealers_sleight;Ловкость дилера;Dealer's Sleight
talent_name;yelan_winner_takes_all;Победитель получает всё;Winner Takes All
talent_descr;yelan_winner_takes_all;После использования навыка skill{burst:Изысканные игральные кости} name{Е Лань} войдёт в состояние name{Стратега}.<br>В этом состоянии все обычные атаки name{Е Лань} становятся особыми name{Прорывными стрелами}. Эти стрелы обладают схожими характеристиками с обычными name{Прорывными стрелами}, наносимый ими урон считается уроном name{заряженной атаки} и составляет %{text_percent} от обычного урона name{Прорывных стрел}.<br>Состояние name{Стратега} исчезнет через 20 сек. или после 5 выпущенных стрел.;After using skill{burst:Depth-Clarion Dice}, name{Yelan} will enter the name{Mastermind} state.<br>In this state, all of name{Yelan}'s name{Normal Attacks} will be special name{Breakthrough Barbs}. These name{Breakthrough Barbs} will have similar abilities to normal ones and the DMG dealt will be considered name{Charged Attack DMG}, dealing %{text_percent} of a normal Breakthrough Barb's DMG.<br>The name{Mastermind} state lasts 20s and will be cleared after name{Yelan} fires 5 arrows.
talent_name;yoimiya_tricks_of_the_trouble_maker;Трюки нарушителя порядка;Tricks of the Trouble-Maker
talent_descr;yoimiya_tricks_of_the_trouble_maker;Во время действия навыка skill{skill:Огненный танец Ниваби} попадания name{обычной атакой} name{Ёимии} будут давать ей %{dmg_pyro} бонус pyro{Пиро урона}. Этот эффект длится 3 сек. и может складываться до 10 раз.;During skill{skill:Niwabi Fire-Dance}, shots from name{Yoimiya}'s name{Normal Attack} will increase her pyro{Pyro DMG Bonus} by %{dmg_pyro} on hit. This effect lasts for 3s and can have a maximum of 10 stacks.
talent_name;yoimiya_summer_nights_dawn;Летняя заря;Summer Night's Dawn
talent_descr;yoimiya_summer_nights_dawn_1;После использования навыка skill{burst:Камнеломка Рюкин} name{сила атаки} всех членов отряда поблизости (кроме name{Ёимии}) увеличивается на %{text_percent} на 15 сек. Имеющиеся на момент активирования навыка skill{burst:Камнеломка Рюкин} уровни таланта возвышения Трюки нарушителя порядка name{Ёимии} дополнительно улучшают данный эффект повышения name{силы атаки}. Каждый уровень повышает name{силу атаки} на %{text_percent_2}.;"Using skill{burst:Ryuukin Saxifrage} causes nearby party members (not including name{Yoimiya}) to gain a %{text_percent} name{ATK} increase for 15s. Additionally, a further name{ATK} Bonus will be added on based on the number of Ascension Talent ""name{Tricks of the Trouble-Maker}"" stacks name{Yoimiya} possesses when using skill{burst:Ryuukin Saxifrage}. Each stack increases this name{ATK} Bonus by %{text_percent_2}."
talent_descr;yoimiya_summer_nights_dawn_2;После использования навыка skill{burst:Камнеломка Рюкин} name{сила атаки} всех членов отряда поблизости (кроме name{Ёимии}) увеличивается на %{text_percent} на 15 сек.;Using skill{burst:Ryuukin Saxifrage} causes nearby party members (not including name{Yoimiya}) to gain a %{text_percent} name{ATK} increase for 15s.
talent_descr;yoimiya_summer_nights_dawn_3;Имеющиеся на момент активирования навыка skill{burst:Камнеломка Рюкин} уровни таланта возвышения Трюки нарушителя порядка name{Ёимии} дополнительно улучшают данный эффект повышения name{силы атаки}. Каждый уровень повышает name{силу атаки} на %{text_percent_2}.;"Additionally, a further name{ATK} Bonus will be added on based on the number of Ascension Talent ""name{Tricks of the Trouble-Maker}"" stacks name{Yoimiya} possesses when using skill{burst:Ryuukin Saxifrage}. Each stack increases this name{ATK} Bonus by %{text_percent_2}."
talent_name;yoimiya_agate_ryuukin;Агатовый рюкин;Agate Ryuukin
talent_descr;yoimiya_agate_ryuukin;Длительность name{Взрыва золотого сияния}, вызванного навыком skill{burst:Камнеломка Рюкин}, увеличена на 4 сек.<br>Также победа над противником, находящимся под эффектом name{Взрыва золотого сияния}, во время длительности этого эффекта увеличивает name{силу атаки} name{Ёимии} на %{atk_percent} в течение 20 сек.;The name{Aurous Blaze} created by skill{burst:Ryuukin Saxifrage} lasts for an extra 4s.<br>Additionally, when an opponent affected by name{Aurous Blaze} is defeated within its duration, name{Yoimiya}'s name{ATK} is increased by %{atk_percent} for 20s.
talent_name;yoimiya_a_procession_of_bonfires;Шествие тысячи огней;A Procession of Bonfires
talent_descr;yoimiya_a_procession_of_bonfires;Крит. попадание pyro{Пиро} уроном name{Ёимии} даёт ей %{dmg_pyro} бонус pyro{Пиро урона} на 6 сек.<br>Этот эффект может быть активирован, даже когда name{Ёимия} не является активным персонажем.;When name{Yoimiya}'s pyro{Pyro DMG} scores a CRIT Hit, name{Yoimiya} will gain a %{dmg_pyro} pyro{Pyro DMG Bonus} for 6s.<br>This effect can be triggered even when name{Yoimiya} is not the active character.
talent_name;yoimiya_tricksters_flare;Пламя трюкача;Trickster's Flare
talent_name;yoimiya_pyrotechnic_professional;Профессиональный пиротехник;Pyrotechnic Professional
talent_descr;yoimiya_pyrotechnic_professional;Когда name{Взрыв золотого сияния} name{Ёимии} вызывает взрыв, время отката навыка skill{skill:Огненный танец Ниваби} уменьшается на 1,2 сек.;When name{Yoimiya}'s own name{Aurous Blaze} triggers an explosion, skill{skill:Niwabi Fire-Dance}'s CD is decreased by 1.2s.
talent_name;yoimiya_a_summer_festivals_eve;Канун летнего фестиваля;A Summer Festival's Eve
talent_name;yoimiya_naganohara_meteor_swarm;Падающие звёзды Наганохары;Naganohara Meteor Swarm
talent_descr;yoimiya_naganohara_meteor_swarm;Во время действия навыка skill{skill:Огненный танец Ниваби} обычные атаки name{Ёимии} имеют %{text_percent_chance} шанс пустить дополнительную зажигательную стрелу, которая наносит %{text_percent_dmg} от первоначального урона. Этот урон считается уроном name{обычной атаки}.;During skill{skill:Niwabi Fire-Dance}, name{Yoimiya}'s name{Normal Attacks} have a %{text_percent_chance} chance of firing an extra name{Blazing Arrow} that deals %{text_percent_dmg} of its original DMG. This DMG is considered name{Normal Attack DMG}.
talent_name;yumemizuki_mizuki_bright_moons_restless_voice;Беспокойный голос яркой луны;Bright Moon's Restless Voice
talent_descr;yumemizuki_mizuki_bright_moons_restless_voice;Когда name{Юмэмидзуки Мидзуки} вызывает реакцию anemo{Рассеивание}, пребывая в состоянии name{Парящей по сновидениям}, длительность состояния увеличивается на 2,5 сек. Этот эффект может возникнуть один раз в 0,3 сек. и до 2 раз в течение одного состояния name{Парящей по сновидениям}.;When name{Yumemizuki Mizuki} triggers anemo{Swirl} while in her name{Dreamdrifter} state, name{Dreamdrifter}'s duration increases by 2.5s. This effect can trigger once every 0.3s for a maximum of 2 times per name{Dreamdrifter} state.
talent_name;yumemizuki_mizuki_thoughts_by_day_bring_dreams_by_night;На уме днём, в сновидениях ночью;Thoughts by Day Bring Dreams by Night
talent_descr;yumemizuki_mizuki_thoughts_by_day_bring_dreams_by_night;Когда pyro{Пиро}, hydro{Гидро}, cryo{Крио} или electro{Электро} атаки других персонажей отряда поблизости поражают противников, а name{Юмэмидзуки Мидзуки} при этом пребывает в состоянии name{Парящей по сновидениям}, то её name{мастерство стихий} повышается на %{mastery} ед. на 4 сек.;While name{Yumemizuki Mizuki} is in the name{Dreamdrifter} state, when other nearby party members hit opponents with pyro{Pyro}, hydro{Hydro}, cryo{Cryo}, or electro{Electro} attacks, her name{Elemental Mastery} will increase by %{mastery} for 4s.
talent_name;yumemizuki_mizuki_in_mist_like_waters;В туманных водах;In Mist-Like Waters
talent_descr;yumemizuki_mizuki_in_mist_like_waters;Когда name{Юмэмидзуки Мидзуки} пребывает в состоянии name{Парящей по сновидениям}, на 3 сек. она каждые 3,5 сек. накладывает на врагов поблизости эффект name{Двадцать три ночи ожидания}. Когда враг под воздействием эффекта name{Двадцать три ночи} получает anemo{Анемо урон}, который активирует реакцию anemo{Рассеивание}, эффект снимается, а урон данной реакции anemo{Рассеивание} по этому противнику повышается на %{text_percent_dmg} от name{мастерства стихий} name{Мидзуки}.;"When name{Yumemizuki Mizuki} is in the name{Dreamdrifter} state, she will continuously apply the ""name{Twenty-Three Nights' Awaiting}"" effect to nearby opponents for 3s every 3.5s. When an opponent is affected by anemo{Anemo DMG}-triggered anemo{Swirl} reactions while the aforementioned effect is active, the effect will be canceled and this anemo{Swirl} instance has its DMG against this opponent increased by %{text_percent_dmg} of name{Mizuki}'s name{Elemental Mastery}."
talent_name;yumemizuki_mizuki_your_echo_i_meet_in_dreams;Сон явит твой силуэт...;Your Echo I Meet in Dreams
talent_descr;yumemizuki_mizuki_your_echo_i_meet_in_dreams;Каждая единица name{мастерства стихий} name{Юмэмидзуки Мидзуки} при переходе в состояние name{Парящей по сновидениям} предоставляет %{text_percent_dmg} бонус pyro{Пиро}, hydro{Гидро}, cryo{Крио} и electro{Электро урона} всем другим персонажам отряда поблизости вплоть до завершения этого состояния.;When name{Yumemizuki Mizuki} enters the name{Dreamdrifter} state, every name{Elemental Mastery} point she has will increase all nearby party members' pyro{Pyro}, hydro{Hydro}, cryo{Cryo}, and electro{Electro DMG} Bonuses by %{text_percent_dmg} until the name{Dreamdrifter} state ends.
talent_name;yumemizuki_mizuki_till_dawns_moon_ends_night;С зарёй ушла ночь;Till Dawn's Moon Ends Night
talent_name;yumemizuki_mizuki_buds_warm_lucid_springs;Цветы у воды;Buds Warm Lucid Springs
talent_descr;yumemizuki_mizuki_buds_warm_lucid_springs;Если подобрать skill{Закуску в стиле юмэми} name{взрыва стихии} skill{burst:Терапия тайных источников анраку}, то одновременно будет нанесён урон, получено лечение и восстановлено 5 name{ед. энергии} name{Юмэмидзуки Мидзуки}. Восстанавливать энергию таким способом можно до 4 раз в течение одной skill{Тайной родниковой терапии анраку}.;Picking up a skill{Yumemi Style Special Snack} from the name{Elemental Burst} skill{burst:Anraku Secret Spring Therapy} will both deal DMG and heal, and will restore 5 name{Energy} to name{Yumemizuki Mizuki}. name{Energy} can be restored this way 4 times per skill{burst:Anraku Secret Spring Therapy} duration.
talent_name;yumemizuki_mizuki_as_setting_moon_brings_years_end;Под уходящей луной...;As Setting Moon Brings Year's End
talent_name;yumemizuki_mizuki_the_heart_lingers_long;Томится сердце;The Heart Lingers Long
talent_descr;yumemizuki_mizuki_the_heart_lingers_long;Когда name{Юмэмидзуки Мидзуки} пребывает в состоянии name{Парящей по сновидениям}, урон реакции anemo{Рассеивание}, вызываемой членами отряда поблизости, может наносить name{критический урон}. name{Шанс крит. попадания} составляет %{crit_rate_swirl}, а name{крит. урон} - %{crit_dmg_swirl}.;While name{Yumemizuki Mizuki} is in the name{Dreamdrifter} state, anemo{Swirl} DMG dealt by nearby party members can score CRIT Hits, with name{CRIT Rate} fixed at %{crit_rate_swirl}, and name{CRIT DMG} fixed at %{crit_dmg_swirl}.
talent_name;yun_jin_true_to_oneself;Верность себе;True to Oneself
talent_descr;yun_jin_true_to_oneself;Использование навыка skill{skill:Вихревое представление} точно в момент, когда name{Юнь Цзинь} атакована, активирует второй уровень заряда формы долгого нажатия.;Using skill{skill:Opening Flourish} at the precise moment when name{Yun Jin} is attacked will unleash its name{Level 2 Charged} (Hold) form.
talent_name;yun_jin_breaking_conventions;Отход от традиций;Breaking Conventions
talent_descr;yun_jin_breaking_conventions;Бонус урона name{обычной атаки} от эффекта skill{burst:Строй облачных флагов} дополнительно увеличивается на format{yunjin_traditionalist_stacks=1|2.5}/format{yunjin_traditionalist_stacks=2|5}/format{yunjin_traditionalist_stacks=3|7.5}/format{yunjin_traditionalist_stacks=4|11.5}% от защиты name{Юнь Цзинь}, если в отряде есть персонажи format{yunjin_traditionalist_stacks=1|1}/format{yunjin_traditionalist_stacks=2|2}/format{yunjin_traditionalist_stacks=3|3}/format{yunjin_traditionalist_stacks=4|4} типов элементов.;The name{Normal Attack DMG} Bonus granted by skill{burst:Flying Cloud Flag Formation} is further increased by format{yunjin_traditionalist_stacks=1|2.5}/format{yunjin_traditionalist_stacks=2|5}/format{yunjin_traditionalist_stacks=3|7.5}/format{yunjin_traditionalist_stacks=4|11.5}% of name{Yun Jin}'s name{DEF} when the party contains characters of format{yunjin_traditionalist_stacks=1|1}/format{yunjin_traditionalist_stacks=2|2}/format{yunjin_traditionalist_stacks=3|3}/format{yunjin_traditionalist_stacks=4|4} Elemental Types, respectively.
talent_name;yun_jin_thespian_gallop;Театральный галоп;Thespian Gallop
talent_descr;yun_jin_thespian_gallop;Уменьшает время отката навыка skill{skill:Вихревое представление} на 18%.;skill{skill:name{Opening Flourish}'s} CD is decreased by 18%.
talent_name;yun_jin_myriad_mise_en_scene;Мириады мизансцен;Myriad Mise-En-Scène
talent_descr;yun_jin_myriad_mise_en_scene;При применении skill{burst:Стяга разрушителя скал} урон name{обычной атаки} всех ближайших членов отряда увеличивается на %{dmg_normal} на 12 сек.;After skill{burst:Cliffbreaker's Banner} is unleashed, all nearby party members' name{Normal Attack DMG} is increased by %{dmg_normal} for 12s.
talent_name;yun_jin_seafaring_general;Морской поход;Seafaring General
talent_name;yun_jin_flower_and_a_fighter;Цветок и воин;Flower and a Fighter
talent_descr;yun_jin_flower_and_a_fighter;После того как name{Юнь Цзинь} вызывает реакцию geo{Кристалл}, защита на 12 сек. возрастает на %{def_percent}.;When name{Yun Jin} triggers the geo{Crystallize Reaction}, her name{DEF} is increased by %{def_percent} for 12s.
talent_name;yun_jin_famed_throughout_the_land;Мировая слава;Famed Throughout the Land
talent_name;yun_jin_decorous_harmony;Гармоничное развитие;Decorous Harmony
talent_descr;yun_jin_decorous_harmony;У персонажей в состоянии skill{burst:Строй облачных флагов} скорость name{обычной атаки} увеличивается на %{text_percent}.;Characters under the effects of the skill{burst:Flying Cloud Flag Formation} have their name{Normal} name{ATK SPD} increased by %{text_percent}.
talent_name;zhongli_resonant_waves;Каменная воля;Resonant Waves
talent_descr;zhongli_resonant_waves;Полученный при активном name{Яшмовом щите} урон накладывает статус name{Укрепление}:<br>· Увеличивает name{прочность щита} персонажа, защищённого name{Яшмовым щитом}, на %{shield}.<br>· Может складываться до 5 раз, и длится до тех пор, пока не исчезнет name{Яшмовый щит}.;When the name{Jade Shield} takes DMG, it will name{Fortify}:<br>·Fortified characters have %{shield} increased name{Shield Strength}.<br>Can stack up to 5 times, and lasts until the name{Jade Shield} disappears.
talent_name;zhongli_dominance_of_earth;Господство земли;Dominance of Earth
talent_descr;zhongli_dominance_of_earth;name{Чжун Ли} наносит дополнительный урон, который зависит от его name{макс. HP}:<br>· Урон name{обычной атаки}, name{заряженной атаки} и name{атаки в падении} увеличен на %{normal_base_hp_percent|0|2} от name{макс. HP}.<br>· Урон name{Каменной стелы} навыка skill{skill:Власть над камнем}, её резонанса и долгого нажатия увеличен на %{skill_base_hp_percent} от name{макс. HP}.<br>· Урон навыка skill{burst:Падение кометы} увеличен на %{burst_base_hp_percent} от name{макс. HP}.;name{Zhongli} deals bonus DMG based on his name{Max HP}:<br>·name{Normal Attack}, name{Charged Attack}, and name{Plunging Attack DMG} is increased by %{normal_base_hp_percent|0|2} of name{Max HP}.<br>·skill{skill:Dominus Lapidis'} name{Stone Stele}, resonance, and hold DMG is increased by %{skill_base_hp_percent} of name{Max HP}.<br>·skill{burst:name{Planet Befall}'s} DMG is increased by %{burst_base_hp_percent} of name{Max HP}.
talent_name;zhongli_rock_the_backbone_of_earth;На чём держится земля;Rock, the Backbone of Earth
talent_descr;zhongli_rock_the_backbone_of_earth;Допускает одновременное существование двух name{Каменных стел} навыка skill{skill:Власть над камнем}.;Increases the maximum number of name{Stone Steles} created by skill{skill:Dominus Lapidis} that may exist simultaneously to 2.
talent_name;zhongli_stone_the_cradle_of_jade;Колыбель нефрита;Stone, the Cradle of Jade
talent_descr;zhongli_stone_the_cradle_of_jade;Навык skill{burst:Падение кометы} накладывает name{Яшмовый щит} на окружающих персонажей.;skill{burst:Planet Befall} grants nearby characters on the field a name{Jade Shield} when it descends.
talent_name;zhongli_jade_shimmering_through_darkness;Яшмовый блеск;Jade, Shimmering through Darkness
talent_name;zhongli_topaz_unbreakable_and_fearless;Топаз, несломленный и бесстрашный;Topaz, Unbreakable and Fearless
talent_descr;zhongli_topaz_unbreakable_and_fearless;Увеличивает зону поражения навыка skill{burst:Падение кометы} на 20%, также увеличивает длительность окаменения на 2 сек.;Increases skill{burst:Planet Befall}'s AoE by 20% and increases the duration of name{Planet Befall}'s Petrification effect by 2s.
talent_name;zhongli_lazuli_herald_of_the_order;Лазурит, вестник порядка;Lazuli, Herald of the Order
talent_name;zhongli_chrysos_bounty_of_dominator;Кризос, награда деспота;Chrysos, Bounty of Dominator
talent_descr;zhongli_chrysos_bounty_of_dominator;Когда name{Яшмовый щит} получает урон, %{text_percent_dmg} этого урона конвертируется в name{HP} для активного персонажа.<br>Одно восстановление не может превышать %{text_percent_hp} от name{макс. HP} персонажа.;When the name{Jade Shield} takes DMG, %{text_percent_dmg} of that incoming DMG is converted to name{HP} for the current character.<br>A single instance of regeneration cannot exceed %{text_percent_hp} of that character's name{Max HP}.
