category;name;rus;eng
talent_name;aino_precision_hydronic_cooler;Точный водоохладитель;Precision Hydronic Cooler
talent_descr;aino_precision_hydronic_cooler;<p>Айно задействует name{Охладительного утёнка}, сверхразбрызгиватель особой сборки, который образует name{Зону точечного охлаждения}.<br>Во время действия Охладительный утёнок периодически выпускает во врагов поблизости водяные снаряды, нанося hydro{Гидро урон}.</p>;<p>Aino deploys a custom water-spraying device, the name{Cool Your Jets Ducky} to establish a name{Focused Hydronic Cooling Zone}.<br>While active, the Cool Your Jets Ducky will periodically fire water balls at nearby opponents, dealing hydro{Hydro DMG}.</p>
talent_name;aino_bish_bash_bosh_repair;Починка методом «бах-бум-бац»;Bish-Bash-Bosh Repair
talent_descr;aino_bish_bash_bosh_repair;<p>name{Обычная атака:}<br>До трёх последовательных ударов.</p><p>name{Заряженная атака:}<br>Вращающаяся атака по окружающим врагам, на которую непрерывно тратится выносливость.<br>После вращения проводит дополнительную мощную рубящую атаку.</p><p>name{Атака в падении:}<br>Стремительно падает на землю, атакуя всех врагов на пути. Приземлившись, наносит урон по площади.</p>;<p>name{Normal Attack}<br>Performs up to 3 consecutive strikes.</p><p>name{Charged Attack}<br>Drains Stamina over time to perform continuous spinning attacks against all nearby opponents.<br>At the end of the sequence, performs a more powerful slash. </p><p>name{Plunging Attack}<br>Plunges from mid-air to strike the ground below, damaging opponents along the path and dealing AoE DMG upon impact.</p>
talent_name;aino_musecatcher;Ловец вдохновения;Musecatcher
talent_descr;aino_musecatcher;<p>Айно бросает вперёд name{Ловца вдохновения}, который наносит hydro{Гидро урон} и увлекает её за собой. Когда движение прекращается, Айно наносит hydro{Гидро урон по площади} врагам поблизости.<br>При долгом нажатии способ активации навыка меняется.</p><p>name{Долгое нажатие}<br>Переходит в режим прицеливания, в котором можно выбрать направление броска Ловца вдохновения.</p>;<p>Aino throws a name{Musecatcher} forward, dealing hydro{Hydro DMG} and dragging her along behind it. When the dragging stops, Aino deals hydro{AoE Hydro DMG} to nearby opponents.<br>Holding the Skill will cause it to behave differently.</p><p>name{Hold}<br>Enter Aiming Mode to adjust the Musecatcher's throwing direction.</p>
talent_name;albedo_tectonic_tide;Ритуал рождения: Тектоническая волна;Rite of Progeniture: Tectonic Tide
talent_descr;albedo_tectonic_tide;<p>Альбедо выпускает перед собой Гео кристаллы, которые взрываются и наносят geo{Гео урон по площади}.<br>Если на поле боя существует созданный самим Альбедо Цветок солнца, то в его зоне генерируются 7 Цветков неизбежности, которые мгновенно расцветают и наносят geo{Гео урон по площади}.<br>Урон от Тектонической волны и Цветков неизбежности не генерирует Цветки мимолётности.</p><p><i>По команде Принца мела тектоническая волна созидания переливается в жизнь.</i></p>;<p>Under Albedo's command, Geo crystals surge and burst forth, dealing geo{AoE Geo DMG} in front of him.<br>If a Solar Isotoma created by Albedo himself is on the field, 7 Fatal Blossoms will be generated in the Solar Isotoma field, bursting violently into bloom and dealing geo{AoE Geo DMG}.</p><p>Tectonic Tide DMG and Fatal Blossom DMG will not generate Transient Blossoms.</p><p><i>Under the Kreideprinz's command, the tectonic tide of creation seethes into life.</i></p>
talent_name;albedo_favonius_bladework_weiss;Фехтовальный стиль Фавония: Мел;Favonius Bladework - Weiss
talent_descr;albedo_favonius_bladework_weiss;<p>name{Обычная атака:}<br>До пяти быстрых ударов мечом.</p><p>name{Заряженная атака:}<br>Два быстрых взмаха мечом, на которые тратится определённое количество выносливости.</p><p>name{Атака в падении:}<br>Стремительно падает на землю, атакуя всех врагов на пути. Приземлившись, наносит урон по площади.</p>;<p>name{Normal Attack}<br>Performs up to 5 rapid strikes.</p><p>name{Charged Attack}<br>Consumes a certain amount of Stamina to unleash 2 rapid sword strikes.</p><p>name{Plunging Attack}<br>Plunges from mid-air to strike the ground below, damaging opponents along the path and dealing AoE DMG upon impact.</p>
talent_name;albedo_solar_isotoma;Абиогенез: Цветок солнца;Abiogenesis: Solar Isotoma
talent_descr;albedo_solar_isotoma;<p>С помощью алхимии Альбедо создаёт Цветок солнца, который наносит geo{Гео урон по площади}.</p><p>name{Цветок солнца} имеет следующие свойства:<br>· Когда противники в зоне с центром на Цветке солнца получают урон, Цветок солнца генерирует Цветки мимолётности, наносящие geo{Гео урон по площади}. Наносимый урон зависит от защиты Альбедо.<br>· Цветки мимолётности могут генерироваться не чаще чем раз в 2 сек.<br>· Когда персонаж встаёт на Цветок солнца, он испускает энергию Гео, чтобы создать кристаллическую платформу, которая поднимает персонажа на определённую высоту. Одновременно может существовать только одна кристаллическая платформа.<br>· Одновременно может существовать только один созданный самим Альбедо Цветок солнца, и он считается geo{Гео конструкцией}.</p><p>name{Долгое нажатие} позволяет выбрать место эффекта навыка.</p><p><i>Необычные свойства этого Гео цветка хорошо отражают цели алхимии. Родиться в земле, стремиться ввысь к небесам и стать солнцем.</i></p>;<p>Albedo creates a Solar Isotoma using alchemy, which deals geo{AoE Geo DMG} on appearance.</p><p>name{Solar Isotoma}<br>has the following properties:<br>·When opponents within the Solar Isotoma field take DMG, the Solar Isotoma will generate Transient Blossoms which deal geo{AoE Geo DMG}. DMG dealt scales off Albedo's DEF. <br>·Transient Blossoms can only be generated once every 2s.<br>·When a character is located at the locus of the Solar Isotoma, the Solar Isotoma will accumulate Geo power to form a crystallized platform that lifts the character up to a certain height. Only one crystallized platform can exist at a time.<br>·Solar Isotoma is considered a geo{Geo construct}. Only one Solar Isotoma created by Albedo himself can exist at a time. </p><p>name{Hold} to designate the location of the skill.</p><p><i>This Geo bloom has an unusual property mirrored in the aim of alchemy. To rise from the earth, soar into the sky, and become the sun.</i></p>
talent_name;alhaitham_fetters_of_phenomena;Особое поле: Взаимосвязь феноменов;Particular Field: Fetters of Phenomena
talent_descr;alhaitham_fetters_of_phenomena;<p>Создаёт Особое связующее поле и наносит многократный dendro{Дендро урон по площади}.<br>Если во время активации навыка существуют Зеркала света, все зеркала израсходуются, увеличивая количество раз нанесения урона.<br>Через 2 сек. после активации этого навыка, если израсходованных зеркал 0/1/2/3, создаётся 3/2/1/0 новых Зеркал света соответственно.</p><p><i>«Учёный, который стремится к мудрости, должен быть готов видеть в каждом прочтённом слове врага. Только так можно избавиться от предрассудков».</i></p>;"<p>Creates a Particular Binding Field and deals multiple instances of dendro{AoE Dendro DMG}.<br>If Chisel-Light Mirrors exist when this ability is unleashed, all such Mirrors will be consumed and increase the number of DMG instances dealt.<br>2s after this ability is unleashed, if 0/1/2/3 Mirrors were consumed, Alhaitham will generate 3/2/1/0 new Mirrors in turn.</p><p><i>""If a researcher makes wisdom their goal, then they should be prepared to make an enemy of every word they read. Only then can they avoid bias.""</i></p>"
talent_name;alhaitham_abductive_reasoning;Абдуктивная аргументация;Abductive Reasoning
talent_descr;alhaitham_abductive_reasoning;<p>name{Обычная атака:}<br>До пяти быстрых ударов мечом.</p><p>name{Заряженная атака:}<br>Два быстрых взмаха мечом, на которые тратится определённое количество выносливости.</p><p>name{Атака в падении:}<br>Стремительно падает на землю, атакуя всех врагов на пути. Приземлившись, наносит урон по площади.</p>;<p>name{Normal Attack}<br>Performs up to 5 rapid strikes.</p><p>name{Charged Attack}<br>Consumes a certain amount of Stamina to unleash 2 rapid sword strikes.</p><p>name{Plunging Attack}<br>Plunges from mid-air to strike the ground below, damaging opponents along the path and dealing AoE DMG upon impact.</p>
talent_name;alhaitham_an_elaboration_on_form;Универсалия: Совершенствование формы;Universality: An Elaboration on Form
talent_descr;alhaitham_an_elaboration_on_form;<p>Совершает рывок, по окончании которого наносит противникам поблизости dendro{Дендро урон} и создаёт Зеркало света.<br>При долгом нажатии способ активации навыка меняется.</p><p>name{Долгое нажатие}<br>Переходит в режим прицеливания, в котором можно выбрать направление рывка аль-Хайтама.</p><p>name{Зеркало света}<br>При активации навыка аль-Хайтам создаёт 1 Зеркало света. Если в данный момент Зеркал света нет, он создаст 1 дополнительное Зеркало света. Зеркала света обладают следующими свойствами:<br>· Когда существуют Зеркала света, обычные атаки, заряженные атаки и атаки в падении аль-Хайтама конвертируются в dendro{Дендро урон}, который не может быть отменён другими инфузиями.<br>· Если такие атаки попадают по противнику, то Зеркала света выполняют Проекционный удар, наносящий dendro{Дендро урон по площади}, размер которого зависит от количества существующих Зеркал света.<br>· Одновременно может существовать до 3 Зеркал света.<br>· Со временем Зеркала света по очереди исчезают. Все зеркала исчезнут, если аль-Хайтам покинет поле боя.</p><p><i>«Истина по своей природе существует среди неопределённости, и даже величайшие умы не застрахованы от ошибок».</i></p>;"<p>Rushes forward, dealing dendro{Dendro DMG} to nearby opponents when the rush ends, causing a Chisel-Light Mirror to form.<br>Holding this skill will cause it to behave differently.</p><p>name{Hold}<br>Enters Aiming Mode to adjust the direction of Alhaitham's rush attack.</p><p>name{Chisel-Light Mirror}<br>When this skill is unleashed, Alhaitham will generate 1 Chisel-Light Mirror. If there are no Mirrors at this time, he will generate 1 additional Mirror. Chisel-Light Mirrors will have the following properties:<br>·When he possesses Chisel-Light Mirrors, Alhaitham's Normal, Charged, and Plunging Attacks will be converted to dendro{Dendro DMG}. This cannot be overridden.<br>·When attacks of the aforementioned kind hit opponents, the Chisel-Light Mirrors will unleash a Projection Attack that deals dendro{AoE Dendro DMG} based on the number of Mirrors on the field.<br>·A total of 3 Chisel-Light Mirrors can exist at once.<br>·The Chisel-Light Mirrors will disappear one after the other over time, and will all disappear when Alhaitham leaves the field.</p><p><i>""Truth inherently exists amidst uncertainty. Even the greatest of scholars are not immune to error.""</i></p>"
talent_name;aloy_prophecies_of_dawn;Пророчества рассвета;Prophecies of Dawn
talent_descr;aloy_prophecies_of_dawn;<p>Элой бросает в цель Топливный элемент, наполненный элементом Крио, затем детонирует его стрелой, нанося cryo{Крио урон по площади}.</p><p><i>Означал ли «Новый рассвет» надежду или вымирание - больше не имеет значения. Элой уже спасла свой мир, а у этого мира есть свои герои.</i></p>;"<p>Aloy throws a Power Cell filled with Cryo in the targeted direction, then detonates it with an arrow, dealing cryo{AoE Cryo DMG}.</p><p><i>Whether ""Zero Dawn"" referred to hope or extinction no longer matters. Aloy has already saved her world, and the fate of this one is still being forged by its own heroes.</i></p>"
talent_name;aloy_rapid_fire;Скоростная стрельба;Rapid Fire
talent_descr;aloy_rapid_fire;<p>name{Обычная атака:}<br>До четырёх выстрелов из лука.<br>name{Заряженная атака:}<br>Более меткий name{прицельный выстрел} с увеличенным уроном.<br>Во время прицеливания наконечник стрелы заряжается холодом. Полностью заряженная холодом стрела наносит cryo{Крио урон}.</p><p>name{Атака в падении:}<br>Выпускает град стрел в воздухе, которые при приземлении персонажа наносят урон по площади.</p>;<p>name{Normal Attack}<br>Performs up to 4 consecutive shots with a bow.</p><p>name{Charged Attack}<br>Performs a more precise name{Aimed Shot} with increased DMG.<br>While aiming, biting frost will accumulate on the arrowhead. A fully charged frost arrow will deal cryo{Cryo DMG}.</p><p>name{Plunging Attack}<br>Fires off a shower of arrows in mid-air before falling and striking the ground, dealing AoE DMG upon impact.</p>
talent_name;aloy_frozen_wilds;Ледяная пустошь;Frozen Wilds
talent_descr;aloy_frozen_wilds;<p>Элой бросает в цель Морозильную бомбу, которая взрывается при столкновении и наносит cryo{Крио урон}. После взрыва Морозильная бомба делится на множество Ледяных бомбочек, которые взрываются при контакте с противником или после небольшой задержки и наносят cryo{Крио урон}.<br>Когда Морозильная бомба или Ледяная бомбочка поражают противника, его сила атаки понижается и Элой получает один уровень Спирали.<br>Элой может получить до 1 уровня Спирали каждые 0,1 сек.</p><p>name{Спирали}<br>· Каждый уровень Спирали повышает урон обычной атаки Элой.<br>· Когда Элой набирает 4 уровня Спирали, все уровни Спирали сбрасываются, а она входит в состояние Стремительного льда, которое повышает урон её обычной атаки и конвертирует его в cryo{Крио урон}.</p><p>Находясь в состоянии Стремительного льда, Элой не может накапливать уровни Спирали.<br>Эффекты Спирали сбросятся через 30 сек. после того, как Элой покинет бой.</p><p><i>Разве это холодно? Значит, вы никогда не были в Зарубке.</i></p>;<p>Aloy throws a Freeze Bomb in the targeted direction that explodes on impact, dealing cryo{Cryo DMG}. After it explodes, the Freeze Bomb will split up into many Chillwater Bomblets that explode on contact with opponents or after a short delay, dealing cryo{Cryo DMG}.<br>When a Freeze Bomb or Chillwater Bomblet hits an opponent, the opponent's ATK is decreased and Aloy receives 1 Coil stack.<br>Aloy can gain up to 1 Coil stack every 0.1s.</p><p>name{Coil}<br>·Each stack increases Aloy's Normal Attack DMG.<br>·When Aloy has 4 Coil stacks, all stacks of Coil are cleared. She then enters the Rushing Ice state, which further increases the DMG dealt by her Normal Attacks and converts her Normal Attack DMG to cryo{Cryo DMG}.</p><p>While in the Rushing Ice state, Aloy cannot obtain new Coil stacks.<br>Coil effects will be cleared 30s after Aloy leaves combat.</p><p><i>You think that's cold? Guess you've never been to The Cut.</i></p>
talent_name;amber_fiery_rain;Огненный дождь;Fiery Rain
talent_descr;amber_fiery_rain;<p>Эмбер выпускает град огненных стрел, который наносит периодический pyro{Пиро урон по площади}.</p><p><i>Говорят, что Эмбер полна горящей страсти, поэтому будьте осторожны, иначе она сожжёт и вас.</i></p>;<p>Fires off a shower of arrows, dealing continuous pyro{AoE Pyro DMG}.</p><p><i>Amber's passion truly burns hot.</i></p>
talent_name;amber_sharpshooter;Первоклассный стрелок;Sharpshooter
talent_descr;amber_sharpshooter;<p>name{Обычная атака:}<br>До пяти выстрелов из лука.</p><p>name{Заряженная атака:}<br>Более меткий name{прицельный выстрел} с увеличенным уроном.<br>Во время прицеливания наконечник стрелы заряжается огнём. Полностью заряженная огнём стрела наносит pyro{Пиро урон}.</p><p>name{Атака в падении:}<br>Выпускает град стрел в воздухе, которые при приземлении персонажа наносят урон по площади.</p>;<p>name{Normal Attack}<br>Performs up to 5 consecutive shots with a bow.</p><p>name{Charged Attack}<br>Performs a more precise name{Aimed Shot} with increased DMG.<br>While aiming, flames will accumulate on the arrowhead. A fully charged flaming arrow will deal pyro{Pyro DMG}.</p><p>name{Plunging Attack}<br>Fires off a shower of arrows in mid-air before falling and striking the ground, dealing AoE DMG upon impact.</p>
talent_name;amber_explosive_puppet;Барон Зайчик;Explosive Puppet
talent_descr;amber_explosive_puppet;"<p>На Барона Зайчика всегда можно положиться.</p><p>name{Барон Зайчик:}<br>· Непрерывно дразнит врагов, привлекая их огонь на себя;<br>· Макс. HP Барона Зайчика зависит от макс. HP Эмбер;<br>· Если Барон Зайчик уничтожен, либо его время заканчивается, он взрывается, нанося pyro{Пиро урон по площади}.</p><p>name{Долгое нажатие:}<br>Позволяет выбрать направление броска.<br>Чем дольше удерживать кнопку, тем дальше будет бросок.</p><p><i>Барон Зайчик - наследник величественной и весьма запутанной родословной. Насколько запутанной? Эмбер смогла досчитать только до барона Зайчика 893-го, героически пожертвовавшего собой в бою.</i></p>";<p>The ever-reliable Baron Bunny takes the stage.</p><p>name{Baron Bunny}<br>·Continuously taunts the enemy, drawing their fire.<br>·Baron Bunny's HP scales with Amber's Max HP.<br>·When destroyed or when its timer expires, Baron Bunny explodes, dealing pyro{AoE Pyro DMG}.</p><p>name{Hold}<br>Adjusts the throwing direction of Baron Bunny.<br>The longer the button is held, the further the throw.</p><p><i>Baron Bunny hails from a storied lineage, but Amber has stopped keeping count since Baron Bunny the 893rd.</i></p>
talent_name;arataki_itto_behold_itto_the_evil;Явление короля: Итто Жестокий!;Royal Descent: Behold, Itto the Evil!
talent_descr;arataki_itto_behold_itto_the_evil;<p>Пора показать врагам силу банды Аратаки! На некоторое время Итто позволяет проявиться своему внутреннему Яростному королю óни и использует в бою Канабо короля óни.<br>Этот статус характеризуется следующими свойствами:<br>· Обычные и заряженные атаки, а также атаки в падении наносят geo{Гео урон}. Этот эффект не может быть отменён другими инфузиями.<br>· Увеличивается скорость обычных атак Аратаки Итто, сила атаки возрастает пропорционально его защите.<br>· У Аратаки Итто прибавляется по одному уровню Невероятной силы за попадание по врагу первым или третьим ударом комбо-атаки.<br>· Все виды элементального сопротивления и физ. сопротивление Аратаки Итто снижаются на 20%.</p><p>Статус Яростного короля óни снимается, если Аратаки Итто покидает поле боя.</p><p><i>Величайшая непревзойдённая техника боя (по мнению самого Аратаки). Аратаки Итто ни к чему подражать чему-либо другому, чтобы стать сильнее, ведь он, и никто другой, является самым сильным и самым ужасным óни в мире.</i><br><i>Сёта думает, это очень круто.</i></p>;<p>Time to show 'em the might of the Arataki Gang! For a time, Itto lets out his inner Raging Oni King, wielding his Oni King's Kanabou in battle.<br>This state has the following special properties:<br>· Converts Itto's Normal, Charged, and Plunging Attacks to geo{Geo DMG}. This cannot be overridden.<br>· Increases Itto's Normal Attack SPD. Also increases his ATK based on his DEF.<br>· On hit, the 1st and 3rd strikes of his attack combo will each grant Arataki Itto 1 stack of Superlative Superstrength.<br>· Decreases Itto's Elemental and Physical RES by 20%.</p><p>The Raging Oni King state will be cleared when Itto leaves the field.</p><p><i>This is the pinnacle technique of the ultimate fighting style (according to Itto). It would be pointless for Arataki Itto to reference any other fighting styles to improve his own, for he, and no other, is the strongest, most terrible oni in the land.</i><br><i>Shouta thinks it looks really cool.</i></p>
talent_name;arataki_itto_fight_club_legend;Легенда бойцовского клуба;Fight Club Legend
talent_descr;arataki_itto_fight_club_legend;<p>name{Обычная атака}<br>До четырёх рубящих ударов.<br>При попадании второго удара по врагу персонаж получает 1 ур. эффекта Невероятная сила, при попадании четвёртого удара - 2 ур.<br>Невероятная сила может складываться до 5 раз. При каждом срабатывании длительность обновляется для всех уровней Невероятной силы.</p><p>Кроме этого, комбо обычных атак не сбрасывается в течение короткого периода после запуска элементального навыка Масацу дзэцуги: Взрыв акауси или спринта.</p><p>name{Заряженная атака}<br>Если у персонажа есть Невероятная сила, то, удерживая кнопку заряженной атаки, можно наносить рубящие удары Аратаки кэсагири, не расходуя выносливость. Каждый удар Аратаки кэсагири расходует 1 ур. Невероятной силы. При расходе последнего уровня Невероятной силы Итто наносит особенно мощный удар.<br>Если нет накопленных уровней Невероятной силы, Итто выполняет одиночный рубящий удар Сайтимондзи.</p><p>name{Атака в падении}<br>Стремительно падает на землю, атакуя всех врагов на пути. Приземлившись, наносит урон по площади.</p>;"<p>name{Normal Attack}<br>Performs up to 4 consecutive strikes.<br>When the 2nd and 4th strikes hit opponents, Itto will gain 1 and 2 stacks of Superlative Superstrength, respectively.<br>Max 5 stacks. Triggering this effect will refresh the current duration of any existing stacks.</p><p>Additionally, Itto's Normal Attack combo does not immediately reset after sprinting or using his Elemental Skill, ""Masatsu Zetsugi: Akaushi Burst!""</p><p>name{Charged Attack}<br>When holding to perform a Charged Attack, Itto unleashes a series of Arataki Kesagiri slashes without consuming Stamina. Instead, each Arataki Kesagiri slash consumes 1 stack of Superlative Superstrength. When the final stack is consumed, Itto delivers a powerful final slash.<br>If no stacks of Superlative Superstrength are available, Itto will perform a single Saichimonji Slash.</p><p>name{Plunging Attack}<br>Plunges from mid-air to strike the ground, damaging opponents along the path and dealing AoE DMG upon impact.</p>"
talent_name;arataki_itto_akaushi_burst;Масацу дзэцуги: Взрыв акауси!;Masatsu Zetsugi: Akaushi Burst!
talent_descr;arataki_itto_akaushi_burst;<p>Забрасывает Уси, бычка породы акауси и внештатного бойца банды Аратаки, который наносит врагам geo{Гео урон}! Когда Уси попадает во врага, Аратаки Итто получает 1 ур. Невероятной силы.</p><p>Уси остаётся на поле боя для поддержки:<br>· Уси дразнит врагов, отвлекая их на себя.<br>· Его макс. HP зависит от макс. HP Аратаки Итто.<br>· Когда Уси получает урон, Аратаки Итто получает 1 ур. Невероятной силы (не чаще чем раз в 2 сек.).<br>· Когда у Уси заканчивается HP или время его действия подходит к концу, он убегает, добавляя Аратаки Итто 1 ур. Невероятной силы.</p><p>name{Долгое нажатие}<br>Позволяет отрегулировать направление заброски Уси.</p><p>Уси считается geo{Гео конструкцией}. У Аратаки может быть только один свой Уси одновременно.</p><p><i>Название техники заимствовано из романа Дзюнкити «Онибудо». Правда, там оно звучит немного иначе - Онисацу дзэцуги, «уникальная техника убийства óни». Пришлось немного подправить название и заменить в названии «óни» на «ма» - «нечисть». Во-первых, это позволяет избежать нарушения авторских прав. А во-вторых, Итто ведь и сам óни, так что...</i></p>;"<p>Hurls Ushi, the young akaushi bull and auxiliary member of the Arataki Gang, dealing geo{Geo DMG} to opponents on hit. When Ushi hits opponents, Arataki Itto gains 1 stack of Superlative Superstrength.</p><p>Ushi will remain on the field and provide support in the following ways:<br>· Taunts surrounding opponents and draws their attacks.<br>· Inherits HP based on a percentage of Arataki Itto's Max HP.<br>· When Ushi takes DMG, Arataki Itto gains 1 stack of Superlative Superstrength. Only 1 stack can be gained in this way every 2s.<br>· Ushi will flee when its HP reaches 0 or its duration ends. It will grant Arataki Itto 1 stack of Superlative Superstrength when it leaves.</p><p>name{Hold}<br>Adjust throwing angle.</p><p>Ushi is considered a geo{Geo construct}. Arataki Itto can only deploy 1 Ushi on the field at any one time.</p><p><i>The name of this technique is derived from Onibudou (a light novel series written by Junkichi). However, calling it ""Onisatsu Zetsugi"" probably constitutes copyright infringement — not to mention how Itto himself is an oni and all...</i></p>"
talent_name;arlecchino_balemoon_rising;Восхождение роковой луны;Balemoon Rising
talent_descr;arlecchino_balemoon_rising;<p>Арлекино взмахивает великими крыльями Пламени роковой луны, поглощает и снимает Веления кровавого долга поблизости, нанося pyro{Пиро урон по площади}, после чего сбрасывает откат элементального навыка Всё превращается в прах и восстанавливает HP пропорционально значению собственного Долга жизни и силы атаки.</p><p><i>Все фазы луны, за исключением полнолуния, в Тейвате считаются дурными предзнаменованиями, которые используют лишь алхимики и астрологи.<br>Сколько раз являлась багровая луна ей во снах... Сулила ли она бедствия? Да, но выпадали они на долю тех, кто приводил её в ярость.</i></p>;<p>Arlecchino's great wing of Balemoon Bloodfire beats as she absorbs and clears Blood-Debt Directives around her. She deals pyro{AoE Pyro DMG} before clearing the CD of All Is Ash and healing herself. The healing is based on her Bond of Life value and ATK.</p><p><i>It is commonly believed throughout Teyvat that moon phases other than the full moon are mere metaphors of ill-omen, used only by those who practice alchemy and astrology.<br>She saw this crimson moon in her dreams many times. Were those portents of disaster? Indeed they were, but the destined catastrophes belonged to those who enraged her.</i></p>
talent_name;arlecchino_invitation_to_a_beheading;Приглашение на казнь;Invitation to a Beheading
talent_descr;arlecchino_invitation_to_a_beheading;<p>name{Обычная атака:}<br>До шести ударов копьём подряд.</p><p>name{Заряженная атака:}<br>Тратит определённое количество выносливости, совершает рывок к врагу поблизости и наносит удар.<br>При продолжительном нажатии Арлекино продолжает потреблять выносливость на стремительное перемещение, которое длится до 5 сек.</p><p>name{Атака в падении:}<br>Стремительно падает на землю, атакуя всех врагов на пути. Приземлившись, наносит урон по площади.</p><p>name{Маска Красной Смерти}<br>Когда Арлекино обладает Долгом жизни, который равен или превышает 30% от её макс. HP, она входит в состояние Маски Красной Смерти: урон её обычных атак, заряженных атак и атак в падении конвертируется в pyro{Пиро урон}. Этот эффект не может быть отменён какой-либо элементальной инфузией.<br>Когда Арлекино пребывает в состоянии Маски Красной Смерти, удары её обычной атаки при попадании наносят противнику дополнительный урон, пропорциональный силе атаки Арлекино, умноженной на процентное значение текущего Долга жизни, и потребляет 7,5% данного Долга жизни. Долг жизни таким образом может потребляться не чаще одного раза каждые 0,03 сек. Потребление Долга жизни таким способом сокращает откат элементального навыка Всё превращается в прах на 0,8 сек.</p>;"<p>name{Normal Attack}<br>Performs up to 6 consecutive spear strikes.</p><p>name{Charged Attack}<br>Consumes a fixed amount of Stamina, dashing toward a nearby opponent and cleaving once.<br>Continuously holding this button will cause Arlecchino to consume Stamina and engage in up to 5s of high-speed movement.</p><p>name{Plunging Attack}<br>Plunges from mid-air to strike the ground below, damaging opponents along the path and dealing AoE DMG upon impact.</p><p>name{Masque of the Red Death}<br>When Arlecchino has a Bond of Life equal to or greater than 30% of her Max HP, she will enter the ""Masque of the Red Death"" state, where her Normal, Charged, and Plunging Attacks will be converted to deal pyro{Pyro DMG}. This cannot be overridden.<br>When in the ""Masque of the Red Death"" state, Arlecchino's Normal Attacks will deal extra DMG to opponents on hit that scales off her ATK multiplied by a certain ratio of her current Bond of Life percentage. This will consume 7.5% of said current Bond of Life. Her Bond of Life can be consumed this way every 0.03s. When her Bond of Life is consumed in this manner, All Is Ash's CD will decrease by 0.8s.</p>"
talent_name;arlecchino_all_is_ash;Всё превращается в прах;All Is Ash
talent_descr;arlecchino_all_is_ash;<p>Призывает Пламя роковой луны, нанося нескольким противникам поблизости pyro{Пиро урон}, и против одного из них выполняет выпад, который наносит pyro{Пиро урон по площади}. На поражённых такой атакой врагов накладывается Веление кровавого долга.</p><p>name{Веление кровавого долга}<br>· Длится 30 сек. Каждые 5 сек. наносит врагу однократный pyro{Пиро урон}. Такой урон наносится до 2 раз и считается уроном элементального навыка.<br>· Применяя заряженную атаку или взрыв стихии Восхождения роковой луны, Арлекино поглощает и снимает Веления кровавого долга поблизости. Каждое поглощённое Веление кровавого долга наделяет её Долгом жизни, равным 65% от её макс. HP.<br>· В течение 35 сек. после активации элементального навыка Арлекино с помощью Веления кровавого долга может получить Долг жизни, не превышающий 145% от её макс. HP. Если в это время применить элементальный навык повторно, расчёт длительности и максимума значения Долга жизни от Веления кровавого долга начнётся сначала.</p><p><i>В её понимании, одинокое пшеничное зерно, упавшее в землю, не всегда прорастает колосом и может беззвучно сгнить. А если всех тех, кто встанет у неё на пути, сжечь дотла, оставшийся от них пепел станет пищей цветам.</i></p>;<p>Summons forth Balemoon Bloodfire, dealing pyro{Pyro DMG} to multiple nearby opponents and performing a dash-cleave against one of them, dealing pyro{AoE Pyro DMG}.<br>Opponents hit by the aforementioned attack will have a Blood-Debt Directive applied to them.</p><p>name{Blood-Debt Directive}<br>·Lasts 30s. Every 5s, it will deal 1 instance of pyro{Pyro DMG} to the opponent. Max 2 instances. This DMG will be considered Elemental Skill DMG.<br>·When Arlecchino uses a Charged Attack or her Elemental Burst, Balemoon Rising, she will absorb and clear nearby Blood-Debt Directives. Each Directive absorbed grants her a Bond of Life worth 65% of her Max HP.<br>·The maximum value of the Bond of Life she can be granted through Blood-Debt Directives within 35s after using her Elemental Skill is 145% of her Max HP. Using the Elemental Skill again during this duration will restart the count on duration and the limit on the value of Bond of Life she may gain from Blood-Debt Directives.</p><p><i>As she sees it, not every grain of wheat that falls upon the earth will grow into an ear, while those who obstruct her, once burned to ashes, can certainly be used to nourish flowers.</i></p>
talent_name;baizhu_holistic_revivification;Целостное восстановление;Holistic Revivification
talent_descr;baizhu_holistic_revivification;<p>Входит в состояние Пульсирующей ясности и создаёт Бесшовный щит, который поглощает dendro{Дендро урон} с 250% эффективностью.<br>В этом состоянии Бай Чжу создаёт новый Бесшовный щит каждые 2,5 сек.</p><p>Бесшовный щит восстанавливает HP вашего активного персонажа пропорционально макс. HP Бай Чжу и атакует противников, высвобождая Призрачные артерии, которые наносят dendro{Дендро урон}, в следующих ситуациях:<br>· Когда персонаж находится под защитой Бесшовного щита и создаётся новый Бесшовный щит.<br>· Когда время действия Бесшовного щита завершается или его разбивают.</p><p><i>Если вы сможете понять небо и землю, защитить внутреннюю сущность от внешнего воздействия и сохранить ясность разума, для вас препятствий не останется.</i></p>;<p>Enters the Pulsing Clarity state, creating a Seamless Shield that absorbs dendro{Dendro DMG} with 250% effectiveness.<br>While in this state, Baizhu will generate a new Seamless Shield every 2.5s.</p><p>The Seamless Shield will heal your own active character based on Baizhu's Max HP and attack opponents by unleashing Spiritveins, dealing dendro{Dendro DMG} under the following circumstances:<br>·When a character is under the protection of a Seamless Shield and a new Seamless Shield is generated.<br>·When the Seamless Shield's effects expire, or when it is shattered.</p><p><i>If you can perceive the heavens and the earth, defend against malignant auras with the flow of qi, and keep your mind clear, surely nothing can hinder you.</i></p>
talent_name;baizhu_the_classics_of_acupuncture;Классика иглоукалывания;The Classics of Acupuncture
talent_descr;baizhu_the_classics_of_acupuncture;<p>name{Обычная атака:}<br>До четырёх ударов перед собой, наносящих dendro{Дендро урон}.</p><p>name{Заряженная атака:}<br>Короткое заклинание, наносящее dendro{Дендро урон по площади} впереди, на которое тратится определённое количество выносливости.</p><p>name{Атака в падении:}<br>Накопив силу Дендро, стремительно падает на землю, атакуя всех врагов на пути. Приземлившись, наносит dendro{Дендро урон по площади}.</p>;<p>name{Normal Attack}<br>Performs up to 4 attacks that deal dendro{Dendro DMG} to opponents in front of him.</p><p>name{Charged Attack}<br>Consumes a certain amount of Stamina to deal dendro{AoE Dendro DMG} to opponents in front of him after a short casting time.</p><p>name{Plunging Attack}<br>Calling upon the might of Dendro, Baizhu plunges towards the ground from mid-air, damaging all opponents in his path. Deals dendro{AoE Dendro DMG} upon impact with the ground.</p>
talent_name;baizhu_universal_diagnosis;Универсальная диагностика;Universal Diagnosis
talent_descr;baizhu_universal_diagnosis;<p>Управляет Летучим духом, который летает и атакует противников поблизости, нанося dendro{Дендро урон}.<br>Если дух выполнит 3 атаки или рядом не будет противников, он возвращается и восстанавливает HP всех персонажей поблизости пропорционально макс. HP Бай Чжу.</p><p><i>Врачевателям, способным отличить истинные признаки болезни от ложных, под силу вылечить хворь ещё до проявления её симптомов.</i></p>;<p>Controls a Gossamer Sprite that cruises and attacks nearby opponents, dealing dendro{Dendro DMG}.<br>After it performs 3 attacks or if there are no opponents nearby, the Sprite will return, healing all nearby party members based on Baizhu's Max HP.</p><p><i>Those in the medical field who can read true signs of illness from false ones may even cure people before any symptoms can show.</i></p>
talent_name;barbara_shining_miracle;Чудесное сияние♪;Shining Miracle♪
talent_descr;barbara_shining_miracle;<p>Восстанавливает всем союзникам и членам отряда определённое количество HP, которое зависит от макс. HP Барбары.</p><p><i>Желание Барбары исцелять придаёт ей уверенности в пении и в бою.</i></p>;<p>Heals your own party members and nearby teammates for a large amount of HP that scales with Barbara's Max HP.</p><p><i>Barbara's desire to heal strengthens her will to fight and sing.</i></p>
talent_name;barbara_whisper_of_water;Шёпот воды;Whisper of Water
talent_descr;barbara_whisper_of_water;<p>name{Обычная атака:}<br>До четырёх ударов пузырями, наносящих hydro{Гидро урон}.</p><p>name{Заряженная атака:}<br>Короткое заклинание, наносящее hydro{Гидро урон по площади}, на которое тратится определённое количество выносливости.</p><p>name{Атака в падении:}<br>Накопив энергию воды, стремительно падает на землю, атакуя всех врагов на пути. Приземлившись, наносит hydro{Гидро урон по площади}.</p>;<p>name{Normal Attack}<br>Performs up to 4 water splash attacks that deal hydro{Hydro DMG}.</p><p>name{Charged Attack}<br>Consumes a certain amount of Stamina to deal hydro{AoE Hydro DMG} after a short casting time.</p><p>name{Plunging Attack}<br>Gathering the might of Hydro, Barbara plunges towards the ground from mid-air, damaging all opponents in her path. Deals hydro{AoE Hydro DMG} upon impact with the ground.</p>
talent_name;barbara_let_the_show_begin;Да начнётся шоу♪;Let the Show Begin♪
talent_descr;barbara_let_the_show_begin;"<p>Создаёт водяные пузыри в форме музыкальных нот, которые складываются в кольцо и наносят hydro{Гидро урон} окружающим врагам, а также накладывают на них статус hydro{Мокрый}.</p><p>name{Кольцо мелодии:}<br>· Обычные атаки Барбары восстанавливают всем членам отряда и ближайшим союзникам определённое количество HP, которое зависит от макс. HP Барбары;<br>· Заряженная атака восстанавливает в 4 раза больше HP;<br>· Регулярно восстанавливает определённое количество HP вашему активному персонажу;<br>· При касании с союзниками и врагами накладывает на них статус hydro{Мокрый}.</p><p><i> Музыка Барбары - это магия, исцеляющая её спутников.</i></p>";<p>Summons water droplets resembling musical notes that form a Melody Loop, dealing hydro{Hydro DMG} to surrounding opponents and applying the hydro{Wet} status to them.</p><p>name{Melody Loop}<br>·On hit, Barbara's Normal Attacks heal your own party members and nearby teammates for a certain amount of HP, which scales with Barbara's Max HP.<br>·On hit, Barbara's Charged Attack generates 4 times the amount of healing.<br>·Periodically regenerates your own active character's HP.<br>·Applies the hydro{Wet} status to the character and to opponents who come in contact with them.</p><p><i>Barbara's music is the magic that heals her companions.</i></p>
talent_name;beidou_stormbreaker;Крушитель бури;Stormbreaker
talent_descr;beidou_stormbreaker;"<p>Воспоминания о битве с великим чудовищем Хай Шанем помогают Бэй Доу создать вокруг себя громовой щит, нанося при этом electro{Электро урон} окружающим противникам.</p><p>name{Громовой щит:}<br>· Попадания обычной и заряженной атакой запускают цепную молнию, которая прыгает с одного противника на другого и наносит им electro{Электро урон};<br>· Повышает устойчивость персонажа к прерыванию атак и уменьшает получаемый им урон;<br>· Запускает не более одной цепной молнии в секунду.</p><p><i>Сила молнии помогла победить ужасного Хай Шаня.</i></p>";<p>Recalling her slaying of the great beast Haishan, Beidou calls upon that monstrous strength and the lightning to create a Thunderbeast's Targe around herself, dealing electro{Electro DMG} to nearby opponents.</p><p>name{Thunderbeast's Targe}<br>·When Normal and Charged Attacks hit, they create a lightning discharge that can jump between opponents, dealing electro{Electro DMG}.<br>·Increases the character's resistance to interruption, and decreases DMG taken.</p><p>A maximum of 1 lightning discharge can be triggered per second.</p><p><i>With a peal of thunder, Haishan is slain.</i></p>
talent_name;beidou_oceanborne;По волнам;Oceanborne
talent_descr;beidou_oceanborne;<p>name{Обычная атака:}<br>До пяти рубящих ударов мечом.</p><p>name{Заряженная атака:}<br>Комбо-атака, на которую непрерывно тратится выносливость.<br>После комбо-атаки проводит дополнительную мощную атаку мечом.</p><p>name{Атака в падении:}<br>Стремительно падает на землю, атакуя всех противников на пути. Приземлившись, наносит урон по площади.</p>;<p>name{Normal Attack}<br>Performs up to 5 consecutive strikes.</p><p>name{Charged Attack}<br>Drains Stamina over time to perform continuous slashes.<br>At the end of the sequence, performs a more powerful slash.</p><p>name{Plunging Attack}<br>Plunges from mid-air to strike the ground, damaging opponents along the path and dealing AoE DMG upon impact.</p>
talent_name;beidou_tidecaller;Призыв волны;Tidecaller
talent_descr;beidou_tidecaller;<p>Обидчик десять раз пожалеет о том, что связался с Бэй Доу и её командой.</p><p>name{Быстрое нажатие:}<br>Накапливая силу молнии, Бэй Доу яростно поднимает свой меч, нанося electro{Электро урон}.</p><p>name{Долгое нажатие:}<br>Бэй Доу поднимает свой меч в качестве щита. Количество поглощаемого урона зависит от макс. HP Бэй Доу.<br>После окончания или прерывания навыка взмахивает мечом, высвобождая накопленную в нём энергию, и наносит electro{Электро урон}.<br>Урон увеличивается в зависимости от количества полученных во время навыка ударов. Два полученных удара дают максимальный бонус урона.<br>Щит Бэй Доу обладает следующими свойствами:<br>· electro{Электро урон} поглощается с эффективностью 250%.<br>· В момент активации накладывает на Бэй Доу electro{эффект Электро}.</p><p><i>Покорите танцующие волны и сверкающие молнии безбрежных морей!</i></p>;<p>Nothing to worry about. Should anyone raise a hand against her or her men, she will avenge it ten-fold with sword and thunder.</p><p>name{Press}<br>Accumulating the power of lightning, Beidou swings her blade forward fiercely, dealing electro{Electro DMG}.</p><p>name{Hold}<br>Lifts her weapon up as a shield. Max DMG absorbed scales off Beidou's Max HP.<br>Attacks using the energy stored within the greatsword upon release or once this ability's duration expires, dealing electro{Electro DMG}. DMG dealt scales with the number of times Beidou is attacked in the skill's duration. The greatest DMG Bonus will be attained once this effect is triggered twice.<br>The shield possesses the following properties:<br>·Has 250% electro{Electro DMG} Absorption Efficiency.<br>·Applies the electro{Electro element} to Beidou upon activation.</p><p><i>Conquer the high seas! Pursue the waves and chase the storm!</i></p>
talent_name;bennett_fantastic_voyage;Волнительное приключение;Fantastic Voyage
talent_descr;bennett_fantastic_voyage;"<p>Беннет проводит атаку в прыжке, которая наносит pyro{Пиро урон} и создаёт Круг вдохновения.</p><p>name{Круг вдохновения:}<br>· Восстанавливает персонажам в области, HP которых равно или ниже 70%, определённое количество HP, которое зависит от макс. HP Беннета;<br>· Если HP персонажа в области выше 70%, то он получает бонус атаки, который зависит от базовой атаки Беннета;<br>· Накладывает на персонажей в области pyro{эффект Пиро}.</p><p><i>Искать приключения с Беннетом - весьма опасное занятие, хоть Беннет и любит называть это «приключением, полным красот и волнительных сюрпризов».</i></p>";"<p>Bennett performs a jumping attack that deals pyro{Pyro DMG}, creating an Inspiration Field.</p><p>name{Inspiration Field}<br>·If the health of a character within the AoE is equal to or falls below 70%, their health will continuously regenerate. The amount of HP restored scales off Bennett's Max HP.<br>·If the health of a character within the AoE is higher than 70%, they gain an ATK Bonus that is based on Bennett's Base ATK.<br>·Imbues characters within the AoE with pyro{Pyro}.</p><p><i>Benny's Adventure Team's adventures are always fraught with unexpected danger. However, Bennett is more inclined to call them ""journeys full of wonder, excitement, and beauty.""</i></p>"
talent_name;bennett_strike_of_fortune;Счастливый меч;Strike of Fortune
talent_descr;bennett_strike_of_fortune;<p>name{Обычная атака:}<br>До пяти быстрых ударов мечом.</p><p>name{Заряженная атака:}<br>Два быстрых взмаха мечом, на которые тратится определённое количество выносливости.</p><p>name{Атака в падении:}<br>Стремительно падает на землю, атакуя всех противников на пути. Приземлившись, наносит урон по площади.</p>;<p>name{Normal Attack}<br>Performs up to 5 rapid strikes.</p><p>name{Charged Attack}<br>Consumes a certain amount of Stamina to unleash 2 rapid sword strikes.</p><p>name{Plunging Attack}<br>Plunges from mid-air to strike the ground below, damaging opponents along the path and dealing AoE DMG upon impact.</p>
talent_name;bennett_passion_overload;Чрезмерные стремления;Passion Overload
talent_descr;bennett_passion_overload;"<p>Беннет концентрирует на своём клинке весь свой пыл и страсть к приключениям. Результат зависит от уровня его пылающей страсти...</p><p>name{Быстрое нажатие:}<br>Быстрый взмах пылающим мечом, наносящий pyro{Пиро урон}.</p><p>name{Долгое нажатие:}<br>Эффект зависит от уровня заряда навыка.<br>· Уровень заряда 1: Совершает два удара пылающим мечом, которые наносят pyro{Пиро урон} и подбрасывают противников в воздух;<br>· Уровень заряда 2: Совершает три удара пылающим мечом, которые наносят внушительный pyro{Пиро урон}. Последний удар создаёт взрыв, который одновременно подбрасывает в воздух противников и самого Беннета.<br>Беннет не получает урон от взрыва.</p><p><i>Страсть и мечты Беннета смешиваются с огненной стихией. Но иногда страсти слишком много, а огонь слишком горяч.</i></p>";<p>Bennett puts all his fire and passion for adventuring into his sword. Results may vary based on how fired up he is...</p><p>name{Press}<br>A single, swift flame strike that deals pyro{Pyro DMG}.</p><p>name{Hold (Short)}<br>Charges up, resulting in different effects when unleashed based on the Charge Level.<br>·Level 1: Strikes twice, dealing pyro{Pyro DMG} and launching opponents.<br>·Level 2: Unleashes 3 consecutive attacks that deal impressive pyro{Pyro DMG}, but the last attack triggers an explosion that launches both Bennett and the enemy.<br>Bennett takes no damage from being launched.</p><p><i>An attack that combines Bennett's dreams and passion with Pyro. But passion is sometimes overblown, and Pyro sometimes blows over.</i></p>
talent_name;candace_wagtails_tide;Священный обряд: Прилив трясогузки;Sacred Rite: Wagtail's Tide
talent_descr;candace_wagtails_tide;<p>Подняв оружие над головой, Кандакия призывает благословение свыше, которое наносит hydro{Гидро урон по площади} пропорционально её макс. HP и предоставляет вашему активному персонажу Молитву алой короны.</p><p>name{Молитва алой короны}<br>Обладает следующими свойствами:<br>· При нанесении элементального урона обычной атакой персонажи наносят повышенный урон.<br>· Персонаж, становясь активным, выпускает водяной вал, который наносит hydro{Гидро урон} врагам поблизости. Количество волн, которые можно вызвать во время действия навыка, ограничено.<br>· Персонаж, владеющий одноручным, двуручным или древковым оружием, во время действия этого эффекта получает hydro{инфузию Гидро}.</p><p><i>Тайный ритуал, передаваемый из поколения в поколение в клане Кандакии. Древние верования давно канули в забвение тысячелетий, но песчаное море всё так же оберегает потомков древнего государства.</i></p>;<p>Raising her weapon on high, Candace calls upon a divine blessing that deals hydro{AoE Hydro DMG} based on her Max HP and continuously confers the Prayer of the Crimson Crown on your active character.</p><p>name{Prayer of the Crimson Crown}<br>This effect has the following properties:<br>·Characters deal increased Elemental DMG with their Normal Attacks.<br>·Whenever a character takes the field, they will unleash a rippling wave of water that deals hydro{Hydro DMG} to nearby opponents. There is a limited number of waves that can be triggered in the duration of this skill.<br>·Sword, Claymore, and Polearm-wielding characters under this effect will obtain a hydro{Hydro Infusion}.</p><p><i>This secret rite has been passed down through Candace's clan from generation to generation. Though the old faiths have become lost over the years, the sands still protect the heirs of the ancient realm.</i></p>
talent_name;candace_gleaming_spear_guardian_stance;Сверкающее копьё - Оборона;Gleaming Spear - Guardian Stance
talent_descr;candace_gleaming_spear_guardian_stance;<p>name{Обычная атака:}<br>До четырёх ударов копьём.</p><p>name{Заряженная атака:}<br>Выпад, наносящий урон противникам на пути, на который тратится определённое количество выносливости.</p><p>name{Атака в падении:}<br>Стремительно падает на землю, атакуя всех врагов на пути. Приземлившись, наносит урон по площади.</p>;<p>name{Normal Attack}<br>Performs up to 4 consecutive spear strikes.</p><p>name{Charged Attack}<br>Consumes a certain amount of Stamina to lunge forward, dealing damage to opponents along the way.</p><p>name{Plunging Attack}<br>Plunges from mid-air to strike the ground below, damaging opponents along the path and dealing AoE DMG upon impact.</p>
talent_name;candace_herons_sanctum;Священный обряд: Обитель цапли;Sacred Rite: Heron's Sanctum
talent_descr;candace_herons_sanctum;<p>Боевой стиль Кандакии позволяет ей противостоять целой волне врагов.</p><p>name{Быстрое нажатие}<br>Совершает рывок со щитом вперёд, нанося hydro{Гидро урон}.</p><p>name{Долгое нажатие}<br>Поднимает щит, блокируя атаки врагов поблизости, и создаёт барьер. Поглощаемый им урон зависит от максимального HP Кандакии. Барьер поглощает hydro{Гидро урон} с 250% эффективностью. С активацией элементального навыка действие барьера завершится.<br>Если завершить зарядку, удерживая кнопку навыка некоторое время, то, когда кнопка навыка будет отпущена, действие навыка истечёт или барьер будет разрушен, Кандакия выполнит удар в прыжке, который наносит hydro{Гидро урон} противникам впереди.</p><p><i>Клятва стражей прочнее унаследованных ими щитов.</i></p>;<p>Candace's fighting style is capable of warding off an entire tide of foes.</p><p>name{Tap}<br>Rushes forward with her shield, dealing hydro{Hydro DMG} to opponents in front of her.</p><p>name{Hold}<br>Raises her shield to block incoming attacks from nearby opponents, forming a barrier that absorbs DMG based on her Max HP and absorbs hydro{Hydro DMG} 250% more effectively. This barrier lasts until the Elemental Skill is unleashed.<br>After holding for a certain period of time, Candace will finish charging, and when the skill button is released, the skill duration expires, or when the barrier is broken, she will perform a leaping strike that deals hydro{Hydro DMG} to opponents in front of her.</p><p><i>The oath of the guardians is more stalwart yet than the shields they inherit.</i></p>
talent_name;charlotte_comprehensive_confirmation;Стоп-кадр: Всестороннее подтверждение;Still Photo: Comprehensive Confirmation
talent_descr;charlotte_comprehensive_confirmation;<p>Шарлотта создаёт вывеску «Паровой птицы», концентрируя лёд, и создаёт Место происшествия, которое наносит cryo{Крио урон по площади} и восстанавливает HP всем членам отряда поблизости пропорционально силе атаки Шарлотты.</p><p>name{Место происшествия}<br>·Во время действия способности Господин Верите периодически наносит cryo{Крио урон} противникам в зоне действия.<br>·Постоянно восстанавливает HP активным персонажам в зоне действия пропорционально силе атаки Шарлотты.</p><p><i>«Слушать историю с разных сторон, чтобы воссоздать истинную картину происходящего - ключ к хорошему репортажу... Так и находится хороший подход к статье!»</i></p>;"<p>Condensing ice to create The Steambird's signature, Charlotte creates a Newsflash Field that will deal cryo{AoE Cryo DMG} and restores HP for all nearby party members based on Charlotte's ATK.<br>name{Newsflash Field}<br>·While the ability is active, Monsieur Verite will deal cryo{Cryo DMG} at intervals to opponents within its AoE.<br>·Will continuously restore HP to active character(s) within its AoE based on Charlotte's ATK.</p><p><i>""Hearing stories from multiple perspectives to recreate what really happened is key to a good report... I mean, that's how you can pick the best angle for your article!""</i></p>"
talent_name;charlotte_cool_color_capture;Съёмка в холодных тонах;Cool-Color Capture
talent_descr;charlotte_cool_color_capture;<p>name{Обычная атака:}<br>Шарлотта наводит на цель свою особую камеру - Господина Верите, и производит до 3 атак, которые наносят cryo{Крио урон}.</p><p>name{Заряженная атака:}<br>Тратит определённое количество выносливости, и после недолгой подготовки размещает Господина Верите, который наносит cryo{Крио урон по площади}.</p><p>name{Атака в падении:}<br>Собирает силу Крио и стремительно падает на землю, атакуя всех врагов на пути. Приземлившись, наносит cryo{Крио урон по площади}.</p><p>name{Архэ: Пневма}<br>После заряженной атаки, с некоторым интервалом, появляется пронзающая врагов Игла дыхания душ, которая наносит cryo{Крио урон} пневмы по площади.</p>;<p>name{Normal Attack}<br>Taking aim at targets using Monsieur Verite, her custom Kamera, Charlotte performs up to 3 consecutive attacks, dealing cryo{Cryo DMG}.</p><p>name{Charged Attack}<br>Consumes a fixed amount of Stamina, and after a moment's preparation, will deploy Monsieur Verite to deal cryo{AoE Cryo DMG}.</p><p>name{Plunging Attack}<br>Gathering the power of Cryo, Charlotte plunges toward the ground, dealing DMG to all opponents in her path and dealing cryo{AoE Cryo DMG} upon landing.</p><p>name{Arkhe: Pneuma}<br>At certain intervals, upon using a Charged Attack, Charlotte will cause a Spiritbreath Thorn to descend and pierce opponents, dealing Pneuma-aligned cryo{AoE Cryo DMG}.</p>
talent_name;charlotte_freezing_point_composition;Съёмка: Композиция точки замерзания;Framing: Freezing Point Composition
talent_descr;charlotte_freezing_point_composition;<p>Полагаясь на острое чутьё первоклассного репортёра, Шарлотта использует своё умение фотографии, чтобы добиться разных эффектов в зависимости от того, было ли совершено быстрое или долгое нажатие навыка.</p><p>name{Быстрое нажатие:}<br>Делает фотографию с помощью Господина Верите, нанося cryo{Крио урон по площади} врагам перед собой, и накладывает Скоростной силуэт на макс. 5 врагов. Во время действия этого эффекта, он периодически наносит противникам cryo{Крио урон}.</p><p>name{Долгое нажатие:}<br>Открывает видоискатель Господина Верите и переходит в режим композиции, в котором по мере удержания кнопки видоискатель увеличивается, пока не будет достигнуто состояние Великого кадра. В этом состоянии Шарлотта может свободно перемещаться и менять направление движения.<br>Когда удерживание прекращается, Господин Верите наносит cryo{Крио урон} всем противникам, которые захвачены видоискателем, и накладывает на них тот же эффект Скоростного силуэта, что и быстрое нажатие. Если вы отпустите кнопку после достижения Великого кадра, то вместо этого накладывается Сфокусированное впечатление, которое длится дольше и наносит больше урона, но также увеличивает время отката.<br>Режим композиции длится макс. 15 сек., и в нём можно выделить до 5 противников.</p><p><i>«Фотожурналистика требует простых кадров с сильной темой, но самое главное - умение запечатлеть момент!»</i></p>;"<p>Using the keen instincts of an ace reporter, Charlotte uses her photography skills to produce different effects based on whether the ability is Tapped or Held.</p><p>name{Tap}<br>Takes a snapshot using Monsieur Verite, dealing cryo{AoE Cryo DMG} to opponents in front of her and applying Snappy Silhouette to a maximum of 5 opponents. During this effect's duration, it will deal cryo{Cryo DMG} to affected opponents at intervals.</p><p>name{Hold}<br>Popping Monsieur Verite's viewfinder open, Charlotte enters Composition Mode, and during this time, the viewfinder will expand as you hold until you reach a Finisher Frame state. In this state, Charlotte can move and change direction freely.<br>When the hold state ends, Monsieur Verite will deal cryo{Cryo DMG} to all opponents locked on within the viewfinder, and apply the same Snappy Silhouette as Tap Mode does to them. If you unleash this ability only after reaching Finisher Frame, you will instead apply Focused Impression, which lasts longer and deals more DMG, although the Skill CD will be longer.<br>Composition Mode lasts a maximum of 15s and allows a maximum of 5 opponents to be selected.</p><p><i>""Press photography requires simple shots with exceptional theming, but most of all, you need to have a knack for capturing the moment!""</i></p>"
talent_name;chasca_soul_reapers_fatal_round;Роковой выстрел ловца душ;Soul Reaper's Fatal Round
talent_descr;chasca_soul_reapers_fatal_round;<p>Часка фокусирует свою волю и выстреливает одну Вихребойную пулю ловца душ, которая наносит anemo{Анемо урон по площади} с характеристикой Ночного духа. После этого Вихребойная пуля ловца душ разделяется на 6 Пуль ловца душ, которые атакуют врагов поблизости.</p><p>name{Пули ловца душ}<br>· Наносят anemo{Анемо урон} с характеристикой Ночного духа.<br>· За каждого pyro{Пиро}, hydro{Гидро}, cryo{Крио} или electro{Электро} персонажа в отряде две Пули ловца душ случайным образом изменяют свой элемент и становятся Сверкающими пулями ловца душ одного из соответствующих элементов, которые наносят урон данного элемента с характеристикой Ночного духа.</p><p><i>Никому не скрыться от шёпота ночи и лунного света, как и ни одному врагу не скрыться от её пристального взгляда.</i></p>;"<p>Chasca concentrates her will, firing a single ""Galesplitting Soulseeker Shell"" that deals Nightsoul-aligned anemo{AoE Anemo DMG}. Afterward, the Galesplitting Soulseeker Shell will split into 6 Soulseeker Shells, which attack nearby opponents.</p><p>name{Soulseeker Shells}<br>·Deal Nightsoul-aligned anemo{Anemo DMG}.<br>·For each pyro{Pyro}, hydro{Hydro}, cryo{Cryo}, or electro{Electro} character in the party, two Soulseeker Shells will undergo corresponding Elemental Conversions to become ""Radiant Soulseeker Shells,"" which deal Nightsoul-aligned Elemental DMG from a randomly selected one of the corresponding Elemental Types.</p><p><i>None can escape from the moonlight or the whispers of the night, just as no foe can flee her attentive eyes once she's got them in her sights.</i></p>"
talent_name;chasca_phantom_feather_flurry;Шквал призрачных перьев;Phantom Feather Flurry
talent_descr;chasca_phantom_feather_flurry;<p>name{Обычная атака:}<br>До четырёх выстрелов из лука.</p><p>name{Заряженная атака:}<br>Более меткий name{прицельный выстрел} с увеличенным уроном.<br>Во время прицеливания на наконечнике стрелы собирается могучий ветер. Полностью заряженная мощью ветра стрела наносит anemo{Анемо урон}.</p><p>name{Атака в падении:}<br>Выпускает град стрел в воздухе, которые при приземлении персонажа наносят урон по площади.</p>;<p>name{Normal Attack}<br>Performs up to 4 consecutive shots with a bow.</p><p>name{Charged Attack}<br>Performs a more precise name{Aimed Shot} with increased DMG.<br>While aiming, mighty winds will accumulate on the arrowhead. A fully charged wind arrow will deal anemo{Anemo DMG}.</p><p>name{Plunging Attack}<br>Fires off a shower of arrows in mid-air before falling and striking the ground, hitting opponents along the path and dealing AoE DMG upon impact.</p>
talent_name;chasca_spirit_reins_shadow_hunt;Поводья охоты за тенью;Spirit Reins, Shadow Hunt
talent_descr;chasca_spirit_reins_shadow_hunt;<p>Часка и воля её оружия резонируют, нанося anemo{Анемо урон по площади} с характеристикой Ночного духа.<br>После применения навыка Часка получает 80 очков Ночного духа и входит в состояние Благословения Ночного духа.</p><p>name{Благословение Ночного духа: Часка}<br>Непрерывно расходует очки Ночного духа. Когда они заканчиваются или навык используется повторно, Благословение Ночного духа Часки завершается. У состояния Благословения Ночного духа Часки следующие особенности:<br>· Садится на Орудие духа: Ритуальный посох, что повышает скорость передвижения и сопротивление прерыванию Часки. В этом состоянии Часка непрерывно расходует очки Ночного духа и остаётся в воздухе. Спринт и набор высоты расходуют дополнительные очки Ночного духа.<br>· При выполнении обычной или заряженной атаки, в зависимости от того, было ли использовано быстрое или долгое нажатие, разными способами активируется Огонь по множеству целей.</p><p>name{Огонь по множеству целей}<br>name{Быстрое нажатие}<br>Врагам впереди наносится anemo{Анемо урон} с характеристикой Ночного духа, который считается уроном обычной атаки.<br>name{Долгое нажатие}<br>Переходит в режим прицеливания и отмечает некоторое количество врагов в определённой области и, в зависимости от длительности заряда навыка, заряжает до 6 Пуль охотника на тени. Когда заряжены шесть пуль или зарядка остановлена, эти пули будут по порядку выпущены по выбранным врагам.</p><p>name{Пули охотника на тени}<br>· Наносят anemo{Анемо урон} с характеристикой Ночного духа, который считается уроном заряженной атаки.<br>· В зависимости от элементов других членов отряда 4-я, 5-я и 6-я пули, заряженные в барабан, изменяют свой элемент: за каждого персонажа pyro{Пиро}, hydro{Гидро}, cryo{Крио} или electro{Электро} в отряде одна Пуля охотника на тени в случайном порядке превратится в Сияющую пулю охотника на тени одного из соответствующих элементов, которая наносит урон данного элемента с характеристикой Ночного духа. Такой урон считается уроном заряженной атаки.<br>· Пули охотника на тени, заряженные позже, выстреливаются в первую очередь.</p><p>Кроме того, если удерживать элементальный навык name{Поводья охоты за тенью}, когда Часка пребывает в состоянии Благословения Ночного духа, то она выполнит атаку в падении с характеристикой Ночного духа. Если отпустить кнопку элементального навыка, атака в падении прервётся и Часка останется в воздухе. Если Часка, выполняя атаку в падении, приземлится, то её состояние Благословения Ночного духа завершится.</p><p><i>В принципе, эти поводья могли бы обуздать всё что угодно, была бы на то её воля... Но что может быть круче гигантской пушки?</i></p>;"<p>Chasca and the will residing in her weapon resonate, dealing Nightsoul-aligned anemo{AoE Anemo DMG}.<br>After using this Skill, Chasca gains 80 Nightsoul points and enters the Nightsoul's Blessing state.</p><p>name{Nightsoul's Blessing: Chasca}<br>Continually consume Nightsoul points. When Nightsoul points are fully depleted or the skill is used again, Chasca's Nightsoul's Blessing state will end. Her Nightsoul's Blessing has the following traits:<br>·Mounts ""Soulsniper: Ritual Staff,"" increasing Chasca's Movement SPD and interruption resistance. In this state, Chasca will continually consume Nightsoul points to remain airborne. When Sprinting or increasing height, extra Nightsoul points will be consumed.<br>·When using Normal or Charged Attacks, Tap or Hold to switch between using ""Multitarget Fire"" in different ways.</p><p>name{Multitarget Fire}<br>name{Tap}<br>Deal Nightsoul-aligned anemo{Anemo DMG} to opponents in front. This DMG is considered Normal Attack DMG.<br>name{Hold}<br>Enter Aiming Mode and choose a certain number of opponents within a certain range, before loading up to 6 Shadowhunt Shells based on the duration for which the skill was charged. When 6 Shells have been loaded or charging is stopped, these Shells will be fired at the chosen opponents in sequence.</p><p>name{Shadowhunt Shells}<br>·Deal Nightsoul-aligned anemo{Anemo DMG}, which is considered Charged Attack DMG.<br>·The 4th, 5th, and 6th Shells loaded into the cylinder will undergo Elemental Conversion based on the Elemental Types of the other characters in the party: For each pyro{Pyro}, hydro{Hydro}, cryo{Cryo}, or electro{Electro} character in the party, one Shadowhunt Shell will randomly be Converted into a ""Shining Shadowhunt Shell"" of one of these corresponding Elemental Types, dealing Nightsoul-aligned DMG corresponding to that Elemental Type. This DMG is considered Charged Attack DMG.<br>·The Shells loaded into the cylinder are fired starting from the last Shadowhunt Shell to be loaded, in a ""last in, first out"" order.</p><p>Additionally, when Chasca is in the Nightsoul's Blessing state, Holding her Elemental Skill name{Spirit Reins, Shadow Hunt} will cause her to execute a Nightsoul-aligned Plunging Attack. Release the Elemental Skill to interrupt this Plunging Attack and maintain her airborne state. Should Chasca hit the ground with her Plunging Attack, her Nightsoul's Blessing state will end.</p><p><i>In theory, as long as she's willing, those reins can bridle anything... But what could possibly be as cool as a giant hand cannon?</i></p>"
talent_name;chevreuse_ring_of_bursting_grenades;Кольцо разрывных гранат;Ring of Bursting Grenades
talent_descr;chevreuse_ring_of_bursting_grenades;<p>Шеврёз выстреливает во врагов разрывной гранатой и наносит pyro{Пиро урон по площади}. После попадания граната разделяется на множество вторичных разрывных снарядов.<br>Через короткий промежуток времени разрывные снаряды взрываются, нанося pyro{Пиро урон} врагам поблизости.</p><p><i>«По идее, для уничтожения вражеских формаций наиболее эффективен обстрел по прямоугольной площади. К сожалению, поперечное сечение взрывной волны, как и у большинства тортов, это окружность. Поэтому вторичные снаряды, разлетаясь, могут распределяться только как фрукты по краю торта, а именно по кругу».</i></p>;"<p>Chevreuse fires an explosive grenade at opponents with her musket, dealing pyro{AoE Pyro DMG.} After the projectile hits, it will split into many secondary explosive shells.<br>The secondary explosive shells will burst after a short interval, dealing pyro{Pyro DMG} to nearby opponents.</p><p><i>""Theoretically, a rectangular blast would be most efficient at destroying enemy formations. Unfortunately, the cross-section of an explosive shock wave is round, like most cakes. So, the secondary explosive shells can only be arranged like the fruit on a cake, forming a ring around the edge.""</i></p>"
talent_name;chevreuse_line_bayonet_thrust_ex;Модифицированный ряд штыков;Line Bayonet Thrust EX
talent_descr;chevreuse_line_bayonet_thrust_ex;<p>name{Обычная атака:}<br>До четырёх ударов копьём.</p><p>name{Заряженная атака:}<br>Выпад, наносящий урон противникам на пути, на который тратится определённое количество выносливости.</p><p>name{Атака в падении:}<br>Стремительно падает на землю, атакуя всех врагов на пути. Приземлившись, наносит урон по площади.</p>;<p>name{Normal Attack}<br>Performs up to 4 consecutive spear strikes.</p><p>name{Charged Attack}<br>Consumes a certain amount of Stamina to lunge forward, dealing damage to opponents along the way.</p><p>name{Plunging Attack}<br>Plunges from mid-air to strike the ground below, damaging opponents along the path and dealing AoE DMG upon impact.</p>
talent_name;chevreuse_short_range_rapid_interdiction_fire;Быстрый преграждающий выстрел вблизи;Short-Range Rapid Interdiction Fire
talent_descr;chevreuse_short_range_rapid_interdiction_fire;"<p>Шеврёз быстро вскидывает мушкет к плечу и стреляет в противника, нанося pyro{Пиро урон по площади}.<br>В течение некоторого времени после выстрела Шеврёз периодически восстанавливает HP вашего активного персонажа пропорционально собственному макс. HP.<br>При долгом нажатии способ активации навыка меняется.</p><p>name{Долгое нажатие}<br>Переходит в режим прицеливания и фиксирует одну цель, чтобы совершить точный преграждающий выстрел. Если у Шеврёз есть Перегруженный заряд, она выстрелит им и нанесёт повышенный pyro{Пиро урон} по большей площади.<br>Каждый раз, когда член отряда поблизости вызывает реакцию Перегрузка, Шеврёз получает 1 Перегруженный заряд. Одновременно можно иметь не более 1 Перегруженного заряда.</p><p><br>name{Архэ: Усия}<br>После попадания навыка Быстрый преграждающий выстрел вблизи Шеврёз периодически призывает Клинок бурных вод, который наносит pyro{Пиро урон} усии.</p><p><i>«Вообще-то в обучающей инструкции есть только термин ""преграждающий выстрел"", но по мнению героя этого романа стильная терминология повышает боевой дух и ставит противника в проигрышное положение ещё на старте... Мне это показалось разумным, и я изменила инструкцию!»</i></p>";"<p>Chevreuse quickly shoulders her musket and fires at her opponent(s), dealing pyro{AoE Pyro DMG}.<br>For a short duration after Chevreuse fires a shot, she will continuously restore HP to your active character on the field. The amount healed is based on her Max HP.<br>Hold to fire in a different fashion.</p><p>name{Hold}<br>Enter Aiming Mode, locking a target in her sights to fire a precise interdiction shot. If Chevreuse has an Overcharged Ball, then she will fire the Overcharged Ball instead, dealing greater pyro{Pyro DMG} in a larger area.<br>Chevreuse gains 1 Overcharged Ball every time a nearby character in the party triggers an Overloaded reaction, and can have up to 1 Overcharged Ball at a time.</p><p>name{Arkhe: Ousia}<br>Periodically, after Chevreuse's Short-Range Rapid Interdiction Fire hits, a Surging Blade will be called forth that deals Ousia-aligned pyro{Pyro DMG}.</p><p><i>""Actually, training regulations only had the phrase ""interdiction fire,"" but the protagonist of this novel believes that even how stylish your terminology is can affect how motivated your troops are, which can put your opponents on the back foot right from the get-go... I think that's a good point, so I changed the regulations!""</i></p>"
talent_name;chiori_twin_blades;Хиёку: Парные клинки;Hiyoku: Twin Blades
talent_descr;chiori_twin_blades;<p>Обнажив парные клинки, Тиори режет с мастерством искусного портного, нанося geo{Гео урон по площади}, пропорциональный её силе атаки и защите.</p><p><i>«Освой один принцип, и перед тобой откроются все пути».</i></p>;"<p>Twin blades leave their sheaths as Chiori slices with the clean cuts of a master tailor, dealing geo{AoE Geo DMG} based on her ATK and DEF.</p><p><i>""Master one principle, and the path to all others shall open to you.""</i></p>"
talent_name;chiori_weaving_blade;Ткущий клинок;Weaving Blade
talent_descr;chiori_weaving_blade;<p>name{Обычная атака:}<br>До четырёх быстрых ударов.</p><p>name{Заряженная атака:}<br>Тратит определённое количество выносливости на два быстрых взмаха мечом.</p><p>name{Атака в падении:}<br>Стремительно падает на землю, атакуя всех врагов на пути. Приземлившись, наносит урон по площади.</p>;<p>name{Normal Attack}<br>Performs up to 4 rapid strikes.</p><p>name{Charged Attack}<br>Consumes a certain amount of Stamina to unleash 2 rapid sword strikes.</p><p>name{Plunging Attack}<br>Plunges from mid-air to strike the ground below, damaging opponents along the path and dealing AoE DMG upon impact.</p>
talent_name;chiori_fluttering_hasode;Порхание хасодэ;Fluttering Hasode
talent_descr;chiori_fluttering_hasode;<p>С лёгкостью развевающихся шелков совершает выпад вперёд, по окончании которого призывает рядом с собой куклу-автоматона Тамото и выполняет восходящий удар, нанося противникам поблизости geo{Гео урон по площади}, пропорциональный силе атаки и защите Тиори.<br>При долгом нажатии способ активации навыка меняется.</p><p>name{Долгое нажатие}<br>Переходит в режим прицеливания, в котором можно выбрать направление рывка.</p><p>name{Тамото}<br>· Периодически атакует врагов поблизости, нанося geo{Гео урон по площади}, пропорциональный силе атаки и защите Тиори.<br>· Пока она активна, если поблизости существует или создаётся geo{Гео конструкция}, то рядом с вашим активным персонажем призывается ещё одна Тамото. Таким образом можно призвать только 1 дополнительную куклу-автоматона Тамото, причём время её существования рассчитывается отдельно.</p><p><i>«Сакуры цветы<br>Покрывают рукава,<br>Пьянит аромат».</i></p>;"<p>Dashes nimbly forward with silken steps. Once this dash ends, Chiori will summon the automaton doll ""Tamoto"" beside her and sweep her blade upward, dealing geo{AoE Geo DMG} to nearby opponents based on her ATK and DEF.<br>Holding the Skill will cause it to behave differently.</p><p>name{Hold}<br>Enter Aiming Mode to adjust the dash direction.</p><p>name{Tamoto}<br>· Will slash at nearby opponents at intervals, dealing geo{AoE Geo DMG} based on Chiori's ATK and DEF.<br>· While active, if there are nearby geo{Geo Construct(s)} or geo{Geo Construct(s)} are created nearby, an additional Tamoto will be summoned next to your active character. Only 1 additional Tamoto can be summoned in this manner, and its duration is independently counted.</p><p><i>""Sakura red dyes the brocade, the fragrance suffuses the sleeves, the orioles intoxicated.""</i></p>"
talent_name;chongyun_cloud_parting_star;Духовное лезвие: Падение с небес;Spirit Blade: Cloud-Parting Star
talent_descr;chongyun_cloud_parting_star;<p>С помощью особых жестов Чун Юнь призывает в воздух три гигантских Духовных лезвия, которые после некоторого времени падают на землю один за другим и взрываются.<br>После взрыва Духовное лезвие наносит cryo{Крио урон по площади} и подбрасывает врагов.</p><p><i>«Как лёд обжигает холодом руки, так и мои призрачные мечи сотрясают небо и землю. Услышьте мои призывы и помогите мне!»</i></p>;"<p>Performing the secret hand seals, Chongyun summons 3 giant spirit blades in mid-air that fall to the earth one by one after a short delay, exploding as they hit the ground.<br>When the spirit blades explode, they will deal cryo{AoE Cryo DMG} and launch opponents.</p><p><i>""As ice doth give the biting frost birth, My transcendent blade shakes heaven and earth. Heed my summons and come hence!""</i></p>"
talent_name;chongyun_demonbane;Искоренение зла;Demonbane
talent_descr;chongyun_demonbane;<p>name{Обычная атака:}<br>До четырёх рубящих ударов мечом.</p><p>name{Заряженная атака:}<br>Вращающаяся атака по окружающим врагам, на которую непрерывно тратится выносливость.<br>После вращения проводит дополнительную мощную атаку мечом.</p><p>name{Атака в падении:}<br>Стремительно падает на землю, атакуя всех врагов на пути. Приземлившись, наносит урон по площади.</p>;<p>name{Normal Attack}<br>Performs up to 4 consecutive strikes.</p><p>name{Charged Attack}<br>Drains Stamina over time to perform continuous spinning attacks against all nearby opponents.<br>At the end of the sequence, performs a more powerful slash. </p><p>name{Plunging Attack}<br>Plunges from mid-air to strike the ground below, damaging opponents along the path and dealing AoE DMG upon impact.</p>
talent_name;chongyun_chonghuas_layered_frost;Духовное лезвие: Холод Чунхуа;Spirit Blade: Chonghua's Layered Frost
talent_descr;chongyun_chonghuas_layered_frost;<p>Чун Юнь совершает удар мечом по земле, вызывая перед собой в круглой области взрыв холода, который наносит cryo{Крио урон}.<br>Спустя некоторое время холодный воздух, образованный взрывом, собирается в область Холода Чунхуа. Оружие находящихся в этой области персонажей, экипированных одноручным мечом, двуручным мечом или древковым оружием, наделяется cryo{инфузией Крио}.</p><p><i>Кристальный звон, вокруг всё замерло. Реки не текут, застыли облака. Открыты врата алтаря, изгнано зло.</i></p>;"<p>Chongyun strikes the ground with his greatsword, causing a Cryo explosion in a circular AoE in front of him that deals cryo{Cryo DMG}.<br>After a short delay, the cold air created by the Cryo explosion will coalesce into a Chonghua Frost Field, within which all Sword, Claymore and Polearm-wielding characters' weapons will be infused with cryo{Cryo}.</p><p><i>""A crystal-clear ring, and all is silent. The rivers move not, and the clouds are heavy with frost. The altar gates open, and evil is banished.""</i></p>"
talent_name;citlali_edict_of_entwined_splendor;Указ светил;Edict of Entwined Splendor
talent_descr;citlali_edict_of_entwined_splendor;<p>Призывает «союзников» из звёздных небес и бескрайней земли, низвергает ледяной шторм на область впереди и наносит cryo{Крио урон по площади} с характеристикой Ночного духа, восстанавливая определённое количество очков Ночного духа Ситлали и призывая в области действия рядом с максимум 3 врагами один name{Духовный сосуд-череп} для каждого из них. Духовный сосуд-череп через некоторое время взрывается, нанося cryo{Крио урон по площади} с характеристикой Ночного духа и восстанавливая определённое количество очков Ночного духа Ситлали.</p><p><i>«Ай, довольно! Хватит про эти тёмные звёзды, опаловые звезды! Ситлалин, Ицпапа, задайте им!»</i></p>;"<p>Summons ""allies"" from the starry skies and the vast earth, hurling forth an ice storm to bombard the area in front and deal Nightsoul-aligned cryo{AoE Cryo DMG}. This restores a set amount of Nightsoul points for Citlali, and also summons a name{Spiritvessel Skull} near a maximum of 3 opponents within the AoE, with 1 Skull for each opponent. Spiritvessel Skulls explode after some time, dealing Nightsoul-aligned cryo{AoE Cryo DMG} and restoring a set amount of Nightsoul points for Citlali.</p><p><i>""Ugh, enough of this 'dark star, opal star' stuff! Citlalin, Itzpapa, get 'em!""</i></p>"
talent_name;citlali_shadow_stealing_spirit_vessel;Духовный сосуд поимки теней;Shadow-Stealing Spirit Vessel
talent_descr;citlali_shadow_stealing_spirit_vessel;<p>name{Обычная атака:}<br>Взывает к тайным искусствам, передаваемым из поколения в поколение Повелителями Ночного Ветра, и выполняет до трёх атак, которые наносят cryo{Крио урон}.</p><p>name{Заряженная атака:}<br>Переходит в режим прицеливания, и когда удерживание прекращается, тратит определённое количество выносливости и в направлении прицеливания выпускает Морозную звезду, которая наносит cryo{Крио урон} врагам на своём пути.</p><p>name{Атака в падении:}<br>Собирает силу Крио и стремительно падает на землю, атакуя всех врагов на пути. Приземлившись, наносит cryo{Крио урон по площади}.</p>;<p>name{Normal Attack}<br>Calls upon secret arts passed down through the Masters of the Night-Wind from generation to generation, performing up to three strikes that deal cryo{Cryo DMG}.</p><p>name{Charged Attack}<br>Enters Aiming Mode, and after Holding, consumes a certain amount of Stamina to call forth a Frost Star that deals cryo{Cryo DMG} to opponents in its path.</p><p>name{Plunging Attack}<br>Gathers the power of Cryo and plunges towards the ground from mid-air, damaging all opponents in her path. Deals cryo{Aoe Cryo DMG} upon impact with the ground.</p>
talent_name;citlali_dawnfrost_darkstar;Тёмная звезда утреннего инея;Dawnfrost Darkstar
talent_descr;citlali_dawnfrost_darkstar;<p>Прибегает к тайным вековым договорам Повелителей Ночного Ветра, развёртывает Опаловый щит и призывает Обсидианового цицимитля Ицпапу, (якобы) невообразимо ужасающее существо, нанося cryo{Крио урон по площади} с характеристикой Ночного духа.<br>Поглощение урона Опаловым щитом зависит от мастерства стихий Ситлали. Он поглощает cryo{Крио урон} с 250% эффективностью. Когда Ситлали развёртывает щит, она кратковременно получает cryo{эффект Крио}.<br>После применения Ситлали получает 24 очка Ночного духа и входит в состояние Благословения Ночного духа.</p><p>name{Благословение Ночного духа: Ситлали}<br>Когда Ицпапа покидает поле, состояние Благословения Ночного духа Ситлали завершается.</p><p>name{Ицпапа}<br>· Следует за персонажем.<br>· Если у Ситлали есть не менее 50 очков Ночного духа, Ицпапа входит в состояние Белого пламени, непрерывно расходует очки Ночного духа и поднимает Морозный ураган, который следует за персонажем и атакует врагов в области его действия, нанося cryo{Крио урон} с характеристикой Ночного духа.<br>· Когда очки Ночного духа исчерпаются, состояние Белого пламени Ицпапы также завершается.</p><p><i>Обычно воли, символизирующие разные небесные тела, не могут сосуществовать - как чисто чёрный может отражаться в абсолютно белом?<br>Однако у Ситлали никогда не было предпочтений в отношении цветов, и в итоге всё так и сложилось.</i></p>;"<p>Invoking secret pacts passed down by her tribe over the millennia, Citlali deploys an Opal Shield and calls forth ""Obsidian Tzitzimitl: Itzpapa,"" a creature that is (reputedly) terrifying beyond compare, dealing Nightsoul-aligned cryo{AoE Cryo DMG}.<br>The Opal Shield's DMG absorption scales based on Citlali's Elemental Mastery, and absorbs cryo{Cryo DMG} with 250% efficiency. When it is deployed, it will cause Citlali to briefly be cryo{affected by Cryo}.<br>After using this skill, Citlali gains 24 Nightsoul points and enters the Nightsoul's Blessing state.</p><p>name{Nightsoul's Blessing: Citlali}<br>When Itzpapa leaves the field, Citlali exits the Nightsoul's Blessing state.</p><p>name{Itzpapa}<br>·Itzpapa will follow the character.<br>·If Citlali has at least 50 Nightsoul points, Itzpapa enters the Opal Fire state and continuously consumes Nightsoul points to whip up a Frostfall Storm that follows the character and attacks opponents within its AoE, dealing Nightsoul-aligned cryo{Cryo DMG}.<br>·When Citlali's Nightsoul points are fully depleted, Itzpapa's Opal Fire state also ends.</p><p><i>Usually, the wills that symbolize different stars cannot coexist, for how can purest black be reflected in purest white?<br>Be that as it may, Citlali has never harbored a particular preference for colors themselves, and that is just how things played out.</i></p>"
talent_name;clorinde_last_lightfall;Последние лучи света;Last Lightfall
talent_descr;clorinde_last_lightfall;<p>Наделяет себя Долгом жизни, пропорциональным собственному макс. HP, а затем резко уходит в сторону и атакует клинком и пистолетом одновременно, нанося electro{Электро урон по площади}.</p><p><i>Согласно преданию, наследие древнего искусства сражаться с нелюдями лишь смертным телом восходит к Рыцарям чистых родников, боровшихся с ремурийским царством.<br>Тем не менее нельзя сказать, что его невозможно использовать против обычного врага - нужно лишь найти способ управлять его силой.</i></p>;<p>Grants herself a Bond of Life based upon her own max HP before swiftly evading and striking with saber and sidearm as one, dealing electro{AoE Electro DMG}.</p><p><i>It is said the legacy of the ancient art of resisting non-human beings with but a mortal body can be traced back to the Lochknights who resisted the Remurian Empire.<br>Be that as it may, so long as one can find a way to control the level of force used, it's not as if it cannot be used in duels against ordinary opponents.</i></p>
talent_name;clorinde_oath_of_hunting_shadows;Клятва Сумеречного двора;Oath of Hunting Shadows
talent_descr;clorinde_oath_of_hunting_shadows;<p>name{Обычная атака:}<br>До пяти быстрых ударов.</p><p>name{Заряженная атака:}<br>Ведёт веерообразный подавляющий огонь из пистолета, на который тратится определённое количество выносливости.</p><p>name{Атака в падении:}<br>Стремительно падает на землю, атакуя всех врагов на пути. Приземлившись, наносит урон по площади.</p>;<p>name{Normal Attack}<br>Performs up to 5 rapid strikes.</p><p>name{Charged Attack}<br>Consumes a certain amount of Stamina and fires Suppressing Shots in a fan pattern with her pistolet.</p><p>name{Plunging Attack}<br>Plunges from mid-air to strike the ground below, damaging opponents along the path and dealing AoE DMG upon impact.</p>
talent_name;clorinde_hunters_vigil;Охота на тьму;Hunter's Vigil
talent_descr;clorinde_hunters_vigil;<p>Подготавливает пистолет и входит в состояние Ночного дозора, одновременно используя клинок и стрельбу. В этом состоянии обычные атаки Клоринды превращаются в пистолетные атаки Неистовой охоты, а их урон конвертируется в electro{урон Электро}, который не может быть отменён другими инфузиями, также нельзя выполнять заряженные атаки. Её элементальный навык превращается в Пронзание ночи: Клоринда выполняет рывок и наносит electro{Электро урон}. Урон, наносимый таким способом, считается уроном обычной атаки.</p><p>name{Неистовая охота}<br>· Когда Долг жизни Клоринды равен или превышает 100% от её макс. HP, она стреляет из пистолета.<br>· Когда Долг жизни Клоринды составляет менее 100% от её макс. HP, пистолетный выстрел наделяет её Долгом жизни пропорционально её макс. HP. Выстреливаемые ею пули способны пронзать врагов, а урон по врагам на их пути увеличивается.</p><p>name{Пронзание ночи}<br>Эффект Пронзания ночи определяется процентным значением текущего Долга жизни Клоринды:<br>· Если Долг жизни равен 0%, Клоринда выполняет рывок.<br>· Если значение Долга жизни меньше 100% от её макс. HP, Клоринда восстанавливает HP пропорционально значению Долга жизни, а область и урон этого Пронзания ночи увеличивается.<br>· Если значение Долга жизни равно или превышает 100% от её макс. HP, она применит Пронзание ночи: Пакт, ещё больше увеличивая область и урон этого Пронзания ночи, а также повышая значение восстановления HP Клоринды.</p><p>Кроме того, когда Клоринда пребывает в состоянии Ночного дозора, эффекты лечения помимо Пронзания ночи не срабатывают и преобразовываются в Долг жизни, равный определённому значению получаемого лечения.</p><p>Состояние Ночного дозора исчезает, когда Клоринда покидает поле боя.</p><p>name{Архэ: Усия}<br>Когда выстрелы Неистовой охоты Клоринды поражают противников, периодически на их позиции будет нисходить Клинок бурных вод и наносить electro{Электро} урон усии.</p><p><i>Зло, скрывавшееся во тьме ночи, за тысячелетия было истреблено, но в сердцах людей живут тени, не видевшие света дня.<br>Она до сих пор отчётливо помнит предостережение Золотого охотника: ночным дозорным, несущим зажжённые свечи, следует быть особенно бдительными и не поддаваться хладной тьме.</i></p>;"<p>Preparing her pistolet, she enters the ""Night Vigil"" state, using steel and shot together. In this state, Clorinde's Normal Attacks will be transformed into ""Swift Hunt"" pistolet attacks, and the DMG dealt is converted into electro{Electro DMG} that cannot be overridden by infusions, and she will be unable to use Charged Attacks. Using her Elemental Skill will transform it into ""Impale the Night"": Perform a lunging attack, dealing electro{Electro DMG}. The DMG done through the aforementioned method is considered Normal Attack DMG.</p><p>name{Swift Hunt}<br>· When her Bond of Life is equal to or greater than 100% of her max HP: Performs a pistolet shot.<br>· When her Bond of Life is less than 100%, firing her pistolet will grant her Bond of Life, with the amount gained based on her max HP. The shots she fires can pierce opponents, and DMG dealt to opponents in their path is increased.</p><p>name{Impale the Night}<br>The current percentage value of Clorinde's Bond of Life determines its effect:<br>· When the Bond of Life value is 0%, perform a normal lunging strike;<br>· When the Bond of Life value is less than 100% of her max HP, Clorinde is healed based on the Bond of Life value, and the AoE of the lunging attack and the DMG dealt is increased;<br>· When the value of the Bond of Life is equal to or greater than 100% of her max HP, use Impale the Night: Pact. The healing multiplier is increased, and the AoE and DMG dealt by the lunge is increased even further.</p><p>In addition, when Clorinde is in the Night Vigil state, healing effects other than Impale the Night will not take effect and will instead be converted into a Bond of Life that is a percentage of the healing that would have been received.</p><p>Clorinde will exit the ""Night Vigil"" state when she leaves the field.</p><p>name{Arkhe: Ousia}<br>Periodically, when Clorinde's Swift Hunt shots strike opponents, she will summon a Surging Blade at the position hit that deals Ousia-aligned electro{Electro DMG}.</p><p><i>Though the evil that lurked in the shadows of the night had been purged across thousands of years, a shadow that the light could not reach clouded human hearts.<br>Even now, the warning left by the Golden Hunter is etched into her memory: Those of the Night Vigil, carrying aloft lit candles against the blackness, have greater need still to remain vigilant. Be not corrupted by the cold dark.</i></p>"
talent_name;collei_trump_card_kitty;Кошачье сокровище;Trump-Card Kitty
talent_descr;collei_trump_card_kitty;"<p>Надёжнейший Куйлейн-Анбар спешит на помощь!<br>Бросает куклу по имени Куйлейн-Анбар, взрыв которой наносит dendro{Дендро урон по площади}, и создаёт зону Куйлейн-Анбара. Куйлейн-Анбар беспрестанно прыгает внутри неё, нанося dendro{Дендро урон по площади}.</p><p><i>«Круто, да? ...А? Как я придумала это имя, ""Куйлейн-Анбар""? Эм, ну, я...»</i></p>";"<p>Trusty Cuilein-Anbar comes to save the day!<br>Throws the doll named Cuilein-Anbar, causing an explosion that deals dendro{AoE Dendro DMG}, creating a Cuilein-Anbar Zone. Cuilein-Anbar will bounce around within this zone, dealing dendro{AoE Dendro DMG}.</p><p><i>""Pretty impressive, huh? ... Eh? You want to know how I came up with the name Cuilein-Anbar? Uh, well, I...""</i></p>"
talent_name;collei_supplicants_bowmanship;Лук молельщицы;Supplicant's Bowmanship
talent_descr;collei_supplicants_bowmanship;<p>name{Обычная атака:}<br>До четырёх выстрелов из лука.</p><p>name{Заряженная атака:}<br>Более меткий name{прицельный выстрел} с увеличенным уроном.<br>Во время прицеливания наконечник стрелы заряжается стихией Дендро. Полностью заряженная стрела наносит dendro{Дендро урон}.</p><p>name{Атака в падении:}<br>Выпускает град стрел в воздухе, которые при приземлении персонажа наносят урон по площади.</p>;<p>name{Normal Attack}<br>Performs up to 4 consecutive shots with a bow.</p><p>name{Charged Attack}<br>Performs a more precise name{Aimed Shot} with increased DMG.<br>While aiming, Dendro energy will accumulate on the arrowhead. A fully charged arrow will deal dendro{Dendro DMG}.</p><p>name{Plunging Attack}<br>Fires off a shower of arrows in mid-air before falling and striking the ground, dealing AoE DMG upon impact.</p>
talent_name;collei_floral_brush;Сметающие цветы;Floral Brush
talent_descr;collei_floral_brush;<p>Бросает Цветочное кольцо, которое наносит однократный dendro{Дендро урон} врагам, с которыми оно соприкоснулось.<br>Цветочное кольцо через некоторое время возвращается и наносит dendro{Дендро урон} ещё раз.</p><p><i>Надёжный инструмент, который помогает Коллеи утихомиривать яростных зверей. После парочки ударов даже самые неистовые из них приходят в полное спокойствие. Он так же хорошо работает и для недружелюбно настроенных людей.</i></p>;<p>Throws out a Floral Ring that deals 1 instance of dendro{Dendro DMG} to targets it comes into contact with.<br>The Floral Ring will return after a set time, dealing dendro{Dendro DMG} once again.</p><p><i>This is Collei's go-to gadget for dealing with unruly wild beasts. A few good thwacks from this tool will generally improve their behavior. This same principle works just as well on evildoers.</i></p>
talent_name;cyno_wolfs_swiftness;Священный обряд: Проворство шакала;Sacred Rite: Wolf's Swiftness
talent_descr;cyno_wolfs_swiftness;<p>Взывает к богам и принимает форму Поклявшегося прокладывать путь.</p><p>name{Поклявшийся прокладывать путь}<br>Конвертирует урон от обычных атак, заряженных атак и атак в падении в electro{Электро урон}, который не может быть отменён другими инфузиями.<br>· Мастерство стихий и сопротивление прерыванию Сайно увеличиваются, и он получает иммунитет к урону от реакции Заряжен.</p><p>Эффект длится максимум 18 сек. и исчезает, если Сайно покидает поле боя.</p><p><i>Тайные обряды древнего государства являются для генерала махаматры окончательным и бесповоротным решением.</i><br><i>Ни прошлому с настоящим, ни бурям и гигантским змеям не под силу поколебать величие закона.</i></p>;<p>Calls upon a divine spirit to indwell him, morphing into the Pactsworn Pathclearer.</p><p>name{Pactsworn Pathclearer}<br>Cyno's Normal, Charged, and Plunging Attacks will be converted to electro{Electro DMG} that cannot be overridden.<br>·Cyno's Elemental Mastery and resistance to interruption will increase, and he gains immunity to Electro-Charged DMG.</p><p>This effect will be canceled when Cyno leaves the field and lasts a maximum of 18s.</p><p><i>The secret rituals passed down within the ancient nation are as a final judgment to the General Mahamatra.</i><br><i>Whether now or in the past, whether great storm or serpent, none shall shake the majesty of the law.</i></p>
talent_name;cyno_invokers_spear;Копьё призывателя;Invoker's Spear
talent_descr;cyno_invokers_spear;<p>name{Обычная атака:}<br>До четырёх ударов копьём.</p><p>name{Заряженная атака:}<br>Выпад, наносящий урон противникам на пути, на который тратится определённое количество выносливости.</p><p>name{Атака в падении:}<br>Стремительно падает на землю, атакуя всех врагов на пути. Приземлившись, наносит урон по площади.</p>;<p>name{Normal Attack}<br>Performs up to 4 consecutive spear strikes.</p><p>name{Charged Attack}<br>Consumes a certain amount of Stamina to lunge forward, dealing damage to opponents along the way.</p><p>name{Plunging Attack}<br>Plunges from mid-air to strike the ground below, damaging opponents along the path and dealing AoE DMG upon impact.</p>
talent_name;cyno_chasmic_soulfarer;Тайный обряд: Переправляющий души;Secret Rite: Chasmic Soulfarer
talent_descr;cyno_chasmic_soulfarer;<p>Совершает выпад вперёд, нанося противникам на пути electro{Электро урон}.</p><p>Если Сайно находится в состоянии Поклявшегося прокладывать путь, вызванном Священным обрядом: Проворство шакала, то вместо выпада он активирует name{Ритуал погребения}, который низвергает силу молний и наносит electro{Электро урон по площади}, а также продлевает действие Поклявшегося прокладывать путь.</p><p><i>«Решение принято, и тебе ни отвергнуть, ни принять его... Давно уж мы с тобой связаны этим долгом».</i></p>;"<p>Performs a swift thrust, dealing electro{Electro DMG} to opponents along the path.</p><p>When Cyno is under the Pactsworn Pathclearer state triggered by Sacred Rite: Wolf's Swiftness, he will instead unleash a name{Mortuary Rite} that deals thunderous electro{AoE Electro DMG} and extends the duration of Pactsworn Pathclearer.</p><p><i>""This judgment brooks no choice. There is no rejection or acceptance here... We have both long been bound up in this conviction.""</i></p>"
talent_name;dahlia_radiant_psalter;Сияющий молебен;Radiant Psalter
talent_descr;dahlia_radiant_psalter;<p>Благочестивыми помыслами и песнью взывая к небесам, наносит врагам поблизости hydro{Гидро урон по площади}, наделяет членов своего отряда Милостью Фавония и призывает Щит священной милости.<br>Поглощение урона Щитом священной милости зависит от макс. HP Далии. Щит поглощает hydro{Гидро урон} с эффективностью 250%.</p><p>name{Милость Фавония}<br>Во время её действия Далия может потратить 1 уровень Бенедикции и призвать новый Щит священной милости, если имевшийся был разрушен уроном.</p><p>Далия может получать Бенедикцию следующими способами:<br>· Когда активный персонаж его отряда поражает врагов обычной атакой 4 раза, находясь под воздействием Милости Фавония, Далия получает 1 уровень Бенедикции.<br>· После активации эффекта таланта возвышения Милостивое благоволение ветра (требуется разблокировать данный талант возвышения).<br>Во время действия одной и той же Милости Фавония Далия может получить до 4 уровней Бенедикции.</p>;"<p>Appeals to the divine with earnestness and song, dealing hydro{AoE Hydro DMG} to nearby opponents and granting his party members Favonian Favor, summoning a Shield of Sacred Favor.<br>The Shield of Sacred Favor's DMG absorption is based on Dahlia's Max HP, and it will absorb hydro{Hydro DMG} with 250% effectiveness.</p><p>name{Favonian Favor}<br>While this effect is active, 1 Benison stack may be consumed to summon a new Shield of Sacred Favor when an existing Shield is broken via DMG.</p><p>Dahlia can obtain Benison via the following methods:<br>· He will gain 1 Benison stack when his own active party member hits opponents 4 times with Normal Attacks while affected by Favonian Favor.<br>· After triggering the effect of his Ascension Talent, ""The Wind's Gentle Grace"" (You must first unlock this Ascension Talent.)<br>Dahlia can gain a maximum of 4 Benison stacks per Favonian Favor duration.</p>"
talent_name;dahlia_favonius_bladework_ritual;Фехтовальный стиль Фавония: Ритуал;Favonius Bladework - Ritual
talent_descr;dahlia_favonius_bladework_ritual;<p>name{Обычная атака:}<br>До четырёх быстрых ударов мечом.</p><p>name{Заряженная атака:}<br>Тратит определённое количество выносливости на два быстрых взмаха мечом перед собой.</p><p>name{Атака в падении:}<br>Стремительно падает на землю, атакуя всех врагов на пути. Приземлившись, наносит урон по площади.</p>;<p>name{Normal Attack}<br>Performs up to 4 rapid strikes.</p><p>name{Charged Attack}<br>Consumes a certain amount of Stamina to unleash 2 rapid sword strikes.</p><p>name{Plunging Attack}<br>Plunges from mid-air to strike the ground below, damaging opponents along the path and dealing AoE DMG upon impact.</p>
talent_name;dahlia_immersive_ordinance;Таинство погружения;Immersive Ordinance
talent_descr;dahlia_immersive_ordinance;<p>Настало время для весёлого трюка! В зависимости от того, было совершено быстрое или долгое нажатие навыка, разными способами призывается Сакраментальный ливень.</p><p>name{Быстрое нажатие:}<br>После короткой молитвы призывает перед собой Сакраментальный ливень.</p><p>name{Долгое нажатие:}<br>Непрерывно читает молитву, а когда заканчивает, призывает Сакраментальный ливень на указанной позиции.</p><p>name{Сакраментальный ливень}<br>После того как враги или члены отряда поблизости соприкасаются с Сакраментальным ливнем, в зависимости от того, кто прикоснулся к нему, возникают разные эффекты:<br>Если к Сакраментальному ливню прикоснулся враг, он взрывается и наносит hydro{Гидро урон по площади} врагам поблизости.<br>Если к нему прикоснётся персонаж отряда поблизости, он вознесёт его высоко в воздух.</p><p>На поле может существовать только один Сакраментальный ливень, призванный самим Далией.</p>;<p>Time for a fun little trick! Summons the Sacramental Shower in different ways depending on whether you Tap or Hold it.</p><p>name{Tap}<br>After a short prayer, summons the Sacramental Shower in front.</p><p>name{Hold}<br>Engages in continuous prayer, and when done, summons forth a Sacramental Shower in the designated position.</p><p>name{Sacramental Shower}<br>When opponents or nearby party members touch the Sacramental Shower, different effects will occur depending on the one who touches it:<br>If an opponent touches the Shower, it will explode and deal hydro{AoE Hydro DMG} to nearby opponents.<br>If a nearby party member touches it, it will bounce the one who touches it high in the air.</p><p>Only 1 Sacramental Shower summoned by Dahlia himself can be on the field at once.</p>
talent_name;dehya_leonine_bite;Клыки львицы;Leonine Bite
talent_descr;dehya_leonine_bite;<p>Дэхья высвобождает испепеляющую ярость, отбрасывает более не нужный меч и входит в состояние Пылающей львицы, в котором её сопротивление прерыванию повышается.<br>В этом состоянии Дэхья автоматически и непрерывно атакует Кулаками Пламенной Гривы, нанося pyro{Пиро урон}, который зависит от её силы атаки и макс. HP. После его окончания Дэхья совершает Сжигающий удар, который наносит pyro{Пиро урон по площади}, пропорциональный её силе атаки и макс. HP.<br>Если во время активации этого навыка существует Огненное узилище, созданное элементальным навыком Расплавленное пекло самой Дэхьи, Дэхья отзовёт его и по завершении состояния Пылающей львицы создаст Огненное узилище на новой позиции. Новое Огненное узилище наследует длительность исходного Огненного узилища на момент его отзыва.<br>В этом состоянии Дэхья не может применять элементальный навык, а также совершать обычные атаки, заряженные атаки и атаки в падении. Обычная атака Дэхьи Нападение песчаной бури и элементальный навык Расплавленное пекло заменяются Ревущим шквалом.</p><p>name{Ревущий шквал}<br>Если в течение 0,4 сек. после удара Кулаками Пламенной гривы использовать Ревущий шквал, то следующий удар Кулаками Пламенной гривы наносится быстрее.</p><p><i>Даже пламя, подчиняясь её воле, по приказу становится её когтями и клыками.</i></p>;"<p>Unleashing her burning anger and casting her inconvenient blade aside, Dehya enters the Blazing Lioness state and increases her resistance to interruption.<br>In this state, Dehya will automatically and continuously unleash the Flame-Mane's Fists, dealing pyro{Pyro DMG} based on her ATK and Max HP, and when its duration ends, she will unleash an Incineration Drive, dealing pyro{AoE Pyro DMG} based on her ATK and Max HP.<br>If a Fiery Sanctum field created by Dehya's own Elemental Skill ""Molten Inferno"" exists when this ability is unleashed, Dehya will retrieve it, and then create another field once Blazing Lioness's duration expires. This field will take on the retrieved field's duration at the moment of its retrieval.<br>In this state, Dehya will be unable to cast her Elemental Skill, or perform Normal, Charged, and Plunging Attacks. ""Normal Attack: Sandstorm Assault"" and Elemental Skill ""Molten Inferno"" will be replaced by ""Roaring Barrage.""</p><p>name{Roaring Barrage}<br>Unleashing Roaring Barrage within 0.4s after each Flame-Mane's Fist strike will increase the speed at which the next Flame-Mane's Fist strike will be triggered.</p><p><i>Even the flowing flames must obey her rage and at her command become her fangs and claws.</i></p>"
talent_name;dehya_sandstorm_assault;Нападение песчаной бури;Sandstorm Assault
talent_descr;dehya_sandstorm_assault;<p>name{Обычная атака:}<br>Наносит до четырёх ударов, используя двуручный меч и приёмы своего боевого искусства.</p><p>name{Заряженная атака:}<br>Комбо-атака, на которую непрерывно тратится выносливость.<br>После комбо-атаки проводит дополнительную мощную атаку мечом.</p><p>name{Атака в падении:}<br>Стремительно падает на землю, атакуя всех врагов на пути. Приземлившись, наносит урон по площади.</p>;<p>name{Normal Attack}<br>Performs up to 4 consecutive strikes using her Claymore and her martial arts.</p><p>name{Charged Attack}<br>Drains Stamina over time to perform continuous slashes.<br>At the end of the sequence, performs a more powerful slash.</p><p>name{Plunging Attack}<br>Plunges from mid-air to strike the ground, damaging opponents along the path and dealing AoE DMG upon impact.</p>
talent_name;dehya_molten_inferno;Расплавленное пекло;Molten Inferno
talent_descr;dehya_molten_inferno;<p>Дэхья применяет различные приёмы собственного боевого искусства в зависимости от ситуации на поле боя.</p><p>name{Непреклонное пламя}<br>Активируется Дэхьей, если на поле боя нет созданного ей Огненного узилища.<br>Наносит pyro{Пиро урон по площади} и создаёт область Огненного узилища.</p><p>name{Сфера пламени}<br>Активируется Дэхьей, если на поле боя существует Огненное узилище, созданное ей самой.<br>Дэхья выполняет атаку в прыжке, нанося pyro{Пиро урон по площади}, и создаёт Огненное узилище на новой позиции.<br>Созданное таким образом новое Огненное узилище наследует длительность исходного Огненного узилища.</p><p>Во время существования одного Огненного узилища Сфера пламени может использоваться только 1 раз.</p><p>name{Огненное узилище}<br>Когда враги в его области получают урон, Огненное узилище совершает совместную атаку и наносит им pyro{Пиро урон по площади}, который зависит от силы атаки и макс. HP Дэхьи. Эффект может возникнуть один раз в 2,5 сек.<br>Сопротивление прерыванию активных персонажей в его области повышается. Часть урона, получаемого такими персонажами, отводится и перетекает в Кровь алой гривы. Дэхья принимает этот урон в течение 10 сек. Когда накопленный Кровью алой гривы урон достигнет определённого процента от макс. HP Дэхьи или превысит его, она перестанет отводить урон.</p><p>Одновременно может существовать только 1 Огненное узилище, созданное самой Дэхьей.</p><p><i>Пройди со мной испытание очищающего от скверны огня, подобно нисходящему в пламени зверю.</i></p>;<p>This art of Dehya's own invention changes its method of use depending on the combat situation.</p><p>name{Indomitable Flame}<br>This skill will be unleashed should there be no Fiery Sanctum field created by Dehya herself present at the time.<br>Deals pyro{AoE Pyro DMG}, and creates a field known as Fiery Sanctum.</p><p>name{Ranging Flame}<br>This skill will be unleashed should a Fiery Sanctum field created by Dehya herself already exist.<br>Dehya will perform a leaping attack, dealing pyro{AoE Pyro DMG} before recreating a Fiery Sanctum field at her new position.<br>A Fiery Sanctum field created this way will inherit the remaining duration of the previous field.</p><p>Ranging Flame can be used only once throughout a single Fiery Sanctum field's duration.</p><p>name{Fiery Sanctum}<br>When an opponent within a Fiery Sanctum field takes DMG, the field will unleash a coordinated attack, dealing pyro{AoE Pyro DMG} to them based on Dehya's ATK and Max HP. This effect can be triggered once every 2.5s.<br>Active characters within this field have their resistance to interruption increased, and when such characters take DMG, a portion of that damage will be mitigated and flow into Redmane's Blood. Dehya will then take this DMG over 10s. When the mitigated DMG stored by Redmane's Blood reaches or goes over a certain percentage of Dehya's Max HP, she will stop mitigating DMG in this way.</p><p>Only 1 Fiery Sanctum created by Dehya herself can exist at the same time.</p><p><i>Walk this fiery ordeal with me and purge all impurity, just as a beast of flames that must descend from the blaze.</i></p>
talent_name;diluc_dawn;Рассвет;Dawn
talent_descr;diluc_dawn;<p>Окружая себя языками пламени, Дилюк отбрасывает окружающих врагов и наносит им pyro{Пиро урон}. Затем, собравшись на оружии, его пламя превращается в стремящегося вперёд феникса, который наносит большой pyro{Пиро урон} всем врагам на своём пути. В конце своего пути феникс взрывается, нанося огромный pyro{Пиро урон по площади}.<br>Собравшееся пламя наделяет оружие Дилюка pyro{инфузией Пиро}.</p><p><i>Мы погружаемся во тьму лишь для того, чтобы озарить её ярким светом. Узри же предрассветный столп искр, вспыхнувший на излёте ночи.</i></p>;<p>Releases intense flames to knock back nearby opponents, dealing pyro{Pyro DMG}. The flames then converge into the weapon, summoning a Phoenix that flies forward and deals massive pyro{Pyro DMG} to all opponents in its path. The Phoenix explodes upon reaching its destination, causing a large amount of pyro{AoE Pyro DMG}.<br>The searing flames that run down his blade cause it to be infused with pyro{Pyro}.</p><p><i>The only reason to walk in the darkness is to light it up. Behold, that fleeing light in the dead of night is the herald of the coming dawn.</i></p>
talent_name;diluc_tempered_sword;Закалённый меч;Tempered Sword
talent_descr;diluc_tempered_sword;<p>name{Обычная атака:}<br>До четырёх рубящих ударов мечом.</p><p>name{Заряженная атака:}<br>Комбо-атака, на которую непрерывно тратится выносливость.<br>После комбо-атаки проводит дополнительную мощную атаку мечом.</p><p>name{Атака в падении:}<br>Стремительно падает на землю, атакуя всех врагов на пути. Приземлившись, наносит урон по площади.</p>;<p>name{Normal Attack}<br>Performs up to 4 consecutive strikes.</p><p>name{Charged Attack}<br>Drains Stamina over time to perform continuous slashes.<br>At the end of the sequence, performs a more powerful slash.</p><p>name{Plunging Attack}<br>Plunges from mid-air to strike the ground, damaging opponents along the path and dealing AoE DMG upon impact.</p>
talent_name;diluc_searing_onslaught;Огненный натиск;Searing Onslaught
talent_descr;diluc_searing_onslaught;<p>Совершает рубящий удар мечом, наносящий pyro{Пиро урон} врагам впереди.</p><p>Этот навык можно активировать 3 раза подряд.<br>Если не активировать его слишком долго, навык уходит в откат.</p><p><i>Меч Дилюка - это символ справедливости, храбрости и чувства долга.</i></p>;<p>Performs a forward slash that deals pyro{Pyro DMG}.</p><p>This skill can be consecutively used 3 times.<br>Enters CD if not cast again within a short period.</p><p><i>The slashes represent the values that Diluc holds dear: one for justice, one for courage, and one for duty.</i></p>
talent_name;diona_signature_mix;Авторский коктейль;Signature Mix
talent_descr;diona_signature_mix;"<p>Бросает приготовленный по особому рецепту ледяной коктейль, который наносит cryo{Крио урон по площади} и создаёт область Прохладительной дымки.</p><p>name{Прохладительная дымка:}<br>· Наносит cryo{Крио урон} врагам, находящимся в области;<br>· Периодически восстанавливает HP персонажам, находящимся в области.</p><p><i>Чудовищная смесь, которую даже Диона считает бесчеловечной. Ужас неизбежности лучше оставить врагам. К сожалению, резкое послевкусие этого напитка им придётся прочувствовать только своим носом и кожей.</i></p>";<p>Tosses out a special cold brew that deals cryo{AoE Cryo DMG} and creates a Drunken Mist in an AoE.</p><p>name{Drunken Mist}<br>·Deals continuous cryo{Cryo DMG} to opponents within the AoE.<br>·Continuously regenerates the HP of characters within the AoE.</p><p><i>A horrific mix that even Diona considers inhumane. The horrifying foretaste should be left for one's opponents. It has a crisp aftertaste, but unfortunately, one can only feel it on one's nose and skin.</i></p>
talent_name;diona_katzlein_style;Стиль котёнка;Kätzlein Style
talent_descr;diona_katzlein_style;<p>name{Обычная атака:}<br>До пяти выстрелов из лука.</p><p>name{Заряженная атака:}<br>Более меткий name{прицельный выстрел} с увеличенным уроном.<br>Во время прицеливания наконечник стрелы заряжается холодом. Полностью заряженная холодом стрела наносит cryo{Крио урон}.</p><p>name{Атака в падении:}<br>Выпускает град стрел в воздухе, которые при приземлении персонажа наносят урон по площади.</p>;<p>name{Normal Attack}<br>Performs up to 5 consecutive shots with a bow.</p><p>name{Charged Attack}<br>Performs a more precise name{Aimed Shot} with increased DMG.<br>While aiming, biting frost will accumulate on the arrowhead. A fully charged frost arrow will deal cryo{Cryo DMG}.</p><p>name{Plunging Attack}<br>Fires off a shower of arrows in mid-air before falling and striking the ground, dealing AoE DMG upon impact.</p>
talent_name;diona_icy_paws;Морозные коготочки;Icy Paws
talent_descr;diona_icy_paws;<p>Выпускает Морозные коготочки, которые наносят противнику cryo{Крио урон} и создают элементальный щит при ударе.<br>Поглощение урона щитом зависит от макс. HP Дионы, а длительность его существования - от количества попавших в цель Морозных коготочков.</p><p>name{Быстрое нажатие:}<br>Моментально выпускает два Морозных коготочка.</p><p>name{Долгое нажатие:}<br>Отпрыгивая назад, выпускает пять Морозных коготочков.<br>Щит, образованный заряженным навыком, даёт 75% бонус поглощения урона.</p><p>Щит поглощает cryo{Крио урон} с эффективностью 250%. Кроме того, при активации щит накладывает на персонажа кратковременный cryo{эффект Крио}.</p><p><i>Обычно никакое количество льда в напитке здоровью не вредит, но тот лёд, что создаёт Диона с помощью Глаза Бога, заставляет мозг покрываться льдом. 10 из 10!</i></p>;<p>Fires an Icy Paw that deals cryo{Cryo DMG} to opponents and forms a shield on hit.<br>The shield's DMG Absorption scales based on Diona's Max HP, and its duration scales off the number of Icy Paws that hit their target.</p><p>name{Press}<br>Rapidly fires off 2 Icy Paws.</p><p>name{Hold}<br>Dashes back quickly before firing 5 Icy Paws.<br>The shield created by a Hold attack will gain a 75% DMG Absorption Bonus.</p><p>The shield has a 250% cryo{Cryo DMG} Absorption Bonus, and will cause your active character to become affected by cryo{Cryo} at the point of formation for a short duration.</p><p><i>When she first started bartending, Diona found that no matter how much ice she put in her cocktails, it would never do a drunkard any harm. That all changed when she received her Vision — now she can form ice cold enough to cause severe brainfreeze. Five out of five stars!</i></p>
talent_name;dori_alcazarzarays_exactitude;Дотошность Алькасар-сарая;Alcazarzaray's Exactitude
talent_descr;dori_alcazarzarays_exactitude;<p>Призывает джинна, который оказывает клиентам всевозможную помощь.</p><p>name{Джинн}<br>Устанавливает связь с персонажем поблизости:<br>· Восстанавливает его HP пропорционально макс. HP Дори.<br>· Регенерирует его энергию.<br>· Имеет статус electro{Электро}.</p><p>Кроме того, когда связь между джинном и персонажем касается противника, она каждые 0,4 сек. наносит ему однократный electro{Электро урон}.</p><p>Одновременно может существовать только один джинн.</p><p><i>«Вы выбрали эту лампу, хм? Ой, у вас замечательный вкус! Вот только лампа эта - бесценное сокровище. Разве продали бы вы, например, свой талисман, сколько бы моры за него ни предложили?»</i></p>;"<p>Summons forth the Jinni within the lamp to give the client various kinds of aid.</p><p>name{Jinni}<br>Connects to a nearby character. The connected character will:<br>· Continuously restore HP based on Dori's Max HP.<br>· Continuously regenerate Energy.<br>· Be affected by electro{Electro}.<br>When the connector between the Jinni and the character touches opponents, it will deal one instance of electro{Electro DMG} to them every 0.4s.</p><p>Only one Jinni can exist at one time.</p><p><i>""Hmm? You'll pick this lamp, will you? Oh my, you've got good taste! Unfortunately, there's no price on this treasure — comparable, I'd say, to how you will not sell that mascot by your side for any price in the world.""</i></p>"
talent_name;dori_marvelous_sword_dance_modified;Чарующий танец мечей (модифицированный);Marvelous Sword-Dance (Modified)
talent_descr;dori_marvelous_sword_dance_modified;<p>name{Обычная атака:}<br>До трёх ударов мечом.</p><p>name{Заряженная атака:}<br>Вращающаяся атака по окружающим врагам, на которую непрерывно тратится выносливость.<br>После вращения проводит дополнительную мощную атаку мечом.</p><p>name{Атака в падении:}<br>Стремительно падает на землю, атакуя всех врагов на пути. Приземлившись, наносит урон по площади.</p>;<p>name{Normal Attack}<br>Performs up to 3 consecutive strikes.</p><p>name{Charged Attack}<br>Drains Stamina over time to perform continuous spinning attacks against all nearby opponents.<br>At the end of the sequence, performs a more powerful slash. </p><p>name{Plunging Attack}<br>Plunges from mid-air to strike the ground below, damaging opponents along the path and dealing AoE DMG upon impact.</p>
talent_name;dori_troubleshooter_cannon;Лампа усмирения духов: Устраняющая проблемы пушка;Spirit-Warding Lamp: Troubleshooter Cannon
talent_descr;dori_troubleshooter_cannon;<p>Направляет Лампу усмирения духов и выстреливает во врагов Устраняющим проблемы зарядом, нанося electro{Электро урон}.<br>При попадании Устраняющий проблемы заряд создаёт 2 Снаряда гарантийного обслуживания, которые самостоятельно находят цели поблизости и наносят electro{Электро урон}.</p><p><i>Говорят, Дори решит любую проблему... если ей достаточно заплатить.</i></p>;<p>Directs a Spirit-Warding Lamp to fire off a Troubleshooter Shot at opponents, dealing electro{Electro DMG}.<br>After the Troubleshooter Shot hits, it will create 2 After-Sales Service Rounds that will automatically track nearby opponents and deal electro{Electro DMG}.</p><p><i>It is said that Dori can fix any problem for you... for the right price.</i></p>
talent_name;emilie_aromatic_explication;Толкование ароматов;Aromatic Explication
talent_descr;emilie_aromatic_explication;<p>Направляя собранные в Шкатулке ароматы, Эмилия превращает их в чистую силу Дендро, создаёт Шкатулку Люмидус третьего уровня и откладывает существующую Шкатулку.<br>Находясь на поле боя, Шкатулка Люмидус третьего уровня не собирает Ароматы поблизости, но непрерывно обрушивает Благоухающую росу, атакуя врагов в своей области действия и нанося им dendro{Дендро урон}. Во время действия обрушивается 1 капля Благоухающей росы в 0,3 сек., причём каждый враг может быть целью только один раз в 0,7 сек.<br>Когда время действия истекает, заново создаётся Шкатулка Люмидус первого уровня. Если Шкатулка Люмидус была отложена во время использования Толкования ароматов, то воссоздаётся отложенная Шкатулка, причём её длительность сбрасывается.<br>Элементальный навык Извлечение ароматов во время действия name{Толкования ароматов} не создаёт Шкатулку Люмидус.</p><p><i>Любой парфюм, соприкоснувшись с воздухом, тут же изменяется, пока окончательно не растворится в шёпоте травы и ветра. В некотором смысле, люди никогда не смогут понюхать один и тот же аромат духов дважды.<br>То же касается и пути всего сущего. Поэтому можно сказать, что парфюм - толкование жизни.</i></p>;"<p>Guiding the fragrances collected within the Case, Emilie converts them into pure Dendro energy, creating a Level 3 Lumidouce Case and stowing existing Cases away.<br>While it exists, the Level 3 Lumidouce Case will not gather nearby Scents, but it will continuously cause Scented Dew to descend, attacking opponents within range and dealing dendro{Dendro DMG}. During this time, 1 drop of Scented Dew will descend every 0.3 seconds, and 1 opponent can become the target every 0.7 seconds.<br>When the duration ends, a Level 1 Lumidouce Case will be recreated. If a Lumidouce Case was stowed away when using Aromatic Explication, then the Case that was stowed away will be deployed instead, and its duration will be reset.<br>While name{Aromatic Explication} is active, the Elemental Skill ""Fragrance Extraction"" will not create a Lumidouce Case.</p><p><i>No matter the perfume, it will begin to change the instant it comes into contact with the air, before finally dissipating amidst the whispers of wind, trees, and grass. In that sense, no two people will appreciate the exact same fragrance.<br>So it is for the paths taken by all who live. In that sense, you can consider perfumes an explication of human life.</i></p>"
talent_name;emilie_shadow_hunting_spear_custom;Копьё охоты на тени;Shadow-Hunting Spear (Custom)
talent_descr;emilie_shadow_hunting_spear_custom;<p>name{Обычная атака:}<br>До четырёх последовательных ударов копьём.</p><p>name{Заряженная атака:}<br>Тратит определённое количество выносливости и наносит восходящий удар.</p><p>name{Атака в падении:}<br>Стремительно падает на землю, атакуя всех врагов на пути. Приземлившись, наносит урон по площади.</p>;<p>name{Normal Attack}<br>Performs up to 4 consecutive spear strikes.</p><p>name{Charged Attack}<br>Consumes a certain amount of Stamina to perform an upward slash.</p><p>name{Plunging Attack}<br>Plunges from mid-air to strike the ground below, damaging opponents along the path and dealing AoE DMG upon impact.</p>
talent_name;emilie_fragrance_extraction;Извлечение ароматов;Fragrance Extraction
talent_descr;emilie_fragrance_extraction;<p>Создаёт Шкатулку Люмидус, которая наносит dendro{Дендро урон по площади}.</p><p>name{Шкатулка Люмидус}<br>· Периодически выпускает во врагов поблизости Благоухание чистых рос, нанося dendro{Дендро урон}.<br>· Если поблизости есть враги со статусом Горение, они будут периодически производить Ароматы, собираемые Шкатулкой Люмидус. Таким способом может создаваться 1 Аромат каждые 2 сек. Собрав 2 Аромата, Шкатулка станет уровнем выше, и во время стрельбы она будет дополнительно выпускать ещё одно Благоухание. Кроме того, увеличивается область поражения и урон вышеописанной атаки.<br>· Одновременно может существовать только одна Шкатулка Люмидус, созданная самой Эмилией. Шкатулка при создании обладает первым уровнем и может быть повышена до второго. Если Шкатулка в течение 8 сек. на поле боя не соберёт ни одного Аромата, её уровень вернётся к 1.</p><p>name{Архэ: Пневма}<br>После того как Эмилия создаёт Шкатулку Люмидус таким способом, перед ней периодически появляется пронзающая врагов Игла дыхания душ, которая наносит dendro{Дендро урон} пневмы.</p><p><i>«Мир подобен бесконечной гармонии ароматов, цветов и песен».</i></p>;"<p>Creates a Lumidouce Case that deals dendro{AoE Dendro DMG}.</p><p>name{Lumidouce Case}<br>·Fires Puffs of Puredew at nearby opponents at intervals, dealing dendro{Dendro DMG}.<br>·When nearby opponents are affected by Burning, they will give off Scents at intervals, and 1 Scent can be created this way every 2s. The Lumidouce Case collects nearby Scents. The Lumidouce Case will level up after gathering 2 of them, after which it will fire 1 extra Puff of Puredew when firing, while the DMG dealt by and DMG AoE of the above attack will also be increased.<br>·1 Lumidouce Case created by Emilie herself can exist at any one time. The Case starts at Level 1 and can go up to Level 2. If the Case does not collect any Scents for 8s while it is on the field, it will go back to Level 1.</p><p>name{Arkhe: Pneuma}<br>At intervals, after Emilie creates a Lumidouce Case this way, a Spiritbreath Thorn will descend in front of her and pierce her opponent, dealing Pneuma-aligned dendro{Dendro DMG}.</p><p><i>""The world is an endless harmony of fragrance, color, and song.""</i></p>"
talent_name;escoffier_scoring_cuts;Приём нарезки;Scoring Cuts
talent_descr;escoffier_scoring_cuts;<p>Демонстрируя мастерство владения кухонным ножом, Эскофье наносит cryo{Крио урон по площади} и восстанавливает HP всем членам отряда поблизости пропорционально своей силе атаки.</p>;<p>Displaying her exceptional knife skills, Escoffier deals cryo{AoE Cryo DMG} and restores HP to all nearby party members based on her ATK.</p>
talent_name;escoffier_kitchen_skills;Кулинарное мастерство;Kitchen Skills
talent_descr;escoffier_kitchen_skills;<p>name{Обычная атака:}<br>До трёх последовательных ударов копьём.</p><p>name{Заряженная атака:}<br>Тратит определённое количество выносливости и наносит восходящий удар.</p><p>name{Атака в падении:}<br>Стремительно падает на землю, атакуя всех врагов на пути. Приземлившись, наносит урон по площади.</p>;<p>name{Normal Attack}<br>Performs up to 3 consecutive spear strikes.</p><p>name{Charged Attack}<br>Consumes a certain amount of Stamina to perform an upward thrust.</p><p>name{Plunging Attack}<br>Plunges from mid-air to strike the ground below, damaging opponents along the path and dealing AoE DMG upon impact.</p>
talent_name;escoffier_low_temperature_cooking;Готовка на малом огне;Low-Temperature Cooking
talent_descr;escoffier_low_temperature_cooking;<p>Узрите истинное значение «готовки»! В зависимости от того, было совершено быстрое или долгое нажатие навыка, Эскофье различными способами демонстрирует кулинарное мастерство, которым гордится весь Фонтейн.</p><p>name{Быстрое нажатие:}<br>Активирует Универсального мультифункционального кулинарного мека в режиме холодильника и наносит врагам поблизости cryo{Крио урон по площади}.</p><p>name{Кулинарный мек: Режим холодильника}<br>Следует за активным персонажем и периодически выпускает в противников поблизости морозные парфе, нанося cryo{Крио урон}.</p><p>name{Архэ: Усия}<br>Активируя Универсального мультифункционального кулинарного мека в режиме холодильника, Эскофье периодически призывает Клинок бурных вод, который наносит cryo{Крио урон по площади} усии.</p><p>name{Долгое нажатие:}<br>Активирует Универсального мультифункционального кулинарного мека в skill{n11120002:режиме импровизированного приготовления}.</p>;"<p>Behold the true meaning of ""cooking""! Escoffier will demonstrate different cooking techniques when you Tap or Hold this skill, but rest assured, each of them is Fontaine's pride and joy.</p><p>name{Tap}<br>Activates her All-Spectrum Multi-Use Cooking Mek in its Cold Storage mode and deals cryo{AoE Cryo DMG} to nearby opponents.</p><p>name{Cooking Mek: Cold Storage Mode}<br>Follows the current active character and fires Frosty Parfaits at nearby opponents at intervals, dealing cryo{Cryo DMG}.</p><p>name{Arkhe: Ousia}<br>At intervals, Escoffier will summon a Surging Blade when activating her Cooking Mek in Cold Storage mode, dealing Ousia-aligned cryo{AoE Cryo DMG}.</p><p>name{Hold}<br>Activates her All-Spectrum Multi-Use Cooking Mek's skill{n11120002:Off-the-Cuff Cookery Mode}.</p>"
talent_name;n11120001;Режим холодильника;Cold Storage Mode
talent_descr;n11120001;<p>name{Быстрое нажатие:}<br>Активирует Универсального мультифункционального кулинарного мека в режиме холодильника и наносит врагам поблизости cryo{Крио урон по площади}.</p><p>name{Кулинарный мек: Режим холодильника}<br>Следует за активным персонажем и периодически выпускает в противников поблизости морозные парфе, нанося cryo{Крио урон}.</p>;<p>name{Tap}<br>Activates her All-Spectrum Multi-Use Cooking Mek in its Cold Storage mode and deals cryo{AoE Cryo DMG} to nearby opponents.</p><p>name{Cooking Mek: Cold Storage Mode}<br>Follows the current active character and fires Frosty Parfaits at nearby opponents at intervals, dealing cryo{Cryo DMG}.</p>
talent_name;n11120002;Импровизированное приготовление;Off-the-Cuff Cookery Mode
talent_descr;n11120002;<p>name{Кулинарный мек: Импровизированное приготовление}<br>· Устанавливает кулинарного мека на поле. Он способен поглощать элементальные атаки. Когда поглощённая энергия достигает определённого значения, ингредиенты, которые поместила в него Эскофье, превращаются в превосходную еду.<br>· На покупку новых ингредиентов Эскофье требуется время. Каждую неделю таким способом можно приготовить определённое количество блюд. Попытки приготовления блюд обновляются по понедельникам в 04:00.</p>;<p>name{Cooking Mek: Off-the-Cuff Cookery Mode}<br>· Places the Cooking Mek on the field. The Cooking Mek can absorb elemental attacks. When the absorbed elemental energy hits a certain limit, Escoffier can convert the ingredients placed within it into wonderful food.<br>· Escoffier needs time to purchase new ingredients, so she can only make a certain number of dishes like this each week. The number of dishes Escoffier can make resets every Monday at 4:00 AM.</p>
talent_name;eula_glacial_illumination;Сумеречный меч;Glacial Illumination
talent_descr;eula_glacial_illumination;<p>Эола яростно взмахивает мечом, нанося окружающим врагам cryo{Крио урон} и создавая Меч света, который следует за ней до 7 сек.<br>Пока Меч света существует, он повышает сопротивление прерыванию Эолы. Когда обычные атаки, элементальные навыки и взрывы стихии Эолы наносят врагам урон, Меч света получает энергию. Он может получить максимум одну единицу каждые 0,1 сек.<br>Когда длительность Меча света заканчивается, он падает и взрывается, нанося врагам поблизости физический урон.<br>Наносимый урон зависит от количества накопленной Мечом света энергии.<br>Меч света взрывается сам при смене персонажа.</p><p><i>Утонуть - дело простое. Но она по-прежнему хочет заморозить прибой.</i></p>;<p>Brandishes her greatsword, dealing cryo{Cryo DMG} to nearby opponents and creating a Lightfall Sword that follows her around for a duration of up to 7s.<br>While present, the Lightfall Sword increases Eula's resistance to interruption. When Eula's own Normal Attack, Elemental Skill, and Elemental Burst deal DMG to opponents, they will charge the Lightfall Sword, which can gain an energy stack once every 0.1s.<br>Once its duration ends, the Lightfall Sword will descend and explode violently, dealing Physical DMG to nearby opponents.<br>This DMG scales on the number of energy stacks the Lightfall Sword has accumulated.<br>If Eula leaves the field, the Lightfall Sword will explode immediately.</p><p><i>It is easy to sink. But even so, she desires to freeze this oncoming tide.</i></p>
talent_name;eula_favonius_bladework_edel;Фехтовальный стиль Фавония: Знать;Favonius Bladework - Edel
talent_descr;eula_favonius_bladework_edel;<p>name{Обычная атака:}<br>До пяти рубящих ударов мечом.</p><p>name{Заряженная атака:}<br>Комбо-атака, на которую непрерывно тратится выносливость.<br>После комбо-атаки проводит дополнительную мощную атаку мечом.</p><p>name{Атака в падении:}<br>Стремительно падает на землю, атакуя всех врагов на пути. Приземлившись, наносит урон по площади.</p>;<p>name{Normal Attack}<br>Performs up to 5 consecutive strikes.</p><p>name{Charged Attack}<br>Drains Stamina over time to perform continuous slashes.<br>At the end of the sequence, performs a more powerful slash.</p><p>name{Plunging Attack}<br>Plunges from mid-air to strike the ground, damaging opponents along the path and dealing AoE DMG upon impact.</p>
talent_name;eula_icetide_vortex;Ледяной прибой;Icetide Vortex
talent_descr;eula_icetide_vortex;<p>Ледяной воздух, стремительный меч.</p><p>name{Быстрое нажатие:}<br>Быстрый взмах, который наносит cryo{Крио урон}.<br>При попадании по врагу Эола получает один уровень Холодного сердца. Складывается до 2 раз, может возникнуть 1 раз в 0,3 сек.</p><p>name{Холодное сердце}<br>Повышает сопротивление прерыванию и защиту Эолы.</p><p>name{Долгое нажатие:}<br>Тратит все уровни Холодного сердца и совершает рубящий удар мечом, который наносит cryo{Крио урон} врагам перед собой.<br>Если было потрачено Холодное сердце, то Эола снижает физическое сопротивление и cryo{Крио сопротивление} врагов поблизости.<br>Каждый потраченный уровень Холодного сердца превращается в один Меч вихря, который наносит врагам поблизости cryo{Крио урон}.</p><p><i>«Поглотила корону и кружится волна. Мерцает царским золотом ледяного прибоя вода. Каждая капля искрится на солнце».</i></p>;"<p>Sharp frost, swift blade.</p><p>name{Press}<br>Slashes swiftly, dealing cryo{Cryo DMG}.<br>When it hits an opponent, Eula gains a stack of Grimheart that stacks up to 2 times. These stacks can only be gained once every 0.3s.</p><p>name{Grimheart}<br>Increases Eula's resistance to interruption and DEF.</p><p>name{Hold}<br>Wielding her sword, Eula consumes all the stacks of Grimheart and lashes forward, dealing cryo{AoE Cryo DMG} to opponents in front of her.<br>If Grimheart stacks are consumed, surrounding opponents will have their Physical RES and cryo{Cryo RES} decreased.<br>Each consumed stack of Grimheart will be converted into an Icewhirl Brand that deals cryo{Cryo DMG} to nearby opponents.</p><p><i>""So the waves roiled, swallowing the crown of the nobles. And ever after did each drop amidst the icy waves reflect a golden crown, each and every droplet of the spray shining with its light.""</i></p>"
talent_name;faruzan_the_winds_secret_ways;Тайные тропы ветров;The Wind's Secret Ways
talent_descr;faruzan_the_winds_secret_ways;<p>Фарузан стремительно развёртывает Ослепительный многогранник, который выпускает одну Штормовую волну и наносит anemo{Анемо урон по площади}.<br>Находясь на поле боя, Ослепительный многогранник непрерывно перемещается по треугольной траектории. Каждый раз, достигая вершин треугольной траектории, он выпускает одну Штормовую волну.</p><p>name{Штормовая волна}<br>· При активации Штормовая волна накладывает на противников поблизости Бич коварных ветров, который снижает их anemo{Анемо сопротивление}.<br>· Также Штормовая волна при активации накладывает на персонажей поблизости Дар молитвенного ветра, предоставляя им anemo{бонус Анемо урона}.</p><p><i>К неведомой мудрости, сокрытой в древних руинах, следует относиться с должным почтением.</i></p>;<p>Faruzan deploys a Dazzling Polyhedron that unleashes a Whirlwind Pulse and deals anemo{AoE Anemo DMG}.<br>While the Dazzling Polyhedron persists, it will continuously move along a triangular path. Once it reaches each corner of that triangular path, it will unleash 1 more Whirlwind Pulse.</p><p>name{Whirlwind Pulse}<br>·When the Whirlwind Pulse is unleashed, it will apply Perfidious Wind's Bale to nearby opponents, decreasing their anemo{Anemo RES}.<br>·The Whirlwind Pulse will also apply Prayerful Wind's Benefit to all nearby party members when it is unleashed, granting them an anemo{Anemo DMG Bonus}.</p><p><i>One must have respect for the unknown wisdom that one might find hidden in ancient ruins.</i></p>
talent_name;faruzan_parthian_shot;Парфянский выстрел;Parthian Shot
talent_descr;faruzan_parthian_shot;<p>name{Обычная атака:}<br>До четырёх выстрелов из лука.</p><p>name{Заряженная атака:}<br>Более меткий name{прицельный выстрел} с увеличенным уроном.<br>Во время прицеливания на наконечнике стрелы собирается могучий ветер. Полностью заряженная могучим ветром стрела наносит anemo{Анемо урон}.</p><p>name{Атака в падении:}<br>Выпускает град стрел в воздухе и стремительно падает на землю, атакуя всех врагов на пути. Приземлившись, наносит урон по площади.</p>;<p>name{Normal Attack}<br>Performs up to 4 consecutive shots with a bow.</p><p>name{Charged Attack}<br>Performs a more precise name{Aimed Shot} with increased DMG.<br>While aiming, mighty winds will accumulate on the arrowhead. A fully charged wind arrow will deal anemo{Anemo DMG}.</p><p>name{Plunging Attack}<br>Fires off a shower of arrows in mid-air before falling and striking the ground, hitting opponents along the path and dealing AoE DMG upon impact.</p>
talent_name;faruzan_wind_realm_of_nasamjnin;Царство ветров насамджнин;Wind Realm of Nasamjnin
talent_descr;faruzan_wind_realm_of_nasamjnin;<p>Фарузан вызывает многогранник, который наносит противникам поблизости anemo{Анемо урон по площади}, и переходит в состояние Проявления бури.<br>Во время действия Проявления бури следующий заряженный прицельный выстрел Фарузан расходует это состояние и превращается в стрелу урагана, которая несёт потоки высокого давления и наносит anemo{Анемо урон}, пропорциональный урону полностью заряженного прицельного Парфянского выстрела.</p><p>name{Обвал под давлением}<br>Стрела урагана накладывает на поражённого врага или персонажа Обвал под давлением. После небольшой задержки эффект исчезает и вызывает воронку, которая наносит anemo{Анемо урон по площади} и притягивает к себе предметы и противников поблизости. Если стрела урагана не попадёт в противников или персонажей, на поражённое ею место будет наложен Обвал под давлением.<br>Урон воронки считается уроном элементального навыка.</p><p><i>Ветра истины поддерживают искателей мудрости, разбивая стены предубеждений.</i></p>;"<p>Faruzan deploys a polyhedron that deals anemo{AoE Anemo DMG} to nearby opponents. She will also enter the Manifest Gale state.<br>While in the Manifest Gale state, Faruzan's next fully charged shot will consume this state and will become a Hurricane Arrow that contains high-pressure currents. This arrow deals anemo{Anemo DMG} based on the DMG of a fully charged Aimed Shot from ""Normal Attack: Parthian Shot.""</p><p>name{Pressurized Collapse}<br>The Hurricane Arrow will apply a Pressurized Collapse effect to the opponent or character hit. This effect will be removed after a short delay, creating a vortex that deals anemo{AoE Anemo DMG} and pulls nearby objects and opponents in. If the Hurricane Arrow does not hit any opponent or character, it will create a Pressurized Collapse effect at its point of impact.<br>The vortex DMG is considered Elemental Skill DMG.</p><p><i>The winds of truth buffet the spirits of those who seek truth, dispersing the miasma of preconception.</i></p>"
talent_name;fischl_midnight_phantasmagoria;Ночная иллюзия;Midnight Phantasmagoria
talent_descr;fischl_midnight_phantasmagoria;"<p>Приказывает ворону Озу расправить свои сумеречные крылья и встать на защиту Фишль.<br>Пока навык активен:<br>· Фишль принимает форму Оза, значительно увеличивающую её скорость передвижения;<br>· Обрушивает на ближайших врагов молнию, наносящую electro{Электро урон}. Каждый противник может получить только один удар молнией;<br>· После окончания навыка Оз остаётся на поле боя, продолжая атаковать врагов принцессы. Если Оз уже был на поле боя, этот навык сбрасывает длительность его присутствия.</p><p><i>«...среди полчищ демонов, что следуют за проклятой кровью, только Ночной принц, бывший свидетелем гибели тысячи миров, знает её истинное величие. Его расправленные крылья ночи - вечная клятва защищать её королевское высочество».</i><br><i>(Цветы для принцессы Фишль. Глава 1: Краткое изложение судного дня)</i></p>";"<p>Summons Oz to spread his twin wings of twilight and defend Fischl.<br>Has the following properties during the ability's duration:<br>·Fischl takes on Oz's form, greatly increasing her Movement Speed.<br>·Strikes nearby opponents with lightning, dealing electro{Electro DMG} to opponents she comes into contact with. Each opponent can only be struck once.<br>·Once this ability's effects end, Oz will remain on the battlefield and attack his Prinzessin's foes. If Oz is already on the field, then this will reset the duration of his presence.</p><p><i>""...In the hordes of beasts that follow the cursed blood, only Prince Nachtraben, who bore witness to the extinction of a thousand worlds, knows her true greatness. Thus the night wings he spreads are his eternal promise to protect Her Royal Highness.""</i><br><i>—Flowers for Princess Fischl (I): End Time Zersetzung</i></p>"
talent_name;fischl_bolts_of_downfall;Стрела возмездия;Bolts of Downfall
talent_descr;fischl_bolts_of_downfall;<p>name{Обычная атака:}<br>До пяти выстрелов из лука.</p><p>name{Заряженная атака:}<br>Более меткий name{прицельный выстрел} с увеличенным уроном.<br>Во время прицеливания наконечник стрелы заряжается тьмой Нирваны Ночи. Полностью заряженная тьмой стрела наносит огромный electro{Электро урон}.</p><p>name{Атака в падении:}<br>Выпускает град стрел в воздухе, которые при приземлении персонажа наносят урон по площади.</p>;<p>name{Normal Attack}<br>Performs up to 5 consecutive shots with a bow.</p><p>name{Charged Attack}<br>Performs a more precise name{Aimed Shot} with increased DMG.<br>While aiming, the dark lightning spirits of Immernachtreich shall heed the call of their Prinzessin and indwell the enchanted arrowhead. When fully indwelt, the Rachsüchtig Blitz shall deal immense electro{Electro DMG}.</p><p>name{Plunging Attack}<br>Fires off a shower of arrows in mid-air before falling and striking the ground, dealing AoE DMG upon impact.</p>
talent_name;fischl_nightrider;Тень расправленных крыльев;Nightrider
talent_descr;fischl_nightrider;<p>Призывает Оза. Ночной ворон, сотканный из тьмы и молнии, спускается на землю и наносит electro{Электро урон} в небольшом радиусе.<br>Пока навык активен, Оз будет атаковать ближайших врагов electro{Электро снарядами}.</p><p>Удерживайте, чтобы указать место, куда будет призван Оз.<br>Пока навык активен, нажмите снова, чтобы подозвать его к Фишль.</p><p><i>«- Я не собираюсь тратить своё драгоценное время на таких, как ты... Оз, обрушь же на них карающую молнию! Пусть она осветит вечную ночь!»</i> <i>(Цветы для принцессы Фишль. Глава 4: Прощание с Владычицей Мира)</i></p>;"<p>Summons Oz. The night raven forged of darkness and lightning descends upon the land, dealing electro{Electro DMG} in a small AoE.<br>For the ability's duration, Oz will continuously attack nearby opponents with electro{Freikugel}.</p><p>Hold to adjust the location Oz will be summoned to.<br>Press again any time during the ability's duration to once again summon him to Fischl's side.</p><p><i>""My time is most precious, and I shall not waste it on the likes of you... Go, Oz, fall upon them, and bring down upon them your Rachsüchtig Blitz, that which tears open the long night.""</i><br><i>—Flowers for Princess Fischl (IV): Farewell Frau Welt</i></p>"
talent_name;flins_cometh_the_night;Древний ритуал: Наступает ночь;Ancient Ritual: Cometh the Night
talent_descr;flins_cometh_the_night;<p>Флинс высвобождает истинную силу своего фонаря, наносит electro{Электро урон по площади} и через короткий промежуток времени наносит 2 промежуточных и 1 финальный этап electro{Электро урона по площади}, который считается уроном реакции Лунный заряд.<br>name{Лунное знамение - Высшее сияние}: навык получает усиление - если поблизости есть грозовые тучи, Флинс наносит 2 дополнительных промежуточных этапа electro{Электро урона по площади}, который считается уроном реакции Лунный заряд.</p><p>На 6 сек. после применения особого элементального навыка name{Шторм северных копий} взрыв стихии Флинса name{Древний ритуал: Наступает ночь} сменяется на особый взрыв стихии name{Громогласная симфония}.</p><p>name{Громогласная симфония}<br>Особый взрыв стихии расходует меньше энергии. Флинс 1 раз наносит electro{Электро урон по площади}, который считается уроном реакции Лунный заряд.<br>name{Лунное знамение - Высшее сияние}: навык получает усиление - если поблизости есть грозовые тучи, Флинс 1 дополнительный раз наносит electro{Электро урон по площади}, который считается уроном реакции Лунный заряд.</p>;<p>Flins unleashes the true power of his lamp, dealing electro{AoE Electro DMG} and, after a short delay, dealing 2 instances of middle-phase and 1 instance of final-phase electro{AoE Electro DMG}, all of which are considered Lunar-Charged DMG.<br>name{Moonsign: Ascendant Gleam}: Flins's Skill is enhanced: If there are thunderclouds nearby, Flins will deal an additional 2 instances of middle-phase Lunar-Charged electro{AoE Electro DMG}.</p><p>After using the special Elemental Skill name{Northland Spearstorm}, Flins's Elemental Burst name{Ancient Ritual: Cometh the Night} will be replaced with the special Elemental Burst name{Thunderous Symphony} for the next 6s.</p><p>name{Thunderous Symphony}<br>Consume less Elemental Energy to unleash a special Elemental Burst. Flins deals a single instance of electro{AoE Electro DMG} that is considered Lunar-Charged DMG.<br>name{Moonsign: Ascendant Gleam}: Flins's Skill is enhanced: If there are thunderclouds nearby, Flins will deal an additional instance of Lunar-Charged electro{AoE Electro DMG}.</p>
talent_name;flins_pocztowy_demonspear;Демоническое копьё;Pocztowy Demonspear
talent_descr;flins_pocztowy_demonspear;<p>name{Обычная атака:}<br>До пяти последовательных ударов копьём.</p><p>name{Заряженная атака:}<br>Тратит определённое количество выносливости и бросает копьё вперёд.</p><p>name{Атака в падении:}<br>Стремительно падает на землю, атакуя всех врагов на пути. Приземлившись, наносит урон по площади.</p>;<p>name{Normal Attack}<br>Performs up to 5 consecutive spear strikes.</p><p>name{Charged Attack}<br>Consumes a certain amount of Stamina to perform a forward spear throw.</p><p>name{Plunging Attack}<br>Plunges from mid-air to strike the ground below, damaging opponents along the path and dealing AoE DMG upon impact.</p>
talent_name;flins_arcane_light;Древний обряд: Тайный свет;Ancient Rite: Arcane Light
talent_descr;flins_arcane_light;<p>Флинс призывает древнюю силу, заключённую в его фонаре, и переходит в режим name{Явления пламени}. У этого режима следующие особенности:<br>· Обычная и заряженная атаки Флинса наносят electro{Электро урон}, который не может быть отменён другими инфузиями. Он не может выполнять атаки в падении.<br>· Сопротивление прерыванию Флинса повышается.<br>· Элементальный навык name{Древний обряд: Тайный свет} сменяется на особый элементальный навык name{Шторм северных копий}.</p><p>name{Шторм северных копий}<br>Флинс призывает град копий перед собой, нанося electro{Электро урон по площади} и на последующие 6 сек. заменяя взрыв стихии name{Древний ритуал: Наступает ночь} на особый взрыв стихии skill{n11200001:Громогласная симфония}.<br>Базовый откат name{Шторма северных копий} составляет 6 сек. и не подвергается влиянию других эффектов.</p>;<p>Flins summons forth the ancient power concealed within his lamp and switches to his name{Manifest Flame} form. This form has the following characteristics:<br>· Flins's Normal and Charged Attacks deal electro{Electro DMG} that cannot be overridden by other Elemental infusions, and he is unable to perform Plunging Attacks.<br>· His interruption resistance is increased.<br>· His Elemental Skill name{Ancient Rite: Arcane Light} is replaced with the special Elemental Skill name{Northland Spearstorm}.</p><p>name{Northland Spearstorm}<br>Flins summons a flurry of spears in front, dealing electro{AoE Electro DMG} and causing his Elemental Burst name{Ancient Ritual: Cometh the Night} to be replaced with the special Elemental Burst skill{n11200001:Thunderous Symphony} for the next 6s.<br>The base CD of name{Northland Spearstorm} is 6s and will not be affected by other effects.</p>
talent_name;n11190007;Возвышение;Elevation
talent_descr;n11190007;<p>Особый эффект повышения урона. Он рассчитывается отдельно от других эффектов повышения урона.</p>;<p>Special DMG Boost effect. It is calculated independently of other DMG Boost effects.</p>
talent_name;n11200001;Громогласная симфония;Thunderous Symphony
talent_descr;n11200001;<p>На активацию особого взрыва стихии расходуется меньше энергии. Флинс наносит однократный electro{Электро урон по площади}, который считается уроном реакции Лунный заряд.<br>name{Лунное знамение - Высшее сияние}: если поблизости есть грозовые тучи, Флинс дополнительно наносит однократный electro{Электро урон по площади}, который считается уроном реакции Лунный заряд.</p>;<p>Consume less Elemental Energy to unleash a special Elemental Burst. Flins deals a single instance of electro{AoE Electro DMG}. This DMG is considered Lunar-Charged DMG.<br>name{Moonsign: Ascendant Gleam}: If there are thunderclouds nearby, Flins will deal 1 additional instance of electro{AoE Electro DMG}. This DMG is considered Lunar-Charged DMG.</p>
talent_name;freminet_shadowhunters_ambush;Засада теневого охотника;Shadowhunter's Ambush
talent_descr;freminet_shadowhunters_ambush;<p>Выпускает волну холода, к которому невозможно прикоснуться, нанося cryo{Крио урон по площади}, сбрасывая откат элементального навыка Давление дрейфующего льда и на 10 сек. переводя Фремине в режим Подводной охоты.</p><p>В режиме Подводной охоты сопротивление прерыванию Фремине повышается, а Давление дрейфующего льда получает следующие усиления:<br>· Время отката сокращается на 70%.<br>· Обычные атаки дают Таймеру Пера 1 дополнительный уровень давления, а волны мороза обычных атак наносят 200% от их исходного урона.</p><p>Этот эффект перестаёт действовать, когда Фремине покидает поле боя.</p><p><i>«Теперь... мне лишний шум ни к чему».</i></p>;"<p>Unleashes a wave of untouchable cold, dealing cryo{AoE Cryo DMG}, resetting the CD of the Elemental Skill ""Pressurized Floe,"" and causing Freminet to enter the Subnautical Hunter mode for 10s.</p><p>While in Subnautical Hunter mode, Freminet's resistance to interruption will increase, and his Elemental Skill ""Pressurized Floe"" will obtain the following buffs:<br>·CD is decreased by 70%.<br>·Normal Attacks will increase the Pers Timer by 1 additional Pressure Level, and the frost released by his Normal Attacks deal 200% of their original DMG.</p><p>These effects will be canceled when Freminet leaves the field.</p><p><i>""Now... I have no need of any extraneous noise.""</i></p>"
talent_name;freminet_flowing_eddies;Меч водоворотов;Flowing Eddies
talent_descr;freminet_flowing_eddies;<p>name{Обычная атака:}<br>До четырёх ударов.</p><p>name{Заряженная атака:}<br>Вращающаяся атака по окружающим врагам, на которую непрерывно тратится выносливость.<br>После вращения проводит дополнительную мощную атаку мечом.</p><p>name{Атака в падении:}<br>Стремительно падает на землю, атакуя всех врагов на пути. Приземлившись, наносит урон по площади.</p>;<p>name{Normal Attack}<br>Performs up to 4 consecutive strikes.</p><p>name{Charged Attack}<br>Drains Stamina over time to perform continuous spinning attacks against all nearby opponents.<br>At the end of the sequence, performs a more powerful slash. </p><p>name{Plunging Attack}<br>Plunges from mid-air to strike the ground below, damaging opponents along the path and dealing AoE DMG upon impact.</p>
talent_name;freminet_pressurized_floe;Давление дрейфующего льда;Pressurized Floe
talent_descr;freminet_pressurized_floe;<p>Фремине атакует восходящим ударом, нанося cryo{Крио урон}, и на 10 сек. переходит в состояние Таймера Пера.<br>В этом состоянии его элементальный навык превращается в Дробящее давление.</p><p>name{Дробящее давление}<br>В зависимости от уровня давления Таймера Пера производит различные атаки, после чего состояние завершается:<br>· Уровень 0: вертикальным взмахом наносит cryo{Крио урон}.<br>· Уровни 1-3: выполняет вертикальный взмах вместе с Пером, нанося cryo{Крио урон} и физический урон. Наносимый урон зависит от уровня давления.<br>· Уровень 4: заимствуя силу Пера под максимальным давлением, наносит физ. урон. При этом обычная атака Меч водоворотов сменяется на Дробящее давление.</p><p>name{Таймер Пера}<br>Вместе с обычными атаками Фремине выпускает волны мороза, которые наносят cryo{Крио урон} и повышают уровень давления Таймера Пера.<br>Наносимый при этом cryo{Крио урон} считается уроном элементального навыка.</p><p>name{Архэ: Пневма}<br>С некоторым интервалом, после выполнения восходящего удара создаётся Игла дыхания душ и наносит cryo{Крио урон} пневмы в форме ещё одного удара вверх.</p><p><i>Обездвижить противника, не лишив его жизни, - одна из стратегий выживания.</i><br><i>«Пер... Остальное поручаю тебе».</i></p>;"<p>Performs an upward thrust that deals cryo{Cryo DMG} and causes Freminet to enter Pers Timer for 10s.<br>While Pers Timer is active, his Elemental Skill will turn into Shattering Pressure.</p><p>name{Shattering Pressure}<br>Executes different sorts of attacks based on the Pressure Level of Pers Timer, and then cancels Pers Timer.<br>·Level 0: Unleashes a vertical cut, dealing cryo{Cryo DMG}.<br>·Levels 1 to 3: Unleashes a vertical cut alongside Pers, dealing cryo{Cryo DMG} and Physical DMG. DMG dealt scales based on Pressure Level.<br>·Level 4: Borrows the power of a fully-pressurized Pers to deal Physical DMG. Meanwhile, Normal Attack: Flowing Eddies will be replaced by Shattering Pressure.</p><p>name{Pers Timer}<br>When Freminet uses Normal Attacks, he will also unleash waves of frost that deal cryo{Cryo DMG} and increase Pers's Pressure Level.<br>The accompanying cryo{Cryo DMG} dealt this way is considered Elemental Skill DMG.</p><p>name{Arkhe: Pneuma}<br>At certain intervals, after using the upward thrust, a Spiritbreath Thorn in the form of another upward thrust will be created, dealing Pneuma-aligned cryo{Cryo DMG}.</p><p><i>To immobilize one's opponent without taking their life can also be considered something of a ""survival"" strategy that one may choose.</i><br><i>""Pers... I leave the rest to you.""</i></p>"
talent_name;furina_let_the_people_rejoice;Да возрадуются люди;Let the People Rejoice
talent_descr;furina_let_the_people_rejoice;<p>Пробуждается импульс к веселью, который создаёт сцену из пены и наносит hydro{Гидро урон по площади} пропорционально макс. HP Фурины и переводит членов отряда поблизости в состояние Всемирного веселья: во время действия состояния, когда у персонажей поблизости увеличивается или уменьшается текущее HP, Фурина получает 1 ед. фанфар за каждый 1% изменения HP персонажа в процентах от его макс. HP.<br>В то же время увеличивается наносимый урон и бонус получаемого лечения всех окружающих членов отряда в зависимости от количества фанфар.<br>Когда время действия истекает, фанфары Фурины сбрасываются.</p><p><i>«Ура! Возрадуемся! Поднимем бокалы! Каждая ночь, лишённая застолья, - это гнусная растрата трезвого дня... А тем, кто ещё не достиг совершеннолетия, можно пить виноградный сок!»</i></p>;"<p>Rouses the impulse to revel, creating a stage of foam that will deal hydro{AoE Hydro DMG} based on Furina's Max HP and cause nearby party members to enter the Universal Revelry state: During this time, when nearby party members' HP increases or decreases, 1 Fanfare point will be granted to Furina for each percentage point of their Max HP by which their HP changes.<br>At the same time, Furina will increase the DMG dealt by and Incoming Healing Bonus of all nearby party members based on the amount of Fanfare she has.<br>When the duration ends, Furina's Fanfare points will be cleared.</p><p><i>""Cheer! Give praise! Be awed! Raise your glasses! Every night bereft of banqueting is a sordid squandering of sore, sober daylight... And, uh, those who are not yet of age may have grape juice instead!""</i></p>"
talent_name;furina_soloists_solicitation;Приглашение на одиночный танец;Soloist's Solicitation
talent_descr;furina_soloists_solicitation;<p>name{Обычная атака:}<br>Выполняет до четырёх последовательных ударов.</p><p>name{Заряженная атака:}<br>Тратит определённое количество выносливости и начинает одиночный танец, который наносит физ. урон противникам поблизости и меняет вид архэ. Если на поле боя есть участники салона или Певец Потоков, вызванные её элементальным навыком Салон одиноких сердец, то они сменяются на другой тип гостей.</p><p>name{Архэ: Священные и мирские места}<br>С некоторым интервалом, когда обычная атака Фурины попадает по противнику, на его месте, в зависимости от вида архэ Фурины, появляется Игла дыхания душ или Клинок бурных вод, которые наносят соответственно hydro{Гидро урон} пневмы или усии.<br>Когда Фурина выходит на поле боя, у неё архэ усии.</p><p>name{Атака в падении}:<br>Стремительно падает на землю, атакуя всех врагов на пути. Приземлившись, наносит урон по площади.</p>;"<p>name{Normal Attack}<br>Performs up to 4 consecutive strikes.</p><p>name{Charged Attack}<br>Consumes a certain amount of Stamina to unleash a solo dance, dealing Physical DMG to nearby opponents and changing her Arkhe alignment. If Salon Members or the Singer of Many Waters summoned by her Elemental Skill ""Salon Solitaire"" is present, their lineup will switch in response.</p><p>name{Arkhe: Seats Sacred and Secular}<br>At intervals, when Furina's Normal Attacks hit, a Spiritbreath Thorn or a Surging Blade will descend based on her current Arkhe alignment, dealing Pneuma- or Ousia-aligned hydro{Hydro DMG}.<br>When Furina takes the field, her starting Arkhe alignment will be Ousia.</p><p>name{Plunging Attack}<br>Plunges from mid-air to strike the ground below, damaging opponents along the path and dealing AoE DMG upon impact.</p>"
talent_name;furina_salon_solitaire;Салон одиноких сердец;Salon Solitaire
talent_descr;furina_salon_solitaire;<p>Приглашает гостей «Салона одиноких сердец» поучаствовать в выступлении Фурины. Призывает либо участников салона, либо Певца Потоков в зависимости от текущего name{типа архэ} Фурины.</p><p>name{Усия}<br>Кружащиеся в вихре танца пузырьки наносят hydro{Гидро урон по площади} пропорционально макс. HP Фурины и призывают трёх участников салона: Месье Уше в образе шаровидного осьминога, Управляющую Шевальмарин в образе конька-пузырька и Мадемуазель Крабалетту в образе бронекраба.<br>Они атакуют ближайших противников через определенные промежутки времени с приоритетом на цель активного персонажа, нанося hydro{Гидро урон} пропорционально макс. HP.<br>Если поблизости есть персонажи с уровнем HP выше 50%, участники салона при атаке используют HP этих персонажей, чтобы увеличить свою силу атаки в зависимости от количества персонажей, «одолживших» HP. Если персонажей - доноров HP 1/2/3/4 (или более), наносимый участниками салона урон составляет 110%/120%/130%/140% от их изначального урона.</p><p>name{Пневма}<br>Вызывает Певца Потоков, который с определенными интервалами исцеляет ближайших активных персонажей пропорционально макс. HP.</p><p>Участники салона и Певец Потоков имеют общую длительность. Когда Фурина использует заряженную атаку, чтобы изменить тип гостей, новые гости наследуют длительность предыдущих.<br>Во время существования участников салона или Певца Потока Фурина может передвигаться по воде.</p><p><i>В «Салоне одиноких сердец» Фурины есть круг постоянных посетителей. Порой там бывают Месье Уше, Управляющая Шевальмарин и Мадемуазель Крабалетта, а по мрачным средам заходит Певец.</i></p>;<p>Invites the guests of the Salon Solitaire to come forth and aid in Furina's performance. Will summon either the Salon Members or the Singer of Many Waters based on Furina's current name{Arkhe alignment}.</p><p>name{Ousia}<br>Foaming bubbles like celebrants shall dance, dealing hydro{AoE Hydro DMG} based on Furina's Max HP and summoning 3 Salon Members: the Ball Octopus-shaped Gentilhomme Usher, the Bubbly Seahorse-shaped Surintendante Chevalmarin, and the Armored Crab-shaped Mademoiselle Crabaletta.<br>They will attack nearby opponents at intervals, prioritizing the target of the active character, dealing hydro{Hydro} DMG based on Max HP.<br>When they attack, if character(s) with more than 50% HP are nearby, the Members will increase their current attack's power based on the number of such characters, and consume said characters' HP. If 1/2/3/4 (or more) characters meet these requirements, the Members' attacks will deal 110%/120%/130%/140% of their original DMG.</p><p>name{Pneuma}<br>Summons the Singer of Many Waters, who will heal nearby active character(s) based on Max HP at intervals.</p><p>The Salon Members and Singer of Many Waters share a duration, and when Furina uses her Charged Attack to change the guest type, the new guests will inherit the remaining duration.<br>While the Salon Members or the Singer of Many Waters is on the field, Furina can move on the water's surface.</p><p><i>A fixed roster of regulars frequent Furina's Salon Solitaire. At other times, Mademoiselle Crabaletta, Surintendante Chevalmarin, and Gentilhomme Usher shall visit, and on gloomy Wednesdays, it is the singer who comes by.</i></p>
talent_name;gaming_suannis_gilded_dance;Золотой танец суаньни;Suanni's Gilded Dance
talent_descr;gaming_suannis_gilded_dance;<p>Ка Мин принимает стойку Ушоу, кратковременно приобретает pyro{эффект Пиро}, восстанавливает себе определённое количество HP и призывает надёжного компаньона, суаньни Ман Чая, который врезается в цель и наносит pyro{Пиро урон по площади}.<br>После удара по цели Ман Чай перекатывается в сторону, затем направляется к Ка Мину. Воссоединившись с Ка Мином, Ман Чай покидает поле боя и сбрасывает откат элементального навыка Восхождение благовещего зверя Ка Мина.<br>Когда Ка Мин находится в стойке Ушоу, его сопротивление прерыванию увеличивается, а если HP Ка Мина выше 50%, приземление атаки в падении: Ступающий по облакам или завершение рывка вперёд Восхождения благовещего зверя призывает Ман Чая ещё раз.<br>Одновременно может существовать только 1 призванный самим Ка Мином Ман Чай.<br>Эффект исчезает, когда Ка Мин покидает поле боя.</p><p><i>«Златой зверь, вестник счастья, несёт море огней и процветание! Это и есть жизнь в изобилии!»</i></p>;"<p>Gaming enters Wushou Stance, briefly applying pyro{Pyro} to him, recovering a fixed amount of HP, and summons his companion, the Suanni Man Chai, to smash into his target, dealing pyro{AoE Pyro DMG}.<br>After bashing its target, Man Chai will roll to a nearby location before moving towards Gaming. When it links up with Gaming, Man Chai will leave the field and reset the CD for Gaming's Elemental Skill, Bestial Ascent.<br>While Wushou Stance is active, his resistance to interruption is increased, and when Gaming lands with Charmed Cloudstrider attack or completes the forward pounce attack from Bestial Ascent with over 50% HP, he will summon Man Chai again.<br>Each Gaming can only have 1 Man Chai on the field simultaneously.<br>This effect will be canceled once Gaming leaves the field.</p><p><i>""The gilded Suanni spits out fortune like a fireworks show! Hey, now that's what's called prosperity, when business is really 'booming'!""</i></p>"
talent_name;gaming_stellar_rend;Разорванные когтями звёзды;Stellar Rend
talent_descr;gaming_stellar_rend;<p>name{Обычная атака:}<br>До четырёх быстрых ударов.</p><p>name{Заряженная атака:}<br>Вращающаяся атака по окружающим врагам, на которую непрерывно тратится выносливость.<br>После вращения проводит дополнительную мощную рубящую атаку.</p><p>name{Атака в падении:}<br>Стремительно падает на землю, атакуя всех врагов на пути. Приземлившись, наносит урон по площади.</p>;<p>name{Normal Attack}<br>Performs up to 4 consecutive strikes.</p><p>name{Charged Attack}<br>Drains Stamina over time to perform continuous spinning attacks against all nearby opponents.<br>At the end of the sequence, performs a more powerful slash. </p><p>name{Plunging Attack}<br>Plunges from mid-air to strike the ground below, damaging opponents along the path and dealing AoE DMG upon impact.</p>
talent_name;gaming_bestial_ascent;Восхождение благовещего зверя;Bestial Ascent
talent_descr;gaming_bestial_ascent;<p>Выполняет рывок вперёд, используя искусство Ушоу, а после контакта с целью или поверхностью подпрыгивает высоко в воздух.<br>Если Ка Мин, поднявшись с помощью Восхождения благовещего зверя в воздух, мгновенно выполняет атаку в падении, она значительно усиливается, становясь атакой в падении: Ступающий по облакам.</p><p>name{Атака в падении: Ступающий по облакам}<br>Урон атаки в падении Восхождения благовещего зверя конвертируется в pyro{Пиро урон}, который не может быть отменён другими инфузиями. Приземлившись, Ка Мин расходует определённое количество HP. Этот эффект не может опустить HP Ка Мина ниже 10% от его макс. HP.<br>Урон Ступающего по облакам считается уроном атаки в падении.</p><p><i>«Благой зверь скачет и щиплет травы - значит, счастье уже на пороге. Пусть здоровье и богатство придут к нам, а жизнь станет краше!»</i></p>;"<p>Pounces forward using the Wushou arts, leaping high into the air after coming into contact with a target or surface.<br>After Gaming has used Bestial Ascent to rise into the air, if he immediately uses a Plunging Attack, he will use the especially powerful Plunging Attack: Charmed Cloudstrider instead.</p><p>name{Plunging Attack: Charmed Cloudstrider}<br>The DMG from Plunging Attacks caused by Bestial Ascent is converted to pyro{Pyro DMG} that cannot be overridden by other elemental infusions. Upon landing, Gaming will consume a fixed amount of HP. Gaming's HP cannot be reduced below 10% by this method.<br>Charmed Cloudstrider DMG is considered Plunging Attack DMG.</p><p><i>""Auspicious beasts leap high to pluck the greens — that symbolizes good fortune and knowing how to make some serious green, y'know — so may we all rise to new heights, one step at a time!""</i></p>"
talent_name;ganyu_celestial_shower;Небесный дождь;Celestial Shower
talent_descr;ganyu_celestial_shower;<p>Собирает из воздуха иней для того, чтобы призвать Священную Крио жемчужину, изгоняющую зло.<br>Пока навык активен, Священная Крио жемчужина непрерывно обрушивает на врагов в области осколки льда, нанося cryo{Крио урон}.</p><p><i>Гань Юй может создать для вас сладкий дождь, но для демонов и еретиков он превращается в горький морозящий снег.</i></p>;<p>Coalesces atmospheric frost and snow to summon a Sacred Cryo Pearl that exorcises evil.<br>During its ability duration, the Sacred Cryo Pearl will continuously rain down shards of ice, striking opponents within an AoE and dealing cryo{Cryo DMG}.</p><p><i>Ganyu can bring down sweet rains as a matter of course. But against demons and heretics, they become bitter, freezing snow.</i></p>
talent_name;ganyu_liutian_archery;Небесная стрела;Liutian Archery
talent_descr;ganyu_liutian_archery;"<p>name{Обычная атака:}<br>До шести выстрелов из лука.</p><p>name{Заряженная атака:}<br>Более меткий name{прицельный выстрел} с увеличенным уроном.<br>Во время прицеливания наконечник стрелы заряжается ледяной аурой. Эффект зависит от длительности заряда стрелы:<br>· Уровень заряда 1: Выпускает ледяную стрелу, наносящую cryo{Крио урон};<br>· Уровень заряда 2: Выпускает стрелу-снежинку, наносящую cryo{Крио урон}. При попадании стрела-снежинка расцветает и наносит cryo{Крио урон по площади}.</p><p>name{Атака в падении:}<br>Выпускает град стрел в воздухе, которые при приземлении персонажа наносят урон по площади.</p>";<p>name{Normal Attack}<br>Performs up to 6 consecutive shots with a bow.</p><p>name{Charged Attack}<br>Performs a more precise name{Aimed Shot} with increased DMG.<br>While aiming, an icy aura will accumulate on the arrowhead before the arrow is fired. Has different effects based on how long the energy has been charged:<br>·Charge Level 1: Fires off an icy arrow that deals cryo{Cryo DMG}.<br>·Charge Level 2: Fires off a Frostflake Arrow that deals cryo{Cryo DMG}. The Frostflake Arrow blooms after hitting its target, dealing cryo{AoE Cryo DMG}.</p><p>name{Plunging Attack}<br>Fires off a shower of arrows in mid-air before falling and striking the ground, dealing AoE DMG upon impact.</p>
talent_name;ganyu_trail_of_the_qilin;След цилиня;Trail of the Qilin
talent_descr;ganyu_trail_of_the_qilin;"<p>Гань Юй отпрыгивает назад, оставив перед собой Ледяной лотос, который наносит cryo{Крио урон по площади}.</p><p>name{Ледяной лотос:}<br>· Привлекает атаки врагов на себя;<br>· Макс. HP Ледяного лотоса зависит от макс. HP Гань Юй;<br>· Если Ледяной лотос уничтожен, либо его время заканчивается, он распускается, нанося cryo{Крио урон по площади}.</p><p><i>«Говоришь, видел меня? Должно быть, ты ошибся. В тот вечер я задержалась на работе».</i></p>";"<p>Leaving a single Ice Lotus behind, Ganyu dashes backward, shunning all impurity and dealing cryo{AoE Cryo DMG}.</p><p>name{Ice Lotus}<br>·Continuously taunts surrounding opponents, attracting them to attack it.<br>·Endurance scales based on Ganyu's Max HP.<br>·Blooms profusely when destroyed or once its duration ends, dealing cryo{AoE Cryo DMG}.</p><p><i>""You saw me, you say? You must be mistaken. I was working overtime then.""</i></p>"
talent_name;gorou_forward_unto_victory;Дзюга: Вперёд к победе;Juuga: Forward Unto Victory
talent_descr;gorou_forward_unto_victory;<p>Демонстрируя свой талант полководца, Горо наносит geo{Гео урон по площади} и создаёт область Влияния генерала для поддержки соратников.</p><p>name{Влияние генерала}<br>Обладает следующими свойствами:<br>· Даёт те же эффекты, что элементальный навык «Всесторонняя защита Инудзаки», в зависимости от количества geo{Гео} персонажей в отряде на момент запуска. Область перемещается вместе с активным персонажем.<br>· Каждые 1,5 сек. запускает Кристальный обвал, нанося geo{Гео урон по площади}.<br>· Каждые 1,5 сек. 1 элементальный осколок, созданный реакцией Кристалл притягивается к активному персонажу.</p><p>Если при запуске Влияния генерала на поле есть установленный самим Горо Боевой штандарт генерала, штандарт исчезает. Если Горо запускает элементальный навык Всесторонняя защита Инудзаки во время действия Влияния генерала, Боевой штандарт не создаётся.<br>Собственный эффект Влияния генерала Горо исчезает, если Горо повержен.</p><p><i>«Преимущество у нас!» - чтобы одержать победу, Горо может в некоторой степени изменять рельеф поля боя. Благодаря этому он выстоял во множестве битв против превосходящих сил противника.</i></p>;"<p>Displaying his valor as a general, Gorou deals geo{AoE Geo DMG} and creates a field known as General's Glory to embolden his comrades.</p><p>name{General's Glory}<br>This field has the following properties:<br>· Like the General's War Banner created by Inuzaka All-Round Defense, provides buffs to active characters within the skill's AoE based on the number of geo{Geo} characters in the party. Also moves together with your active character.<br>· Generates 1 Crystal Collapse every 1.5s that deals geo{AoE Geo DMG} to 1 opponent within the skill's AoE.<br>· Pulls 1 elemental shard in the skill's AoE to your active character's position every 1.5s (elemental shards are created by Crystallize reactions).</p><p>If a General's War Banner created by Gorou currently exists on the field when this ability is used, it will be destroyed. In addition, for the duration of General's Glory, Gorou's Elemental Skill ""Inuzaka All-Round Defense"" will not create the General's War Banner.<br> If Gorou falls, the effects of General's Glory will be cleared.</p><p><i>""We have the high ground!"" Gorou can ever so slightly change the terrain of the battlefield to help win victory. This technique has seen him through many battles against seemingly superior opposition.</i></p>"
talent_name;gorou_ripping_fang_fletching;Клыкастое оперение;Ripping Fang Fletching
talent_descr;gorou_ripping_fang_fletching;<p>name{Обычная атака}<br>До четырёх выстрелов из лука.</p><p>name{Заряженная атака}<br>Более меткий name{прицельный выстрел} с увеличенным уроном.<br>Во время прицеливания стрела накапливает энергию земли. Полностью заряженная энергией земли стрела наносит geo{Гео урон}.</p><p>name{Атака в падении}<br>Выпускает град стрел, которые при приземлении персонажа наносят урон по площади.</p>;<p>name{Normal Attack}<br>Performs up to 4 consecutive shots with a bow.</p><p>name{Charged Attack}<br>Performs a more precise name{Aimed Shot} with increased DMG.<br>While aiming, stone crystals will accumulate on the arrowhead. A fully charged crystalline arrow will deal geo{Geo DMG}.</p><p>name{Plunging Attack}<br>Fires off a shower of arrows in mid-air before falling and striking the ground, dealing AoE DMG upon impact.</p>
talent_name;gorou_inuzaka_all_round_defense;Всесторонняя защита Инудзаки;Inuzaka All-Round Defense
talent_descr;gorou_inuzaka_all_round_defense;<p>Наносит geo{Гео урон по площади} и устанавливает Боевой штандарт генерала.</p><p>name{Боевой штандарт генерала}<br>Даёт усиления активному персонажу в области действия штандарта в зависимости от числа персонажей geo{Гео} в отряде:<br>· Если в отряде есть один персонаж Гео, даётся эффект Стойкость, увеличивающий защиту.<br>· При наличии двух персонажей Гео в отряде действует Крепость: к эффекту Стойкости добавляется сопротивление прерыванию.<br>· Три персонажа Гео в отряде дают эффект Ярость: к прошлым эффектам прибавляется geo{бонус Гео урона}.</p><p>Горо не может установить больше одного своего Боевого штандарта генерала на поле боя одновременно. Персонажи могут одновременно использовать эффекты только одного Боевого штандарта генерала. Эффект области действует в течение 2 сек. после выхода из области.</p><p>name{Долгое нажатие}<br>Используется для выбора места действия навыка.</p><p><i>«Займите места в этом построении, и мы будем в безопасности - я гарантирую это!» - как генерал и настоящий лидер Горо меньше всего хочет, чтобы те, кто следует за ним, пострадали.</i></p>;"<p>Deals geo{AoE Geo DMG} and sets up a General's War Banner.</p><p>name{General's War Banner}<br>Provides up to 3 buffs to active characters within the skill's AoE based on the number of geo{Geo} characters in the party at the time of casting:<br>· 1 Geo character: Adds ""Standing Firm"" - DEF Bonus.<br>· 2 Geo characters: Adds ""Impregnable"" - Increased resistance to interruption.<br>· 3 Geo characters: Adds ""Crunch"" - geo{Geo DMG Bonus}.</p><p>Gorou can deploy only 1 General's War Banner on the field at any one time. Characters can only benefit from 1 General's War Banner at a time. When a party member leaves the field, the active buff will last for 2s.</p><p>name{Hold}<br>Adjust the location of the skill.</p><p><i>""Take up this formation and we'll be safe — I guarantee it!"" As a general and a leader of troops, the last thing Gorou wants is to see is those who follow him getting hurt.</i></p>"
talent_name;hu_tao_spirit_soother;Упокоение духов;Spirit Soother
talent_descr;hu_tao_spirit_soother;<p>Приказывает пылающему духу атаковать, нанося pyro{Пиро урон} по большой площади.<br>При попадании по врагу восстанавливает некоторый процент макс. HP Ху Тао. Этот эффект может активироваться до 5 раз, в зависимости от количества задетых противников.<br>Если HP Ху Тао равно или ниже 50% в момент попадания по противнику, наносимый урон и количество восстановленного HP увеличиваются.</p><p><i>Сверхъестественная активность тех, кто уже покинул этот мир, является источником больших переживаний в похоронном бюро «Ваншэн». В подобных случаях кремация всегда помогает Ху Тао обрести душевный покой. Чем больше она тревожится, тем сильнее пламя.</i></p>;<p>Commands a blazing spirit to attack, dealing pyro{Pyro DMG} in a large AoE.<br>Upon striking the enemy, regenerates a percentage of Hu Tao's Max HP. This effect can be triggered up to 5 times, based on the number of enemies hit.<br>If Hu Tao's HP is below or equal to 50% when the enemy is hit, both the DMG and HP Regeneration are increased.</p><p><i>Supernatural activity by those who have already left this world is a source of great anxiety for the Wangsheng Funeral Parlor. In such cases, cremation always lets Hu Tao find peace of mind. The more anxious she feels, the stronger the flame.</i></p>
talent_name;hu_tao_secret_spear_of_wangsheng;Скрытое копьё «Ваншэн»;Secret Spear of Wangsheng
talent_descr;hu_tao_secret_spear_of_wangsheng;<p>name{Обычная атака:}<br>До шести ударов копьём.</p><p>name{Заряженная атака:}<br>Выпад, наносящий урон противникам на пути, на который тратится определённое количество выносливости.</p><p>name{Атака в падении:}<br>Стремительно падает на землю, атакуя всех врагов на пути. Приземлившись, наносит урон по площади.</p>;<p>name{Normal Attack}<br>Performs up to 6 consecutive spear strikes.</p><p>name{Charged Attack}<br>Consumes a certain amount of Stamina to lunge forward, dealing damage to opponents along the way.</p><p>name{Plunging Attack}<br>Plunges from mid-air to strike the ground below, damaging opponents along the path and dealing AoE DMG upon impact.</p>
talent_name;hu_tao_guide_to_afterlife;Путеводитель по загробной жизни;Guide to Afterlife
talent_descr;hu_tao_guide_to_afterlife;<p>Лишь непоколебимое пламя может очистить этот мир.<br>Ху Тао потребляет определённое количество HP, откидывает окружающих её противников и входит в состояние Танец бабочки.</p><p>name{Танец бабочки:}<br>· Сила атаки Ху Тао в этом состоянии увеличивается в зависимости от её макс. HP. Полученный таким образом бонус силы атаки не может превышать 400% от базовой силы атаки Ху Тао.<br>· Конвертирует урон от атак в pyro{Пиро урон}, этот эффект не может быть отменён какой-либо элементальной инфузией.<br>· Заряженные атаки накладывают на врагов эффект Кровавого цветка.<br>· Повышает сопротивление Ху Тао к прерыванию.</p><p>name{Кровавый цветок:}<br>Противники с эффектом Кровавого цветка будут получать pyro{Пиро урон} каждые 4 сек., который считается уроном элементального навыка.<br>Каждый противник может иметь только один эффект Кровавого цветка, и его длительность может быть обновлена только самой Ху Тао.</p><p>name{Танец бабочки} заканчивается, если истёк срок действия, Ху Тао покинула поле боя или повержена.</p><p><i>Техника скрытого копья Ху Тао основывается на нескольких правилах, первое из которых гласит: «На тот свет дорогу открывает копьё, идут вслед за бабочками умерших души».</i></p>;"<p>Only an unwavering flame can cleanse the impurities of this world.<br>Hu Tao consumes a set portion of her HP to knock the surrounding enemies back and enter the Paramita Papilio state.</p><p>name{Paramita Papilio}<br>·Increases Hu Tao's ATK based on her Max HP at the time of entering this state. ATK Bonus gained this way cannot exceed 400% of Hu Tao's Base ATK.<br>·Converts attack DMG to pyro{Pyro DMG}, which cannot be overridden by any other elemental infusion.<br>·Charged Attacks apply the Blood Blossom effect to the enemies hit.<br>·Increases Hu Tao's resistance to interruption.</p><p>name{Blood Blossom}<br>Enemies affected by Blood Blossom will take pyro{Pyro DMG} every 4s. This DMG is considered Elemental Skill DMG.<br>Each enemy can be affected by only one Blood Blossom effect at a time, and its duration may only be refreshed by Hu Tao herself.</p><p>name{Paramita Papilio} ends when its duration is over, or Hu Tao has left the battlefield or fallen.</p><p><i>Hu Tao's Secret Spear technique is based on several rules, the first of which is: ""The spear opens the path to the afterlife, and the butterflies bridge this world and the next.""</i></p>"
talent_name;iansan_the_three_principles_of_power;Три принципа силы;The Three Principles of Power
talent_descr;iansan_the_three_principles_of_power;<p>Ударом ног Иансан «Силой» сокрушает землю, нанося electro{Электро урон по площади} с характеристикой Ночного духа. Затем она извлекает драгоценный Измеритель кинетической энергии (для тренировок, лимитированная версия).<br>Во время применения навыка Иансан получает 15 очков Ночного духа и входит в состояние Благословения Ночного духа.<br>Когда Измеритель кинетической энергии покидает поле, состояние Благословения Ночного духа Иансан завершается.</p><p>name{Измеритель кинетической энергии}<br>Измеритель кинетической энергии следует за персонажем и, в зависимости от количества очков Ночного духа Иансан, разными способами повышает силу атаки активного персонажа вашего отряда:<br>· Если у Иансан менее 42 очков Ночного духа, получаемый бонус силы атаки пропорционален её очкам Ночного духа и силе атаки.<br>· Если у Иансан не менее 42 очков Ночного духа, Измеритель кинетической энергии переключается в режим «Пламенная поддержка!», в котором даётся более высокий бонус силы атаки, пропорциональный силе атаки Иансан.<br>Кроме того, во время своего действия Измеритель кинетической энергии регистрирует расстояние, пройденное текущим активным членом вашего отряда (кроме самой Иансан) и раз в секунду восстанавливает очки Ночного духа Иансан пропорционально расстоянию, пройденному в течение предыдущей секунды.<br>Измеритель кинетической энергии исчезает, когда завершается состояние Благословения Ночного духа Иансан, или через 1 сек. вне боя. Пока Измеритель кинетической энергии активен, состояние Благословения Ночного духа Иансан не завершается даже когда она неактивна.</p><p><i>«Сила - не дар природы, а результат непрерывных усилий. Сила требует правильного подхода».</i></p>;"<p>Iansan's stomping foot shatters the very earth with ""Power,"" dealing Nightsoul-aligned electro{AoE Electro DMG}. She then whips out her ""Limited-Edition Kinetic Energy Scale (For Workouts).""<br>When this Skill is used, Iansan will gain 15 Nightsoul points and enter the Nightsoul's Blessing state.<br>When the Kinetic Energy Scale leaves the field, Iansan's Nightsoul's Blessing state will end.</p><p>name{Kinetic Energy Scale}<br>The Kinetic Energy Scale will follow the character around, boosting the ATK of your current active party member in different ways based on Iansan's Nightsoul points.<br>· If Iansan has less than 42 Nightsoul points, the ATK bonus will be based on her Nightsoul points and ATK.<br>· If Iansan has at least 42 Nightsoul points, the Kinetic Energy Scale will switch to the ""Ardent Support!"" state, in which the ATK bonus will be stronger and based on her ATK alone.<br>Additionally, the Scale will log the distance your current active character (excluding Iansan) has moved so long as it is active, restoring Nightsoul points to Iansan every second based on the distance moved in the previous second.<br>The Scale will disappear once her Nightsoul's Blessing state ends. It will also disappear after 1 second when you are not in a state of combat. While it is active, Iansan's Nightsoul's Blessing state will not end even if she is not on the field.</p><p><i>""Power is not about natural talent. Power stems from unceasing practice. Power must be exercised correctly.""</i></p>"
talent_name;iansan_weighted_spike;Укол с отягощением;Weighted Spike
talent_descr;iansan_weighted_spike;<p>name{Обычная атака:}<br>До трёх ударов копьём.</p><p>name{Заряженная атака:}<br>Выпад, наносящий урон противникам на пути, на который тратится определённое количество выносливости.</p><p>name{Атака в падении:}<br>Стремительно падает на землю, атакуя всех врагов на пути. Приземлившись, наносит урон по площади.</p><p>name{Благословение Ночного духа: Громовое нисхождение}<br>Когда Иансан пребывает в состоянии Благословения Ночного духа, её заряженная атака превращается в мощное Громовое нисхождение: она расходует определённое количество выносливости и яростно бьёт ногами землю перед собой, нанося electro{Электро урон по площади} с характеристикой Ночного духа.</p>;<p>name{Normal Attack}<br>Performs up to 3 consecutive spear strikes.</p><p>name{Charged Attack}<br>Consumes a certain amount of Stamina to lunge forward, dealing damage to opponents along the way.</p><p>name{Plunging Attack}<br>Plunges from mid-air to strike the ground below, damaging opponents along the path and dealing AoE DMG upon impact.</p><p>name{Nightsoul State: Swift Stormflight}<br>While in the Nightsoul's Blessing state: Iansan's Charged Attack will be transformed into the formidable Swift Stormflight, consuming a certain amount of Stamina to stomp fiercely down, dealing Nightsoul-aligned electro{AoE Electro DMG}.</p>
talent_name;iansan_thunderbolt_rush;Молниеносный натиск;Thunderbolt Rush
talent_descr;iansan_thunderbolt_rush;<p>Иансан совершает выпад вперёд и наносит врагам на пути electro{Электро урон} с характеристикой Ночного духа.<br>После применения навыка Иансан восстанавливает 54 очка Ночного духа и входит в состояние Благословения Ночного духа. Если в течение 5 сек. после окончания рывка использовать обычную атаку, то Иансан быстро совершит одно Громовое нисхождение, не расходуя выносливости.</p><p>name{Благословение Ночного духа: Иансан}<br>Непрерывно расходует очки Ночного духа. Когда очки Ночного духа исчерпаются или навык используется повторно, состояние Благословения Ночного духа Иансан завершается. У состояния Благословения Ночного духа следующие особенности:<br>· Повышает скорость передвижения Иансан.<br>· Если удерживать спринт, Иансан перейдёт в режим Натиска молнии, в котором на короткое время значительно повышается скорость передвижения Иансан. В этом режиме Иансан способна совершать летающие рывки, используя местность, либо дополнительно расходовать очки Ночного духа и передвигаться по поверхности воды или жидкого флогистона, не получая урона от последнего.</p><p><i>«Быстрее, выше! Именно ради этого я так тяжело трудилась!»</i></p>;"<p>Iansan charges forward a certain distance, dealing Nightsoul-aligned electro{Electro DMG} to all opponents in her path.<br>After this Skill is used, Iansan will regain 54 Nightsoul points and enter the Nightsoul's Blessing state. Within 5s after this is done, using a Normal Attack will trigger 1 quick Swift Stormflight stomp from Iansan that will not consume Stamina.</p><p>name{Nightsoul's Blessing: Iansan}<br>Continuously consumes Nightsoul points. If she runs out, or uses this Skill again, her Nightsoul's Blessing state will end. It has the following properties:<br>· Increases Iansan's Movement SPD.<br>· Holding sprint will switch Iansan to Rushing Thunderbolt mode, greatly increasing her Movement SPD temporarily. In this mode, Iansan can make flying leaps using terrain, or consume additional Nightsoul points to move on water or liquid Phlogiston while being immune to DMG from the latter.</p><p><i>""Faster, stronger! That's what all that hard work is for!""</i></p>"
talent_name;ifa_compound_sedation_field;Составное поле успокоения;Compound Sedation Field
talent_descr;ifa_compound_sedation_field;<p>Выпускает во (временно агрессивного) врага Лечебное успокоительное. При попадании оно взрывается, создаёт сковывающий ветряной поток, который притягивает предметы и врагов поблизости, и наносит anemo{Анемо урон по площади} с характеристикой Ночного духа.<br>При попадании по противникам под воздействием эффектов hydro{Гидро}/pyro{Пиро}/cryo{Крио}/electro{Электро} Лечебное успокоительное накладывает на них skill{n11130004:Седативную метку}.</p>;<p>Fires a Therapeutic Sedative at a (temporarily aggressive) opponent. The sedative will explode on impact, creating a restraining wind current that pulls nearby objects and opponents in while dealing Nightsoul-aligned anemo{AoE Anemo DMG}.<br>When the Therapeutic Sedative hits an opponent affected by hydro{Hydro}/pyro{Pyro}/cryo{Cryo}/electro{Electro}, it will apply a skill{n11130004:Sedation Mark} to them.</p>
talent_name;ifa_rite_of_dispelling_winds;Ритуал изгнания ветров;Rite of Dispelling Winds
talent_descr;ifa_rite_of_dispelling_winds;<p>name{Обычная атака:}<br>До трёх атак, наносящих anemo{Анемо урон}.</p><p>name{Заряженная атака:}<br>Выстрел вперёд, наносящий anemo{Анемо урон по площади}, на который тратится определённое количество выносливости.</p><p>name{Атака в падении:}<br>Стремительно падает на землю, атакуя всех врагов на пути. Приземлившись, наносит anemo{Анемо урон по площади}.</p>;<p>name{Normal Attack}<br>Performs up to 3 attacks, dealing anemo{Anemo DMG}.</p><p>name{Charged Attack}<br>Consumes a certain amount of Stamina and fires off a shot, dealing anemo{AoE Anemo DMG}.</p><p>name{Plunging Attack}<br>Plunges towards the ground from mid-air, damaging all opponents along the path. Deals anemo{AoE Anemo DMG} upon impact with the ground.</p>
talent_name;ifa_airborne_disease_prevention;Профилактика воздушно-капельных инфекций;Airborne Disease Prevention
talent_descr;ifa_airborne_disease_prevention;<p>Настало время настоящих боевых кентов! Ифа призывает на подмогу Какуку.<br>После применения этого навыка Ифа получает 80 очков Ночного духа и входит в состояние skill{n11130003:Благословения Ночного духа}. В состоянии Благословения Ночного духа Ифа с помощью Какуку парит в воздухе. При выполнении обычной атаки, в зависимости от того, было использовано быстрое или долгое нажатие, разными способами активируется skill{n11130001:Огневая поддержка} и выпускаются восстанавливающие HP всех членов отряда Лекарственные выстрелы.</p><p>Кроме того, если удерживать элементальный навык name{Профилактика воздушно-капельных инфекций}, когда Ифа пребывает в состоянии Благословения Ночного духа, то он будет использовать атаку в падении с характеристикой Ночного духа. Если отпустить кнопку элементального навыка, атака в падении прервётся и Ифа останется в воздухе. Если Ифа, выполняя атаку в падении, приземлится, то его состояние Благословения Ночного духа завершится.</p>;<p>It's time for the real bash bros to step up! Ifa calls Cacucu in as backup.<br>After using this skill, Ifa gains 80 Nightsoul points and enters the skill{n11130003:Nightsoul's Blessing} state. In the Nightsoul's Blessing state, Ifa will hover with Cacucu's help. When he uses Normal Attacks in this state, he will use different kinds of skill{n11130001:Supporting Fire} depending on whether you Tap or Hold, firing Tonicshots that are capable of healing all party members.</p><p>Additionally, Holding the Elemental Skill name{Airborne Disease Prevention} while Ifa is in Nightsoul's Blessing will cause him to use a Nightsoul-aligned Plunging Attack. Letting go of the skill button will interrupt this Plunging Attack to maintain his hover. If Ifa lands due to this Plunging Attack, his Nightsoul's Blessing state will end.</p>
talent_name;n11130001;Огневая поддержка;Supporting Fire
talent_descr;n11130001;<p>Обычная атака Ифы в состоянии Благословения Ночного духа превращается в Огневую поддержку.<br>name{Быстрое нажатие}<br>Выпускает Лекарственный выстрел.<br>name{Долгое нажатие}<br>Непрерывно выпускает Лекарственные выстрелы.<br>name{Лекарственный выстрел}<br>Наносит anemo{Анемо урон} с характеристикой Ночного духа. При попадании во врага восстанавливает HP всех членов отряда поблизости пропорционально мастерству стихий Ифы.</p>;<p>In the Nightsoul's Blessing State, Ifa's Normal Attacks will turn into Supporting Fire.<br>name{Tap}<br>Fires a Tonicshot.<br>name{Hold}<br>Continuously fires Tonicshots.<br>name{Tonicshot}<br>Deals Nightsoul-aligned anemo{Anemo DMG}, and will heal all nearby party members based on Ifa's Elemental Mastery upon hitting an opponent.</p>
talent_name;n11130002;Основы спасения;Rescue Essentials
talent_descr;n11130002;<p>Максимум очков составляет 150. Каждое очко Основ спасения у Ифы повышает урон реакций Рассеивание и Заряжен, вызываемых членами отряда поблизости, на 1,5%, а урон реакции Лунный заряд увеличивается на 0,2%. Когда состояние Благословения Ночного духа завершается, Основы спасения исчезают.</p>;<p>Max 150 points. Each Rescue Essentials point Ifa has will increase the Swirl and Electro-Charged DMG dealt by nearby party members by 1.5%, and their Lunar-Charged DMG dealt by 0.2%. These points will be cleared when his Nightsoul's Blessing state ends.</p>
talent_name;n11130003;Благословение Ночного духа: Ифа;Nightsoul's Blessing: Ifa
talent_descr;n11130003;<p>Непрерывно расходует очки Ночного духа. Когда очки Ночного духа исчерпаются или навык используется повторно, состояние Благословения Ночного духа Ифы завершается. У состояния Благословения Ночного духа следующие особенности:<br>· Ифа с помощью Какуку парит в воздухе, его скорость передвижения и сопротивление прерыванию повышаются. В этом состоянии Ифа поддерживает парение, непрерывно расходуя очки Ночного духа. Спринт или увеличение высоты расходуют дополнительные очки Ночного духа.<br>· При выполнении обычной атаки, в зависимости от того, было ли использовано быстрое или долгое нажатие, разными способами активируется Огневая поддержка.</p>;<p>Continuously consumes Nightsoul points. This state will end when Ifa runs out of Nightsoul points or if he uses this skill again. His Nightsoul's Blessing state has the following properties:<br>· Hovers with Cacucu's help, increasing Ifa's Movement SPD and interruption resistance. In this state, Ifa will continuously consume Nightsoul points to maintain this hovering state. If he sprints or accelerates, he will consume additional points.<br>· When he uses Normal Attacks, he will use different kinds of Supporting Fire depending on whether you Tap or Hold.</p>
talent_name;n11130004;Седативная метка;Sedation Mark
talent_descr;n11130004;<p>Данный эффект вскоре взрывается и исчезает, нанося урон по площади соответствующим элементом. Лечебное успокоительное может накладывать Седативную метку максимум на 4 поражённых им противников. Один и тот же противник не может одновременно находиться под воздействием Седативной метки разных элементов.</p>;<p>This effect will explode after a short delay and disappear, dealing AoE DMG aligned with the corresponding element. The Therapeutic Sedative can apply Sedation Marks to a maximum of 4 hit opponents. A single opponent cannot receive Marks of different elements simultaneously.</p>
talent_name;ineffa_cyclonic_exterminator;Высшая команда: Циклонический истребитель;Supreme Instruction: Cyclonic Exterminator
talent_descr;ineffa_cyclonic_exterminator;<p>Умный многоцелевой вспомогательный модуль skill{n11160001:Биргитта} очищает поле от врагов Ракетными кулаками! Инеффа выпускает Биргитту в бой и наносит electro{Электро урон по площади}, причём Биргитта остаётся на поле.</p><p>Если на поле уже есть Биргитта, призванная самой Инеффой, то Биргитта вновь вызывается на месте цели, а её длительность сбрасывается.</p>;<p>Through Multipurpose Smart Assistance Unit, skill{n11160001:Birgitta}, Ineffa can use Rocket Punches to quickly clean up opponents! Shoots Birgitta into the fray, dealing electro{AoE Electro DMG} and allowing Birgitta to remain on the field.</p><p>If Birgitta is already on the field, having been summoned by Ineffa, this Skill will re-summon Birgitta at the target's location and reset her duration.</p>
talent_name;ineffa_cyclonic_duster;Вихревой пылеочиститель;Cyclonic Duster
talent_descr;ineffa_cyclonic_duster;<p>name{Обычная атака:}<br>До четырёх последовательных ударов копьём.</p><p>name{Заряженная атака:}<br>Тратит определённое количество выносливости и выполняет вращающуюся атаку.</p><p>name{Атака в падении:}<br>Стремительно падает на землю, атакуя всех врагов на пути. Приземлившись, наносит урон по площади.</p>;<p>name{Normal Attack}<br>Performs up to 4 consecutive spear strikes.</p><p>name{Charged Attack}<br>Consumes a certain amount of Stamina to perform a spinning attack.</p><p>name{Plunging Attack}<br>Plunges from mid-air to strike the ground below, damaging opponents along the path and dealing AoE DMG upon impact.</p>
talent_name;ineffa_carrier_frequency;Режим очистки: Несущая частота;Cleaning Mode: Carrier Frequency
talent_descr;ineffa_carrier_frequency;<p>Инеффа активирует Усовершенствованный модуль уборки и один раз наносит electro{Электро урон по площади} врагам поблизости, развёртывая Барьер оптического потока и призывая Умный многоцелевой вспомогательный модуль skill{n11160001:Биргитту}.<br>Барьер оптического потока поглощает урон согласно силе атаки Инеффы. Также он поглощает electro{Электро урон} с 250% эффективностью.</p>;<p>Ineffa engages her Enhanced Cleaning Module, dealing a single instance of electro{AoE Electro DMG} to nearby opponents, activating her Optical Flow Shield Barrier, and summoning the Multipurpose Smart Assistance Unit, skill{n11160001:Birgitta}.<br>The Optical Flow Shield Barrier absorbs DMG based on Ineffa's ATK, and it will absorb electro{Electro DMG} with 250% effectiveness.</p>
talent_name;n11160001;Биргитта;Birgitta
talent_descr;n11160001;<p>Помощник и компаньон Инеффы в сражении, Биргитта может призываться на поле с помощью элементального навыка или взрыва стихии.<br>Если поблизости есть враги, каждые 2 сек. Биргитта будет стремительно приближаться к одному из них и атаковать их разрядами, нанося electro{Электро урон по площади}.<br>Одновременно может существовать только одна Биргитта, созданная самой Инеффой.</p><p>Кроме того, в Нод-Крае, похоже, есть способ изменить облик Биргитты...</p>;<p>Ineffa's assistant and companion in battle, she can be summoned to the battlefield via Elemental Skill or Elemental Burst.<br>If there are opponents nearby, Birgitta will quickly move close to an opponent and unleash Discharge attacks every 2s, dealing electro{AoE Electro DMG}.<br>Only one Birgitta that has been summoned by Ineffa herself can exist at any one time.</p><p>Additionally, in Nod-Krai, it seems you'll be able to change Birgitta's appearance through certain means...</p>
talent_name;jean_dandelion_breeze;Одуванчиковый бриз;Dandelion Breeze
talent_descr;jean_dandelion_breeze;"<p>Джинн призывает защитный ветер и создаёт поле одуванчиков, которое отбрасывает окружающих врагов и наносит им anemo{Анемо урон}.<br>В то же время Джинн восстанавливает всем членам отряда определённое количество HP, которое зависит от её силы атаки.</p><p>name{Поле одуванчиков:}<br>· Периодически восстанавливает HP членам отряда в поле одуванчиков;<br>· Наделяет членов отряда в поле одуванчиков anemo{эффектом Анемо};<br>· Наносит anemo{Анемо урон} врагам, входящим или выходящим за границы поля одуванчиков.</p><p><i>Доброта Джинн - это бескрайнее поле одуванчиков, где посеяны семена её самоотверженности и героизма.</i></p>";<p>Calling upon the wind's protection, Jean creates a swirling Dandelion Field, launching surrounding opponents and dealing anemo{Anemo DMG}.<br>At the same time, she instantly regenerates a large amount of HP for all party members. The amount of HP restored scales off Jean's ATK.</p><p>name{Dandelion Field}<br>·Continuously regenerates HP of characters within the AoE and continuously imbues them with anemo{Anemo}.<br>·Deals anemo{Anemo DMG} to opponents entering or exiting the Dandelion Field.</p><p><i>Jean's magnanimity is as vast as the dandelion fields, and it is the root of her wish to protect others.</i></p>
talent_name;jean_favonius_bladework;Фехтовальный стиль Фавония;Favonius Bladework
talent_descr;jean_favonius_bladework;<p>name{Обычная атака:}<br>До пяти быстрых ударов мечом.</p><p>name{Заряженная атака:}<br>С помощью силы ветра подкидывает противников в воздух, на что тратится определённое количество выносливости.<br>Подкинутые враги медленно падают на землю.</p><p>name{Атака в падении:}<br>Стремительно падает на землю, атакуя всех врагов на пути. Приземлившись, наносит урон по площади.</p>;<p>name{Normal Attack}<br>Performs up to 5 consecutive strikes.</p><p>name{Charged Attack}<br>Consumes a certain amount of stamina to launch an opponent using the power of wind.<br>Launched opponents will slowly fall to the ground.</p><p>name{Plunging Attack}<br>Plunges from mid-air to strike the ground below, damaging opponents along the path and dealing AoE DMG upon impact.</p>
talent_name;jean_gale_blade;Клинок ветра;Gale Blade
talent_descr;jean_gale_blade;<p>Джинн фокусирует всю мощь бесформенного ветра вокруг своего клинка и создаёт миниатюрный вихрь, который подбрасывает противников в направлении её взгляда, а также наносит им большой anemo{Анемо урон}.</p><p>name{Долгое нажатие:}<br>Продолжая затрачивать выносливость, Джинн может с помощью вихря притянуть врагов и предметы к себе. Также можно выбрать направление броска. Во время действия навыка Джинн не может двигаться.</p><p><i>Благородный защитник Джинн - ветер-хранитель, оберегающий её спутников от опасностей.</i></p>;<p>Focusing the might of the formless wind around her blade, Jean releases a miniature storm, launching opponents in the direction she aims at, dealing massive anemo{Anemo DMG}.</p><p>name{Hold}<br>At the cost of continued stamina consumption, Jean can command the whirlwind to pull surrounding opponents and objects towards her front.<br>Direction can be adjusted.<br>Character is immobile during skill duration.</p><p><i>That which follows Jean, the wholehearted defender, is a guardian wind that can banish danger from her comrades' presence.</i></p>
talent_name;kachina_time_to_get_serious;Ну теперь всё!;Time to Get Serious!
talent_descr;kachina_time_to_get_serious;<p>Атакуя землю, Качина наносит geo{Гео урон по площади}, пропорциональный своей защите, и создаёт область Турбобура.<br>Область Турбобура повышает площадь атаки Турбовихря и скорость передвижения верхом.</p><p>Если во время активации на поле есть Турбовихрь самой Качины, то он будет призван к ней.</p><p><i>Если артисты, пытаясь справиться с волнением на сцене, представляют, что зрители - деревянные манекены, то Качина в своём воображении обращает противников прекрасной рудой с самоцветами - такими, что можно с гордостью хранить дома.</i></p>;<p>Striking the ground, Kachina deals geo{AoE Geo DMG} based on her DEF and creates a Turbo Drill Field.<br>The Field increases Turbo Twirly's attack AoE and its Movement SPD when Kachina is riding it.</p><p>If Kachina's own Turbo Twirly is present when this is used, the Turbo Twirly will be summoned to her side.</p><p><i>Just as nervous performers might imagine audience members as wooden puppets, Kachina imagines that her opponents are the loveliest of gem-bearing ores — the kind you'd be proud to bring home and hoard.</i></p>
talent_name;kachina_cragbiter;Скалогрыз;Cragbiter
talent_descr;kachina_cragbiter;<p>name{Обычная атака:}<br>До четырёх ударов копьём.</p><p>name{Заряженная атака:}<br>Выпад, наносящий урон противникам на пути, на который тратится определённое количество выносливости.</p><p>name{Атака в падении:}<br>Стремительно падает на землю, атакуя всех врагов на пути. Приземлившись, наносит урон по площади.</p>;<p>name{Normal Attack}<br>Performs up to 4 consecutive spear strikes.</p><p>name{Charged Attack}<br>Consumes a certain amount of Stamina to lunge forward, dealing damage to opponents along the way.</p><p>name{Plunging Attack}<br>Plunges from mid-air to strike the ground below, damaging opponents along the path and dealing AoE DMG upon impact.</p>
talent_name;kachina_go_go_turbo_twirly;Вперёд, Турбовихрь!;Go, Go Turbo Twirly!
talent_descr;kachina_go_go_turbo_twirly;<p>В бой вместе с надёжным Турбовихрем!<br>Призывает Турбовихрь. При долгом нажатии Качина призывает Турбовихрь и садится на него.<br>После активации Качина получает 60 очков Ночного духа и переходит в состояние Благословения Ночного духа.</p><p>name{Благословение Ночного духа: Качина}<br>Действия Турбовихря расходуют очки Ночного духа Качины.<br>Когда очки Ночного духа заканчиваются, Благословение Ночного духа Качины завершается.</p><p>name{Турбовихрь}<br>Может существовать отдельно или управляться оседлавшей его Качиной. Когда Турбовихрь существует, при использовании элементального навыка Качина будет садиться на него или слезать с него.<br>· Существуя отдельно, Турбовихрь периодически врезается в землю, нанося geo{Гео урон по площади} с характеристикой Ночного духа, пропорциональный защите Качины.<br>· Когда Качина верхом на Турбовихре, она способна управлять им, чтобы быстро перемещаться, карабкаться и поражать землю с помощью обычной атаки, нанося geo{Гео урон по площади} с характеристикой Ночного духа, пропорциональный защите Качины.</p><p>Когда Благословение Ночного духа Качины завершается, Турбовихрь исчезает. Он считается Гео конструкцией. На поле боя может существовать только один Турбовихрь, созданный самой Качиной.</p><p><i>Турбовихрь только похож на юлу - на деле это бур, способный расколоть самый твёрдый камень.</i></p>;"<p>Fight alongside the turbo trusty Turbo Twirly!<br>Summons Turbo Twirly. When the skill is Held and released, Kachina will summon and ride Turbo Twirly.<br>After the Skill is used, Kachina will gain 60 Nightsoul points and enter the Nightsoul's Blessing state.</p><p>name{Nightsoul's Blessing: Kachina}<br>Turbo Twirly's various actions consume Kachina's Nightsoul points.<br>The Nightsoul's Blessing state will end when these points have been depleted.</p><p>name{Turbo Twirly}<br>Can exist independently or be ridden and operated by Kachina. When Turbo Twirly is present, Kachina's Elemental Skill, ""Go, Go Turbo Twirly!"", will change to an option to Mount/Dismount Turbo Twirly.<br>·When present independent of Kachina, it will slam the ground at intervals, dealing Nightsoul-aligned geo{AoE Geo DMG} based on Kachina's DEF.<br>·When Kachina is riding Turbo Twirly, she can control it to move and climb swiftly, and use Normal Attacks to slam the ground, dealing Nightsoul-aligned geo{AoE Geo DMG} based on Kachina's DEF.</p><p>Turbo Twirly will disappear once Kachina's Nightsoul's Blessing state ends, and it is considered a Geo Construct. Only 1 Turbo Twirly created by Kachina herself can exist on the field at any one time.</p><p><i>Turbo Twirly only looks like a top — it is, in fact, a drill that can split even the strongest rock asunder!</i></p>"
talent_name;kaedehara_kazuha_kazuha_slash;Удар Кадзухи;Kazuha Slash
talent_descr;kaedehara_kazuha_kazuha_slash;<p>Особая техника Гарю - единственный взмах, словно надвигающийся шторм, наносит anemo{Анемо урон} по площади.<br>След от меча оставляет за собой поле Осеннего вихря, которое наносит периодический anemo{Анемо урон} по площади врагам, находящимся в нём.</p><p>name{Поглощение стихии:}<br>При контакте с элементами hydro{Гидро}, pyro{Пиро}, cryo{Крио} или electro{Электро} Осенний вихрь наносит дополнительный урон этим элементом.<br>За каждое использование навык может поглотить только один элемент.</p><p><i>«Лист, познавший осень, даёт мне видения о пронёсшейся вечности. Поэтому я вмиг разрублю этот клён, чтобы узнать его секрет...»</i></p>;"<p>The signature technique of Kazuha's self-styled bladework — a single slash that strikes with the force of the first winds of autumn, dealing anemo{AoE Anemo DMG}.<br>The blade's passage will leave behind a field named ""Autumn Whirlwind"" that periodically deals anemo{AoE Anemo DMG} to opponents within its range.</p><p>name{Elemental Absorption}<br>If Autumn Whirlwind comes into contact with hydro{Hydro}/pyro{Pyro}/cryo{Cryo}/electro{Electro}, it will deal additional elemental DMG of that type.<br>Elemental Absorption may only occur once per use.</p><p><i>""I see eternity go by in an instant, the autumns of many years from a single leaf. Thus I shall slice this maple in a flash, and ask a question of the ages.""</i></p>"
talent_name;kaedehara_kazuha_garyuu_bladework;Фехтовальный стиль Гарю;Garyuu Bladework
talent_descr;kaedehara_kazuha_garyuu_bladework;<p>name{Обычная атака:}<br>До пяти быстрых ударов мечом.</p><p>name{Заряженная атака:}<br>Два быстрых взмаха мечом, на которые тратится определённое количество выносливости.</p><p>name{Атака в падении:}<br>Стремительно падает на землю, атакуя всех врагов на пути. Приземлившись, наносит урон по площади. Если атака в падении произошла благодаря навыку Тихаяфуру, то вместо неё выполняется атака в падении: Мидарэ рандзан.</p><p>name{Атака в падении: Мидарэ рандзан}<br>Урон атаки в падении, выполненной благодаря элементальному навыку Тихаяфуру, конвертируется в anemo{Анемо урон}. Также с помощью тайной техники эта атака создаёт небольшой воздушный тоннель, который втягивает в себя ближайшие объекты и врагов.</p>;<p>name{Normal Attack}<br>Performs up to 5 rapid strikes.</p><p>name{Charged Attack}<br>Consumes a certain amount of Stamina to unleash 2 rapid sword strikes.</p><p>name{Plunging Attack}<br>Plunges from mid-air to strike the ground below, damaging opponents along the path and dealing AoE DMG upon impact. If this Plunging Attack is triggered by Chihayaburu, it will be converted to Plunging Attack: Midare Ranzan.</p><p>name{Plunging Attack: Midare Ranzan}<br>When a Plunging Attack is performed using the effects of the Elemental Skill Chihayaburu, Plunging Attack DMG is converted to anemo{Anemo DMG} and will create a small wind tunnel via a secret blade technique that pulls in nearby objects and opponents.</p>
talent_name;kaedehara_kazuha_chihayaburu;Тихаяфуру;Chihayaburu
talent_descr;kaedehara_kazuha_chihayaburu;<p>Использование тайной техники, столь же свирепой, сколь стремительный ветер, притягивает объекты и врагов к текущей позиции Кадзухи и в небольшом радиусе подкидывает их в воздух, нанося anemo{Анемо урон}. Также ветряные потоки поднимают в воздух и самого Кадзуху.<br>В течение 10 сек. после поднятия Кадзухи в воздух навыком Тихаяфуру и при соблюдении состояния в воздухе он может выполнить более сильную атаку в падении: Мидарэ рандзан.</p><p>name{Быстрое нажатие:}<br>Можно совершить в воздухе.</p><p>name{Долгое нажатие:}<br>Некоторое время заряжается, а затем наносит увеличенный anemo{Анемо урон} по большей площади, чем быстрое нажатие.</p><p>name{Атака в падении: Мидарэ рандзан}<br>Урон атаки в падении, выполненной благодаря элементальному навыку Тихаяфуру, конвертируется в anemo{Анемо урон}. Также с помощью тайной техники эта атака создаёт небольшой воздушный тоннель, который втягивает в себя ближайшие объекты и врагов.<br>Урон Мидарэ рандзан считается уроном атаки в падении.</p><p><i>«Ветра среди листьев клёна плачут,<br>Не осталось ни людей, ни богов.<br>Они ушли, словно рыжие осенние горы».</i></p>;"<p>Unleashes a secret technique as fierce as the rushing wind that pulls objects and opponents towards Kazuha's current position before launching opponents within the AoE, dealing anemo{Anemo DMG} and lifting Kazuha into the air on a rushing gust of wind.<br>Within 10s of remaining airborne after casting Chihayaburu, Kazuha can unleash a powerful Plunging Attack known as Midare Ranzan.</p><p>name{Press}<br>Can be used in mid-air.</p><p>name{Hold}<br>Charges up before unleashing greater anemo{Anemo DMG} over a larger AoE than Press Mode.</p><p>name{Plunging Attack: Midare Ranzan}<br>When a Plunging Attack is performed using the effects of the Elemental Skill Chihayaburu, Plunging Attack DMG is converted to anemo{Anemo DMG}. On landing, Kazuha creates a small wind tunnel via a secret blade technique that pulls in nearby objects and opponents.<br>Midare Ranzan's DMG is considered Plunging Attack DMG.</p><p><i>""Wind in branches grieves<br>Bygone ages, gods of old<br>Withered autumn leaves""</i></p>"
talent_name;kaeya_glacial_waltz;Ледниковый вальс;Glacial Waltz
talent_descr;kaeya_glacial_waltz;<p>Собрав остатки инея из утреннего воздуха, Кэйа создаёт три вращающиеся вокруг него льдинки.<br>Они следуют за активным персонажем и наносят cryo{Крио урон} врагам, которых касаются.</p><p><i>Обворожительная улыбка, остроумные комментарии и скрытый глубоко жестокий иней... Всё это оружие Кэйи.</i></p>;<p>Coalescing the frost in the air, Kaeya summons 3 icicles that revolve around him.<br>These icicles will follow the character around and deal cryo{Cryo DMG} to opponents in their path for the ability's duration.</p><p><i>A winsome smile, genial words, and the merciless hoarfrost that lies beneath... These are all Kaeya's weapons.</i></p>
talent_name;kaeya_ceremonial_bladework;Ритуальное фехтование;Ceremonial Bladework
talent_descr;kaeya_ceremonial_bladework;<p>name{Обычная атака:}<br>До пяти быстрых ударов мечом.</p><p>name{Заряженная атака:}<br>Два быстрых взмаха мечом, на которые тратится определённое количество выносливости.</p><p>name{Атака в падении:}<br>Стремительно падает на землю, атакуя всех врагов на пути. Приземлившись, наносит урон по площади.</p>;<p>name{Normal Attack}<br>Performs up to 5 rapid strikes.</p><p>name{Charged Attack}<br>Consumes a certain amount of Stamina to unleash 2 rapid sword strikes.</p><p>name{Plunging Attack}<br>Plunges from mid-air to strike the ground below, damaging opponents along the path and dealing AoE DMG upon impact.</p>
talent_name;kaeya_frostgnaw;Выпад холода;Frostgnaw
talent_descr;kaeya_frostgnaw;<p>Совершает выпад холода, который наносит cryo{Крио урон} врагам впереди.</p><p><i>Кэйа кажется тёплым человеком, однако его характер словно нетающий лёд.</i></p>;<p>Unleashes a frigid blast, dealing cryo{Cryo DMG} to opponents in front of Kaeya.</p><p><i>Kaeya seems affable, but his nature is that of unyielding ice.</i></p>
talent_name;kamisato_ayaka_soumetsu;Искусство Камисато: Сомэцу;Kamisato Art: Soumetsu
talent_descr;kamisato_ayaka_soumetsu;<p>Безупречным движением вызывает снежную бурю и выпускает непрерывно движущийся вперёд Морозный сэки но то.</p><p>name{Морозный сэки но то}<br>· Пронзающий холодный ветер непрерывно кромсает противников и наносит им cryo{Крио урон}.<br>· По истечении времени действия взрывается и наносит cryo{Крио урон по площади}.</p><p><i>«Метель заносит снегом мысли цапли, в сердце её тяжёлая грусть».</i></p>;"<p>Summons forth a snowstorm with flawless poise, unleashing a Frostflake Seki no To that moves forward continuously.</p><p>name{Frostflake Seki no To}<br>·A storm of whirling icy winds that slashes repeatedly at every enemy it touches, dealing cryo{Cryo DMG}.<br>·The snowstorm explodes after its duration ends, dealing cryo{AoE Cryo DMG}.</p><p><i>""The blizzard veils the heron's thoughts, pity heavy in its heart.""</i></p>"
talent_name;kamisato_ayaka_kabuki;Искусство Камисато: Нанамэ;Kamisato Art: Kabuki
talent_descr;kamisato_ayaka_kabuki;<p>name{Обычная атака:}<br>До пяти быстрых ударов мечом.</p><p>name{Заряженная атака:}<br>Создаёт продолжительный град из клинков, для которого тратится определённое количество выносливости.</p><p>name{Атака в падении:}<br>Стремительно падает на землю, атакуя всех врагов на пути. Приземлившись, наносит урон по площади.</p>;<p>name{Normal Attack}<br>Performs up to 5 rapid strikes.</p><p>name{Charged Attack}<br>Consumes a certain amount of Stamina to unleash a flurry of sword ki.</p><p>name{Plunging Attack}<br>Plunges from mid-air to strike the ground below, damaging enemies along the path and dealing AoE DMG upon impact.</p>
talent_name;kamisato_ayaka_hyouka;Искусство Камисато: Хёка;Kamisato Art: Hyouka
talent_descr;kamisato_ayaka_hyouka;<p>Призывает цветущий лёд, который подбрасывает ближайших противников в воздух и наносит им cryo{Крио урон}.</p><p><i>«Облака окутывают лунную ночь. Тоска опускается, словно туман, наполняя заключённого страстью к путешествиям».</i></p>;"<p>Summons blooming ice to launch nearby opponents, dealing cryo{AoE Cryo DMG}.</p><p><i>""Clouds shroud the moonlit night. Longing descends like a fog, filling the one detained with wanderlust.""</i></p>"
talent_name;kamisato_ayaka_senho;Искусство Камисато: Сэнхо;Kamisato Art: Senho
talent_descr;kamisato_ayaka_senho;<p>name{Заменяет спринт}<br>Аяка потребляет выносливость и скрывается в стремительном потоке мокрого снега, который движется вместе с ней.</p><p>Форма Сэнхо позволяет ей двигаться по воде с большой скоростью.<br>После окончания формы Сэнхо и при повторном появлении происходят следующие эффекты:<br>· Высвобождается холодная энергия, которая накладывает cryo{эффект Крио} на ближайших противников.<br>· Холод собирается вдоль лезвия Аяки, на короткое время наделяя её атаки cryo{инфузией Крио}.</p><p><i>«Перья мокрые исчезают,<br>Как же цапля может ступать по воде?»</i></p>;"<p>name{Alternate Sprint}<br>Ayaka consumes Stamina and cloaks herself in a frozen fog that moves with her.</p><p>In Senho form, she moves swiftly upon water.<br>When she reappears, the following effects occur:<br>·Ayaka unleashes frigid energy to apply cryo{Cryo} on nearby opponents.<br>·Coldness condenses around Ayaka's blade, infusing her attacks with cryo{Cryo} for a brief period.</p><p><i>""Feathers fleeting wet / the white heron treads water / a sight without flaw""</i></p>"
talent_name;kamisato_ayato_suiyuu;Искусство Камисато: Суйю;Kamisato Art: Suiyuu
talent_descr;kamisato_ayato_suiyuu;<p>Создаёт безмятежный сад, в котором гаснет суета и шум.<br>Пока сад существует, в его области на врагов непрерывно обрушиваются Клинки водных цветов, нанося им hydro{Гидро урон}, а урон обычной атаки персонажей внутри него увеличивается.</p><p><i>«Я вижу её. Рябь, которая проходит по этим тихим водам от ударов твоего сердца».</i></p>;"<p>Unveils a garden of purity that silences the cacophony within.<br>While this space exists, Bloomwater Blades will constantly rain down and attack opponents within its AoE, dealing hydro{Hydro DMG} and increasing the Normal Attack DMG of characters within.</p><p><i>""I can see them, you know. The ripples of your beating heart within this realm of still waters.""</i></p>"
talent_name;kamisato_ayato_marobashi;Искусство Камисато: Маробаси;Kamisato Art: Marobashi
talent_descr;kamisato_ayato_marobashi;<p>name{Обычная атака:}<br>До пяти быстрых ударов.</p><p>name{Заряженная атака:}<br>Тратит определённое количество выносливости на выпад вперёд и выполняет иай.</p><p>name{Атака в падении:}<br>Стремительно падает на землю, атакуя всех врагов на пути. Приземлившись, наносит урон по площади.</p>;<p>name{Normal Attack}<br>Performs up to 5 rapid strikes.</p><p>name{Charged Attack}<br>Consumes a certain amount of Stamina to dash forward and performs an iai.</p><p>name{Plunging Attack}<br>Plunges from mid-air to strike the ground below, damaging opponents along the path and dealing AoE DMG upon impact.</p>
talent_name;kamisato_ayato_kyouka;Искусство Камисато: Кёка;Kamisato Art: Kyouka
talent_descr;kamisato_ayato_kyouka;<p>Камисато Аято перемещается и входит в состояние Такимэгури канка.<br>После перемещения на его исходной позиции остаётся водная иллюзия. Когда время действия полностью сформировавшейся водной иллюзии истекает или рядом находятся враги, она взрывается и наносит hydro{Гидро урон по площади}.</p><p>name{Такимэгури канка}<br>В этом состоянии Камисато Аято совершает молниеносные атаки, используя свой Сюнсуйкэн. Урон от обычных атак конвертируется в hydro{Гидро урон по площади}. Этот эффект не может быть отменён другими инфузиями.<br>Также он обладает следующими свойствами:<br>· Попадания Сюнсуйкэн по врагу наделяют Аято эффектом Намисэн, который увеличивает наносимый Сюнсуйкэн урон пропорционально текущему макс. HP Аято. Изначально Намисэн может складываться до 4 раз. Один уровень эффекта можно получить с помощью Сюнсуйкэн раз в 0,1 сек. С завершением Такимэгури канка этот эффект исчезнет.<br>· Увеличивает сопротивление прерыванию Аято.<br>· Заряженные атаки и атаки в падении становятся недоступны.</p><p>Такимэгури канка снимается, когда Аято покидает поле боя. Если во время действия Такимэгури канка применить Искусство Камисато: Кёка повторно, текущее состояние прервётся.</p><p><i>«Когда это вам померещилось, что победа на вашей стороне?»</i><br><i>Таков Аято как в боевых искусствах, так и в хитросплетениях политических интриг. При главах других комиссий он такого не говорит, заботясь об их достоинстве. Посему эту фразу доводилось слышать только Томе, Итто и Аяке.</i></p>;"<p>Kamisato Ayato shifts positions and enters the Takimeguri Kanka state.<br>After this shift, he will leave a watery illusion at his original location. After it is formed, the watery illusion will explode if opponents are nearby or after its duration ends, dealing hydro{AoE Hydro DMG}.</p><p>name{Takimeguri Kanka}<br>In this state, Kamisato Ayato uses his Shunsuiken to engage in blindingly fast attacks, causing DMG from his Normal Attacks to be converted into hydro{AoE Hydro DMG}. This cannot be overridden.<br>It also has the following properties:<br>·After a Shunsuiken attack hits an opponent, it will grant Ayato the Namisen effect, increasing the DMG dealt by Shunsuiken based on Ayato's current Max HP. The initial maximum number of Namisen stacks is 4, and 1 stack can be gained through Shunsuiken every 0.1s. This effect will be dispelled when Takimeguri Kanka ends.<br>·Kamisato Ayato's resistance to interruption is increased.<br>·Unable to use Charged or Plunging Attacks.</p><p>Takimeguri Kanka will be cleared when Ayato leaves the field. Using Kamisato Art: Kyouka again while in the Takimeguri Kanka state will reset and replace the pre-existing state.</p><p><i>""When, I wonder, did you come under the illusion that you were winning?""</i><br><i>— Ayato is like this in both matter of martial prowess and political intrigue, but to preserve the dignity of his fellow Commissioners, he does not say such things to them. As such, only Thoma, Itto, and Ayaka have ever heard this line.</i></p>"
talent_name;kaveh_painted_dome;Расписной купол;Painted Dome
talent_descr;kaveh_painted_dome;<p>Полностью высвобождает энергию Мехрака и создаёт сканируемое пространство в форме куба, нанося находящимся в нём противникам dendro{Дендро урон по площади} и заставляя все Дендро ядра в области действия взорваться, а также на некоторое время даёт Кавеху следующие боевые усиления:<br>· Увеличивает область поражения обычной атаки, заряженной атаки и атаки в падении Кавеха, а также конвертирует урон атак в dendro{Дендро урон}, который не может быть отменён другими инфузиями.<br>· Повышает урон взрыва Дендро ядер, создаваемых персонажами вашего отряда с помощью реакций Бутонизация или Лунная бутонизация.<br>· Увеличивает сопротивление прерыванию Кавеха.<br>Эти эффекты исчезают, когда Кавех покидает поле боя.</p><p><i>«В здании каждого стиля заключено уникальное мировоззрение его архитектора. Исходя из этого, можно сказать, что здания - застывшие человеческие воспоминания».</i></p>;"<p>Completely unleashes Mehrak's energy and creates a cubic scanned space, dealing dendro{AoE Dendro DMG} to all opponents within it, causing all Dendro Cores in its AoE to immediately burst, and granting Kaveh the following enhanced combat abilities for a specific duration:<br>· Increases Kaveh's Normal, Charged, and Plunging Attack AoE, and converts his attack DMG to dendro{Dendro DMG} that cannot be overridden.<br>· All Dendro Cores created by all your own party members through Bloom and Lunar-Bloom reactions will deal additional DMG when they burst.<br>· Increases Kaveh's resistance to interruption.<br>These effects will be canceled once Kaveh leaves the field.</p><p><i>""Every building style includes the architect's unique worldview, and from this angle, one can say that the buildings themselves are coalescences of human memories.""</i></p>"
talent_name;kaveh_schematic_setup;Схематическая настройка;Schematic Setup
talent_descr;kaveh_schematic_setup;<p>name{Обычная атака:}<br>Выполняет до четырёх атак, используя Мехрак.</p><p>name{Заряженная атака:}<br>Комбо-атака, на которую непрерывно тратится выносливость.<br>После комбо-атаки проводит дополнительную мощную атаку мечом.</p><p>name{Атака в падении:}<br>Стремительно падает на землю, атакуя всех врагов на пути. Приземлившись, наносит урон по площади.</p>;<p>name{Normal Attack}<br>Uses Mehrak to perform up to 4 consecutive attacks.</p><p>name{Charged Attack}<br>Drains Stamina over time to perform continuous slashes.<br>At the end of the sequence, performs a more powerful slash.</p><p>name{Plunging Attack}<br>Plunges from mid-air to strike the ground, damaging opponents along the path and dealing AoE DMG upon impact.</p>
talent_name;kaveh_artistic_ingenuity;Творческое мастерство;Artistic Ingenuity
talent_descr;kaveh_artistic_ingenuity;<p>Использует способность картографирования Мехрака для атаки, проводя круговое сканирование и нанося dendro{Дендро урон по площади}. Также сканирует все Дендро ядра в области действия и заставляет их мгновенно взорваться.</p><p><i>Мехрак - модифицированная древняя технология, и может обладать другими функциями, помимо картографирования...</i></p>;<p>Uses Mehrak's mapping ability for offensive purposes, initiating a radial scan that deals dendro{AoE Dendro DMG}. It will also scan all Dendro Cores in its AoE and cause them to immediately burst.</p><p><i>Mehrak was created through the modification of ancient technology and may have some other functions apart from mapping work...</i></p>
talent_name;keqing_starward_sword;Меч небесного тракта;Starward Sword
talent_descr;keqing_starward_sword;<p>Кэ Цин выпускает силу грома, нанося electro{Электро урон по площади}.<br>Затем она растворяется в тени своего меча и исполняет серию молниеносных атак по всем окружающим её врагам, нанося множественный electro{Электро урон}. Последний удар наносит electro{Электро урон по площади}.</p><p><i>Самая быстрая атака в арсенале Кэ Цин, способная сорвать звёзды с небес.</i></p>;<p>Keqing unleashes the power of lightning, dealing electro{Electro DMG} in an AOE.<br>She then blends into the shadow of her blade, striking a series of thunderclap-blows to nearby opponents simultaneously that deal multiple instances of electro{Electro DMG}. The final attack deals massive electro{AoE Electro DMG}.</p><p><i>The swiftest technique in Keqing's personal arsenal is fast enough to bring stars crashing down.</i></p>
talent_name;keqing_yunlai_swordsmanship;Грозовое фехтование;Yunlai Swordsmanship
talent_descr;keqing_yunlai_swordsmanship;<p>name{Обычная атака:}<br>До пяти быстрых ударов мечом.</p><p>name{Заряженная атака:}<br>Два быстрых взмаха мечом, на которые тратится определённое количество выносливости.</p><p>name{Атака в падении:}<br>Стремительно падает на землю, атакуя всех врагов на пути. Приземлившись, наносит урон по площади.</p>;<p>name{Normal Attack}<br>Performs up to 5 rapid strikes.</p><p>name{Charged Attack}<br>Consumes a certain amount of Stamina to unleash 2 rapid sword strikes.</p><p>name{Plunging Attack}<br>Plunges from mid-air to strike the ground below, damaging opponents along the path and dealing AoE DMG upon impact.</p>
talent_name;keqing_stellar_restoration;Возвращение звезды;Stellar Restoration
talent_descr;keqing_stellar_restoration;<p>Выпускает Громовой стилет, который поражает врагов словно внезапный удар молнии.<br>При попадании Громовой стилет наносит electro{Электро урон} врагам в небольшом радиусе и устанавливает Метку стилета в точке попадания.</p><p>name{Долгое нажатие:}<br>Удерживайте, чтобы выбрать направление броска Громового стилета.<br>Стилеты, брошенные долгим нажатием, могут остаться в воздухе, что позволит Кэ Цин телепортироваться к ним при повторном использовании навыка Возвращение звезды.</p><p>name{Громовой стилет:}<br>Если Кэ Цин активирует навык второй раз или использует заряженную атаку в течение действия навыка, Метка стилета пропадает и эффекты навыка меняются:<br>При повторном использовании навыка Возвращение звезды, Кэ Цин телепортируется к Метке стилета и проводит атаку, наносящую electro{Электро урон по площади}. С помощью телепортации Кэ Цин может преодолевать ландшафтные препятствия.<br>Выполнение заряженной атаки активирует серию ударов молнии в точке Метки стилета, нанося множественный electro{Электро урон по площади}.</p><p><i>«Люди подобны мотылькам, они неустанно летят на свет, который называют Архонтами или Адептами. Но мой свет - только мой».</i></p>;"<p>Hurls a Lightning Stiletto that annihilates her opponents like the swift thunder.<br>When the Stiletto hits its target, it deals electro{Electro DMG} to opponents in a small AoE, and places a Stiletto Mark on the spot hit.</p><p>name{Hold}<br>Hold to adjust the direction in which the Stiletto shall be thrown.<br>Stilettos thrown by the Hold attack mode can be suspended in mid-air, allowing Keqing to jump to them when using Stellar Restoration a second time.</p><p>name{Lightning Stiletto}<br> If Keqing uses Stellar Restoration again or uses a Charged Attack while its duration lasts, it will clear the Stiletto Mark and produce different effects:<br>·If she uses Stellar Restoration again, she will blink to the location of the Mark and unleash one slashing attack that deals electro{AoE Electro DMG}. When blinking to a Stiletto that was thrown from a Holding attack, Keqing can leap across obstructing terrain.<br>·If Keqing uses a Charged Attack, she will ignite a series of thundering cuts at the Mark's location, dealing electro{AoE Electro DMG}.</p><p><i>""Humans are like moths, endlessly chasing the flame we call gods and adepti. But this light that I have here is my own.""</i></p>"
talent_name;kinich_hail_to_the_almighty_dragonlord;Слава драконьему величеству;Hail to the Almighty Dragonlord
talent_descr;kinich_hail_to_the_almighty_dragonlord;<p>Низвергает силу драконьего величества Кухул Ахава (на ограниченных, условных, регулируемых, договорных, частичных и временных основаниях), нанося dendro{Дендро урон по площади} с характеристикой Ночного духа. Ахав периодически испускает дыхание дракона, нанося dendro{Дендро урон по площади} с характеристикой Ночного духа.<br>Если во время активации Кинич пребывает в состоянии Благословения Ночного духа, то длительность текущего Благословения увеличивается на 1,7 сек.</p><p><i>«Да, да! Вы предстали перед драконьим величеством Кухул Ахавом! Скорее ступите вперёд и облобызайте мои ступни!»</i></p>;"<p>Unleashes the power of the Almighty Dragonlord, K'uhul Ajaw (on a limited, conditional, restricted, contractual, partial, temporary basis), dealing Nightsoul-aligned dendro{AoE Dendro DMG}. Ajaw will unleash his Dragon Breath at intervals, dealing Nightsoul-aligned dendro{AoE Dendro DMG}.<br>If Kinich is in Nightsoul's Blessing when this is used, this Blessing's duration is extended by 1.7s.</p><p><i>""Yes, yes! You stand before K'uhul Ajaw the Almighty Dragonlord! Come forward, then! Kneel, and kiss our feet!""</i></p>"
talent_name;kinich_nightsun_style;Стиль ночного солнца;Nightsun Style
talent_descr;kinich_nightsun_style;<p>name{Обычная атака:}<br>До трёх ударов подряд.<br>Совершив прыжок с помощью крюка элементального навыка Охотник Крон: Верхом на высотах, до приземления Кинич может выполнить одну обычную атаку в воздухе.</p><p>name{Заряженная атака:}<br>Тратит определённое количество выносливости на вращение и бросок двуручного меча во врагов впереди.</p><p>name{Атака в падении:}<br>Стремительно падает на землю, атакуя всех врагов на пути. Приземлившись, наносит урон по площади.</p>;"<p>name{Normal Attack}<br>Performs up to 3 rapid strikes.<br>After using his Elemental Skill ""Canopy Hunter: Riding High""'s mid-air swing, he can perform a Normal Attack in mid-air before landing.</p><p>name{Charged Attack}<br>Consumes a certain amount of Stamina to spin and throw his Claymore forward to attack opponents.</p><p>name{Plunging Attack}<br>Plunges from mid-air to strike the ground below, damaging opponents along the path and dealing AoE DMG upon impact.</p>"
talent_name;kinich_riding_high;Охотник Крон: Верхом на высотах;Canopy Hunter: Riding High
talent_descr;kinich_riding_high;<p>Используя знания об охоте на крупную дичь, Кинич быстро перемещается или атакует врагов.<br>Если рядом есть противник или объект, который можно атаковать, то Кинич выпускает в цель крюк, закрепляется и переходит в состояние Благословения Ночного духа с 0 очков. Если рядом ничего из перечисленного нет, он выпускает перед собой крюк и совершает с его помощью прыжок, причём откат данного навыка сокращается на 60%.<br>Может активироваться долгим нажатием. При долгом нажатии он способен прицельно выбирать направление крюка.</p><p>name{Благословение Ночного духа: Кинич}<br>Благословение Ночного духа Кинича длится 10 сек. и раз в секунду создаёт 2 очка Ночного духа.<br>В этом состоянии Кинич прикрепляется крюком к противнику поблизости и может совершать разные атаки следующим образом:<br>· При использовании обычной атаки он скользит вокруг противника, к которому прицеплен, в текущем направлении движения и совершает кольцевые выстрелы, которые наносят dendro{Дендро урон} с характеристикой Ночного духа, а также создаёт 3 очка Ночного духа. Урон этих выстрелов считается уроном элементального навыка.<br>· С максимумом очков Ночного духа он может задействовать элементальный навык Чешуебой: расходуя все очки Ночного духа, наносит dendro{Дендро урон} с характеристикой Ночного духа. Если Чешуебой активировать долгим нажатием, можно прицельно выбирать цель. Выстрелив из Чешуебоя, Кинич попробует закрепиться к его цели.<br>Находясь в состоянии Благословения Ночного духа, Кинич, после того как он закрепился крюком к противнику или выстрелил из Чешуебоя, создаёт рядом с противником Слепую зону. Когда Кинич входит в Слепую зону, он создаёт 4 очка Ночного духа, а зона пропадает.<br>Если связь прерывается из-за превышения макс. расстояния или по другой причине, обычная атака закрепит крюком новую цель поблизости перед тем как производить выстрелы.</p><p><i>«У всего есть своя цена. Полагаю, ты сделаешь разумное предложение... Что? Нет, я не принимаю оплату в рассрочку».</i></p>;"<p>Kinich uses his big-game hunting skills to either move swiftly or attack his opponent.<br>When there is an opponent or object that can be attacked nearby, he will attach a grappling hook to the target and enter Nightsoul's Blessing with 0 Nightsoul points. If neither is nearby, he fires a grappling hook forward and swings in mid-air, and this Skill's CD is decreased by 60%.<br>This skill can be Held to release. When it is Held, Kinich can aim the grappling hook.</p><p>name{Nightsoul's Blessing: Kinich}<br>Kinich's Nightsoul's Blessing lasts 10s and generates 2 Nightsoul points every second.<br>In this state, Kinich will hook onto a nearby opponent and perform a variable attack:<br>·When using a Normal Attack, Kinich will fire Loop Shots as he loops around the grappled target based on his current movement direction, dealing Nightsoul-aligned dendro{Dendro DMG} and generating 3 Nightsoul points. Loop Shot DMG is considered Elemental Skill DMG.<br>·When Nightsoul points are at max, he can use the Elemental Skill ""Scalespiker Cannon"": Consume all Nightsoul points to deal Nightsoul-aligned dendro{Dendro DMG}. When ""Scalespiker Cannon"" is Held, Kinich can aim this shot. After firing the Cannon, Kinich will try to grapple to its target.<br>While in Nightsoul's Blessing, after grappling an opponent or firing ""Scalespiker Cannon,"" a Blind Spot will be generated next to the opponent. When Kinich enters this Blind Spot, it will disappear and he will generate 4 Nightsoul points.<br>If the grapple connection should snap due to exceeding the maximum distance or some other reason, using a Normal Attack will establish a new connection with a nearby opponent before performing Loop Shots.</p><p><i>""All things come with a cost. I suggest you make a suitable offer... What? No, I don't do installments.""</i></p>"
talent_name;kirara_surprise_dispatch;Неожиданное отправление;Secret Art: Surprise Dispatch
talent_descr;kirara_surprise_dispatch;<p>Обрушивает Особый ящик для доставки на любителей красть посылки, нанося dendro{Дендро урон по площади}. Взрываясь, Особый ящик для доставки разделяется на множество name{Семян кошачьей мяты}. Семена кошачьей мяты взрываются при столкновении с врагом или спустя некоторое время, нанося dendro{Дендро урон по площади}.</p><p><i>«Хе-хе, это специально для тех, кто любит красть чужие посылки. По получении не забудьте оставить хороший отзыв, мерзавцы!»</i></p>;"<p>Smash opponents with a Special Delivery Package used for punishing parcel thieves, dealing dendro{AoE Dendro DMG}. After the Special Delivery Package explodes, it will split up into many name{Cat Grass Cardamoms} that will explode either upon contact with opponents or after a period of time, dealing dendro{AoE Dendro DMG}.</p><p><i>""Hehe, that's right, this stuff was made to deal with those parcel thieves! Remember to leave a 5-star rating once you've received yours!""</i></p>"
talent_name;kirara_boxcutter;Нарезка коробок;Boxcutter
talent_descr;kirara_boxcutter;<p>name{Обычная атака:}<br>До четырёх быстрых ударов.</p><p>name{Заряженная атака:}<br>Тратит определённое количество выносливости на три быстрых удара когтями.</p><p>name{Атака в падении:}<br>Стремительно падает на землю, атакуя всех врагов на пути. Приземлившись, наносит урон по площади.</p>;<p>name{Normal Attack}<br>Performs up to 4 rapid strikes.</p><p>name{Charged Attack}<br>Consumes a certain amount of Stamina to unleash 3 rapid claw strikes.</p><p>name{Plunging Attack}<br>Plunges from mid-air to strike the ground below, damaging opponents along the path and dealing AoE DMG upon impact.</p>
talent_name;kirara_meow_teor_kick;Мяутеоритный удар;Meow-teor Kick
talent_descr;kirara_meow_teor_kick;<p>name{Быстрое нажатие}<br>Подпрыгивает в воздух с ловкостью мчащейся через кусты кошки и больно бьёт противников, нанося dendro{Дендро урон по площади}. Также развёртывает Щит безопасной перевозки и на короткое время получает dendro{эффект Дендро}. Щит безопасной перевозки поглощает dendro{Дендро урон} с 250% эффективностью. Поглощаемый щитом урон зависит от макс. HP Кирары и не превышает определённого процента от него. Оставшийся поглощаемый урон Щита безопасной перевозки при создании нового щита суммируется с ним, а его длительность обновляется.</p><p>name{Долгое нажатие}<br>Следуя рвению «доставить за полдня», создаёт такой же Щит безопасной перевозки, как и при коротком нажатии, сворачивается калачиком в специальном ящике для экспресс-доставки и переходит в состояние Срочной посылки нэко, чтобы передвигаться и сражаться ещё быстрее.</p><p>name{Срочная посылка нэко}<br>· Наносит dendro{Дендро урон} противникам, в которых врезается. Этот эффект может возникнуть один раз в 0,5 сек. для каждого врага.<br>· В этом состоянии скорость передвижения, скорость карабканья и сила прыжка Кирары увеличены, а при карабканье она тратит больше энергии.<br>· После истечения времени действия или повторной активации навыка выполняет Удар когтями, который наносит dendro{Дендро урон по площади}. Этот удар сильнее атаки при коротком нажатии навыка.<br>· Состояние Срочной посылки нэко длится до 10 сек., после чего переходит в режим отката. Чем дольше Кирара пребывает в этом состоянии, тем дольше откат.<br>· Спринт или произвольное завершение карабканья прерывает это состояние.</p><p><i>«Хотите знать, в чём секрет такой быстрой доставки? В силе ног, конечно же!»</i></p>;"<p>name{Press}<br>Leaps into the air with all the agility of a cat passing through the bushes, and thwacks her foes with a flying kick that deals dendro{AoE Dendro DMG} while creating a Shield of Safe Transport. This will also briefly dendro{apply Dendro} to Kirara. The shield will absorb dendro{Dendro DMG} with 250% effectiveness. The shield's DMG absorption will be based on Kirara's Max HP and will not exceed a certain percentage of that Max HP. The remaining DMG absorption on a Shield of Safe Transport will stack on a new one when it is created, and its duration will reset.</p><p>name{Hold}<br>Out of her desire to ""deliver within half a day,"" Kirara deploys a Shield of Safe Transport identical to the one that can be created by pressing the skill. She will also curl up into a special express delivery box, entering the Urgent Neko Parcel state in order to move and fight more swiftly.</p><p>name{Urgent Neko Parcel}<br>· Deals dendro{Dendro DMG} to opponents she crashes into. This effect can be triggered once on each opponent every 0.5s.<br>· When in this state, Kirara's movement speed, climbing speed, and jumping power are all increased, and her Stamina Consumption from climbing is increased.<br>· When the duration ends or the skill is used again, a Flipclaw Strike more powerful than the attack in the Press Mode will be unleashed, dealing dendro{AoE Dendro DMG}.<br>· The Urgent Neko Parcel state lasts a maximum of 10s. When the state ends, the skill will enter CD. The longer Kirara spends in this state, the longer the CD will be.<br>· Sprinting or actively canceling climbing will end this state early.</p><p><i>""So you wanna know the secret to speedy deliveries? Well, it's all in the legs!""</i></p>"
talent_name;klee_sparks_n_splash;Грохот и искры;Sparks 'n' Splash
talent_descr;klee_sparks_n_splash;<p>Кли жжёт по полной! На время действия навыка Кли призывает Грохот и искры, которые наносят окружающим врагам pyro{Пиро урон по площади}.</p><p><i>Рыцари Ордо Фавониус считают, что, должно быть, за Кли присматривает счастливая звезда, ведь ни одна из её собственных бомб ни разу не нанесла ей вреда...</i></p>;<p>Klee's Blazing Delight! For the duration of this ability, continuously summons Sparks 'n' Splash to attack nearby opponents, dealing pyro{AoE Pyro DMG}.</p><p><i>The knights all believe that Klee must have a lucky star watching over her to have never been hurt by any of her own bombs...</i></p>
talent_name;klee_kaboom;Бабах!;Kaboom!
talent_descr;klee_kaboom;<p>name{Обычная атака:}<br>Кли любит взрывать всё вокруг! Она бросает до трёх бомб, наносящих pyro{Пиро урон по площади}.</p><p>name{Заряженная атака:}<br>Короткое заклинание, наносящее pyro{Пиро урон по площади}, на которое тратится определённое количество выносливости.</p><p>name{Атака в падении:}<br>Накопив энергию огня, стремительно падает на землю, атакуя всех врагов на пути. Приземлившись, наносит pyro{Пиро урон по площади}.</p>;<p>name{Normal Attack}<br>Throws things that go boom when they hit things! Performs up to 3 explosive attacks, dealing pyro{AoE Pyro DMG}.</p><p>name{Charged Attack}<br>Consumes a certain amount of Stamina and deals pyro{AoE Pyro DMG} to opponents after a short casting time.</p><p>name{Plunging Attack}<br>Gathering the power of Pyro, Klee plunges towards the ground from mid-air, damaging all opponents in her path. Deals pyro{AoE Pyro DMG} upon impact with the ground.</p>
talent_name;klee_jumpy_dumpty;Прыг-скок бомба;Jumpy Dumpty
talent_descr;klee_jumpy_dumpty;<p>Прыг-скок бомбы - сплошное взрывное веселье!<br>Бросает мощную Прыг-скок бомбу, которая три раза отскакивает от поверхностей и взрывается, нанося pyro{Пиро урон по площади} при каждом отскоке.</p><p>После третьего отскока бомба взрывается и распадается на мины.<br>Мины взрываются через некоторое время, либо при касании врагов. Взрыв наносит pyro{Пиро урон по площади}.<br>Изначально имеет два заряда.</p><p><i>Прыг-скок - это хороший друг Кли! Она не может не представить его всем присутствующим.</i></p>;<p>Jumpy Dumpty is tons of boom-bang-fun! <br>When thrown, Jumpy Dumpty bounces thrice, igniting and dealing pyro{AoE Pyro DMG} with every bounce.</p><p>On the third bounce, the bomb splits into many mines.<br>The mines will explode upon contact with opponents, or after a short period of time, dealing pyro{AoE Pyro DMG}.</p><p>Starts with 2 charges.</p><p><i>Jumpy Dumpty is Klee's good friend! She can't help but introduce him to everyone.</i></p>
talent_name;kujou_sara_koukou_sendou;Подчинение: Коко сэндо;Subjugation: Koukou Sendou
talent_descr;kujou_sara_koukou_sendou;<p>По позиции цели бьёт Тэнгу дзюрай: Крушитель титанов, который наносит electro{Электро урон по площади}. После этого Тэнгу дзюрай: Крушитель титанов разделяется на 4 линии последовательных Тэнгу дзюрай: Громокластер, которые наносят electro{Электро урон по площади}.<br>Тэнгу дзюрай: Крушитель титанов и Тэнгу дзюрай: Громокластер позволяют активному персонажу в зоне действия получить тот же бонус атаки, что и во время элементального навыка Призыв грозы тэнгу.</p><p>Бонусы атаки от разных Тэнгу дзюрай не складываются, а их эффекты и длительность считаются по последнему появившемуся Тэнгу дзюрай.</p><p><i>Сара покинула свой народ, тэнгу, и на время потеряла веру в комиссию Тэнрё. Но когда тучи в её сердце рассеялись, она заново нашла свою молнию.</i></p>;<p>Casts down Tengu Juurai: Titanbreaker, dealing electro{AoE Electro DMG}. Afterwards, Tengu Juurai: Titanbreaker spreads out into 4 consecutive bouts of Tengu Juurai: Stormcluster, dealing electro{AoE Electro DMG}.<br>Tengu Juurai: Titanbreaker and Tengu Juurai: Stormcluster can provide the active character within their AoE with the same ATK Bonus as given by the Elemental Skill, Tengu Stormcall.</p><p>The ATK Bonus provided by various kinds of Tengu Juurai will not stack, and their effects and duration will be determined by the last Tengu Juurai to take effect.</p><p><i>Sara departed from her people, the tengu, and also temporarily lost her faith in the Tenryou Commission. But once the clouds over her heart cleared, she found her own lightning anew.</i></p>
talent_name;kujou_sara_tengu_bowmanship;Стрелковое искусство тэнгу;Tengu Bowmanship
talent_descr;kujou_sara_tengu_bowmanship;<p>name{Обычная атака:}<br>До пяти выстрелов из лука.</p><p>name{Заряженная атака:}<br>Более меткий name{прицельный выстрел} с увеличенным уроном.<br>Во время прицеливания наконечник стрелы заряжается потрескивающей молнией. Полностью заряженная силой грозы стрела наносит electro{Электро урон}.<br>Когда персонаж находится в состоянии Укрытия вороньего пера, полностью заряженный выстрел при попадании оставляет после себя Воронье перо.</p><p>name{Атака в падении:}<br>Выпускает град стрел в воздухе, которые при приземлении персонажа наносят урон по площади.</p>;<p>name{Normal Attack}<br>Performs up to 5 consecutive shots with a bow.</p><p>name{Charged Attack}<br>Performs a more precise name{Aimed Shot} with increased DMG.<br>While aiming, crackling lightning will accumulate on the arrowhead. An arrow fully charged with the storm's might will deal electro{Electro DMG}.<br>When in the Crowfeather Cover state, a fully-charged arrow will leave a Crowfeather behind after it hits.</p><p>name{Plunging Attack}<br>Fires off a shower of arrows in mid-air before falling and striking the ground, dealing AoE DMG upon impact.</p>
talent_name;kujou_sara_tengu_stormcall;Призыв грозы тэнгу;Tengu Stormcall
talent_descr;kujou_sara_tengu_stormcall;<p>Быстро отступает со скоростью тэнгу и призывает защиту Вороньего пера.<br>Кудзё Сара получает Укрытие вороньего пера на 18 сек., и когда она совершает полностью заряженный прицельный выстрел, Укрытие вороньего пера тратится и оставляет на месте цели Воронье перо.<br>Через короткое время Вороньи перья активируют Тэнгу дзюрай: Засада, которые наносят противникам в зоне действия electro{Электро урон} и дают активному персонажу, находящемуся в зоне действия, бонус атаки, зависящий от базовой атаки Кудзё Сары.</p><p>Бонусы атаки от разных Тэнгу дзюрай не складываются, а их эффекты и длительность считаются по последнему появившемуся Тэнгу дзюрай.</p><p><i>У расы тэнгу не было недостатка в представителях исключительного таланта, получивших Электро Глаз Бога, и они до сих пор по старой привычке во время манипуляций с Электро восхваляют Электро Архонта. Их моление звучит примерно так:</i><br><i>«Покажи своё превосходство, о достойнейшая Наруками! Даруй слуге твоему силу грозы! Совака!»</i></p>;"<p>Retreats rapidly with the speed of a tengu, summoning the protection of the Crowfeather.<br>Gains Crowfeather Cover for 18s, and when Kujou Sara fires a fully-charged Aimed Shot, Crowfeather Cover will be consumed, and will leave a Crowfeather at the target location.<br>Crowfeathers will trigger Tengu Juurai: Ambush after a short time, dealing electro{Electro DMG} and granting the active character within its AoE an ATK Bonus based on Kujou Sara's Base ATK.</p><p>The ATK Bonuses from different Tengu Juurai will not stack, and their effects and duration will be determined by the last Tengu Juurai to take effect.</p><p><i>The tengu race have never lacked for exceptional talents who have received an Electro Vision. It's just that they often habitually chant praises to the Electro Archon while manipulating Electro. The chants go something like this</i><br><i>""Show forth your might, O praiseworthy Narukami, and grant this supplicant your thunderous might! Sowaka!""</i></p>"
talent_name;kuki_shinobu_gyoei_narukami_kariyama_rite;Обряд Гёэй Наруками Карияма;Gyoei Narukami Kariyama Rite
talent_descr;kuki_shinobu_gyoei_narukami_kariyama_rite;<p>Вонзает в землю изгоняющий зло клинок, создавая очищающий барьер, который непрерывно наносит electro{Электро урон}, зависящий от макс. HP Синобу.<br>Если у Синобу осталось не более 50% HP при активации навыка, то барьер продержится дольше. </p><p><i>Первоначально этот навык использовался при прополке и в ежегодных ритуальных молитвах за урожай, но Синобу не забыла его, пусть её жизнь в качестве жрицы и осталась позади.</i></p>;<p>Stabs an evil-excoriating blade into the ground, creating a field that cleanses the area of all that is foul, dealing continuous electro{Electro DMG} to opponents within its AoE based on Shinobu's Max HP.<br>If Shinobu's HP is less than or equal to 50% when this skill is used, the field will last longer.</p><p><i>This was originally a technique used in weeding and in ritual prayers for the yearly harvest, but Shinobu has not forgotten it, though her career as a shrine maiden may have ended.</i></p>
talent_name;kuki_shinobu_shinobus_shadowsword;Теневой меч Синобу;Shinobu's Shadowsword
talent_descr;kuki_shinobu_shinobus_shadowsword;<p>name{Обычная атака:}<br>До четырёх быстрых ударов мечом.</p><p>name{Заряженная атака:}<br>Тратит определённое количество выносливости на два быстрых взмаха мечом.</p><p>name{Атака в падении:}<br>Стремительно падает на землю, атакуя всех врагов на пути. Приземлившись, наносит урон по площади.</p>;<p>name{Normal Attack}<br>Performs up to 4 rapid strikes.</p><p>name{Charged Attack}<br>Consumes a certain amount of Stamina to unleash 2 rapid sword strikes.</p><p>name{Plunging Attack}<br>Plunges from mid-air to strike the ground below, damaging opponents along the path and dealing AoE DMG upon impact.</p>
talent_name;kuki_shinobu_sanctifying_ring;Освящающее кольцо;Sanctifying Ring
talent_descr;kuki_shinobu_sanctifying_ring;<p>Жертвует частью HP и создаёт Травяное кольцо освящения, нанося electro{Электро урон} ближайшим противникам.</p><p>name{Травяное кольцо освящения}<br>Следует за активным персонажем. Каждые 1,5 сек. наносит electro{Электро урон} окружающим противникам и восстанавливает HP активным персонажам в зоне действия. Количество восстановленного HP зависит от макс. HP Куки Синобу.</p><p>Использование навыка не может опустить HP Синобу ниже 20%.</p><p><i>«Завяжи траву наку вокруг талии, и она отгонит зло».</i></p>;"<p>Creates a Grass Ring of Sanctification at the cost of part of her HP, dealing electro{Electro DMG} to nearby opponents.</p><p>name{Grass Ring of Sanctification}<br>Follows your current active character around. Deals electro{Electro DMG} to nearby opponents every 1.5s and restores HP for active character(s) within the ring's AoE based on Kuki Shinobu's Max HP.</p><p>The HP consumption from using this skill can only bring her to 20% HP.</p><p>""<i>Band the Naku Weed into a loop around your waist, and it shall exorcise evil.</i>""</p>"
talent_name;lan_yan_lustrous_moonrise;Лучезарный восход луны;Lustrous Moonrise
talent_descr;lan_yan_lustrous_moonrise;<p>Лань Янь создаёт Стаю лунных ласточек, которая притягивает противников и предметы поблизости, а также несколько раз наносит anemo{Анемо урон по площади}.</p><p><i>Строго говоря, одна Лань Янь не может называться «стаей». Однако если к ней добавить ротанговые фигурки, которые она носит с собой, условие можно считать выполненным... пожалуй?</i></p>;"<p>Lan Yan creates a Feathermoon Swallow Array, pulling in nearby opponents and objects and dealing multiple instances of anemo{AoE Anemo DMG}.</p><p><i>Strictly speaking, with only Lan Yan herself present, it cannot properly be called an ""array."" However, if her Rattan Figures are brought into the picture, she can sort of fulfill the requirements... Probably.</i></p>"
talent_name;lan_yan_black_pheasant_strides_on_water;Чёрный фазан на водной глади;Black Pheasant Strides on Water
talent_descr;lan_yan_black_pheasant_strides_on_water;<p>name{Обычная атака:}<br>Размахивает Кольцами лунного пера и выполняет до четырёх ударов, которые наносят anemo{Анемо урон}.</p><p>name{Заряженная атака:}<br>Потратив определённое количество выносливости, выбрасывает Кольцо лунного пера и наносит anemo{Анемо урон}.</p><p>name{Атака в падении:}<br>Накопив силу Анемо, стремительно падает на землю, атакуя всех врагов на пути. Приземлившись, наносит anemo{Анемо урон по площади}.</p>;<p>name{Normal Attack}<br>Wields her Feathermoon Rings to perform up to 4 attacks, dealing anemo{Anemo DMG}.</p><p>name{Charged Attack}<br>Consumes a certain amount of Stamina to throw out a Feathermoon Ring, dealing anemo{Anemo DMG}.</p><p>name{Plunging Attack}<br>Gathers the power of Anemo and plunges towards the ground from mid-air, damaging all opponents in her path. Deals anemo{AoE Anemo DMG} upon impact with the ground.</p>
talent_name;lan_yan_swallow_wisp_pinion_dance;Порхающий танец ласточкиных перьев;Swallow-Wisp Pinion Dance
talent_descr;lan_yan_swallow_wisp_pinion_dance;<p>Призывает Щит порхающей ласточки, передаваемое из поколения в поколение искусство, и стремительно бросается вперёд, при соприкосновении с целью отпрыгивая назад в воздух.<br>Поглощение урона Щитом порхающей ласточки зависит от силы атаки Лань Янь. Он поглощает anemo{Анемо урон} с 250% эффективностью.<br>Когда Лань Янь из-за эффекта элементального навыка находится в воздухе, быстрое нажатие элементального навыка или обычной атаки выпустит во врагов её Кольца лунного пера, которые после попадания дважды прокружатся между врагами поблизости, нанося anemo{Анемо урон}.<br>При долгом нажатии способ активации навыка меняется.</p><p>name{Долгое нажатие}<br>Переходит в режим прицеливания, в котором можно выбрать направление рывка.</p><p><i>«Облака вырезают лунный свет, серебристыми тенями услаждая взор».</i></p>;"<p>Summoning forth the Swallow-Wisp Shield, a secret art passed down across generations, Lan Yan dashes forward and, upon making contact with her target, will leap back into the air.<br>The Swallow-Wisp Shield's DMG absorption scales based on her ATK, and has a 250% absorption efficiency against anemo{Anemo DMG}.<br>While in mid-air due to the effects of her Elemental Skill: Swallow-Wisp Pinion Dance, pressing her Elemental Skill again or pressing Normal Attack will cause Lan Yan to hurl her Feathermoon Rings at an opponent, and they will spin between nearby opponents twice upon hit, dealing anemo{Anemo DMG}.<br>Holding the Skill will cause it to behave differently.</p><p>name{Hold}<br>Enter Aiming Mode to adjust the dash direction.</p><p><i>""The clouds cut the lunar light, like shadows silver gracing one's sight.""</i></p>"
talent_name;lauma_all_hearts_become_the_beating_moon;Рунная песнь: Сердца становятся луной;Runo: All Hearts Become the Beating Moon
talent_descr;lauma_all_hearts_become_the_beating_moon;<p>Пусть стремления всех созданий станут лунным светом, что озаряет землю. Лаума читает священную песнь крайнего севера и получает 18 уровней skill{n11190003:Сизого гимна}.<br>Вдобавок, когда Лаума применяет взрыв стихии, имея skill{n11190002:Песню луны}, либо получает Песню луны в течение 15 сек. после использования взрыва стихии, она расходует все уровни Песни луны и получает 6 уровней Сизого гимна за каждый потраченный уровень Песни луны. Этот эффект может активироваться только один раз для каждого использованного взрыва стихии, включая 15 секунд после его использования.</p><p>name{Сизый гимн}<br>Когда персонажи отряда поблизости наносят урон реакций Бутонизация, Вегетация, Цветение или Лунная бутонизация, 1 уровень Сизого гимна расходуется и повышает наносимый урон пропорционально мастерству стихий Лаумы. Если такой урон поражает нескольких противников одновременно, то уровни Сизого гимна расходуются согласно количеству поражённых противников.<br>Длительность каждого уровня Сизого гимна рассчитывается отдельно.</p>;<p>Let the wishes of all beings become as moonlight that bathes the earth. Lauma incants a sacred song of the far north, gaining 18 stacks of skill{n11190003:Pale Hymn}.<br>Additionally, if Lauma uses her Elemental Burst while she has skill{n11190002:Moon Song}, or she gains Moon Song within 15s of using her Elemental Burst, she will consume all Moon Song stacks and gain 6 stacks of Pale Hymn for every Moon Song stack consumed. This effect can only be triggered once for each Elemental Burst used, including the 15 seconds following its use.</p><p>name{Pale Hymn}<br>When nearby party members deal Bloom, Hyperbloom, Burgeon, or Lunar-Bloom DMG, 1 stack of Pale Hymn will be consumed and the DMG dealt will be increased based on Lauma's Elemental Mastery. If this DMG hits multiple opponents at once, then multiple stacks of Pale Hymn will be consumed, depending on how many opponents are hit.<br>The duration for each stack of Pale Hymn is counted independently.</p>
talent_name;lauma_peregrination_of_linnunrata;Скитания Линнунраты;Peregrination of Linnunrata
talent_descr;lauma_peregrination_of_linnunrata;<p>name{Обычная атака:}<br>До трёх ударов, наносящих dendro{Дендро урон}.</p><p>name{Заряженная атака:}<br>Лаума принимает форму Посланницы духов: она становится посланницей безмятежных рощ и тратит выносливость на бросок вперёд длительностью до 10 сек. В этом состоянии сопротивление прерыванию Лаумы повышается, а также она может расходовать дополнительную выносливость, чтобы выполнить до 2 последовательных прыжков.<br>Когда Лаума выходит из формы Посланницы духов, превращение в Посланницу духов переходит в откат. В это время заряженная атака Лаумы становится Воззванием к духам - кратким заклинанием, наносящим dendro{Дендро урон по площади} впереди, на которое тратится определённое количество выносливости.</p><p>name{Атака в падении:}<br>Накопив энергию Дендро, стремительно падает на землю, атакуя всех врагов на пути. Приземлившись, наносит dendro{Дендро урон по площади}.</p>;<p>name{Normal Attack}<br>Performs up to 3 attacks that deal dendro{Dendro DMG}</p><p>name{Charged Attack}<br>Lauma undergoes Spirit Envoy Metamorphosis, transforming into an envoy of the tranquil forest and consuming Stamina to charge forward for up to 10s. While in this state, Lauma's interruption resistance is increased, and she can consume additional Stamina to perform up to two consecutive jumps.<br>When exiting the Spirit Envoy state, Spirit Envoy Metamorphosis will enter cooldown, during which time, Lauma's Charged Attack will be transformed into Spiritcall Prayer: Consumes a certain amount of Stamina to deal dendro{AoE Dendro DMG} to opponents in front of her after a short casting time.</p><p>name{Plunging Attack}<br>Calling upon the might of Dendro, Lauma plunges towards the ground from mid-air, damaging all opponents in her path and dealing dendro{AoE Dendro DMG} upon impact with the ground.</p>
talent_name;lauma_dawnless_rest_of_karsikko;Рунная песнь: Безрассветный покой карсикко;Runo: Dawnless Rest of Karsikko
talent_descr;lauma_dawnless_rest_of_karsikko;<p>Молча произносит древний гимн и призывает skill{n11190001:Святыню инеевой чащи}. При долгом нажатии способ активации навыка меняется.</p><p>name{Быстрое нажатие}<br>Произносит Песнь охоты, нанося dendro{Дендро урон по площади}.</p><p>name{Долгое нажатие}<br>Активируется, если есть хотя бы 1 skill{n11190008:Зелёная роса}. Лаума расходует всю Зелёную росу и произносит Песнь вечного сна, один раз нанося обычный dendro{Дендро урон по площади} и ещё один раз dendro{Дендро урон по площади}, который считается уроном реакции Лунная бутонизация. Каждая израсходованная Зелёная роса также наделяет Лауму одним уровнем skill{n11190002:Песни луны}. Каждая активация элементального навыка долгим нажатием может израсходовать до 3 Зелёных рос.</p><p>Кроме того, когда элементальный навык или Святыня инеевой чащи Лаумы поражают врага, dendro{Дендро} и hydro{Гидро} сопротивление данного врага снижается на 10 сек.</p>;<p>Silently incants an ancient hymn, summoning a skill{n11190001:Frostgrove Sanctuary} with different effects depending on whether you Tap or Hold.</p><p>name{Tap}<br>Intone a Hymn of Hunting, dealing dendro{AoE Dendro DMG}.</p><p>name{Hold}<br>Can be unleashed when you have at least 1 skill{n11190008:Verdant Dew}. Lauma consumes all Verdant Dew and intones a Hymn of Eternal Rest, dealing one regular instance of dendro{AoE Dendro DMG} and another instance of dendro{AoE Dendro DMG} that is considered Lunar-Bloom DMG. Each Verdant Dew consumed will give Lauma one stack of skill{n11190002:Moon Song}. Each time you Hold to cast an Elemental Skill, a maximum of 3 Verdant Dew can be consumed in this way.</p><p>Additionally, when Lauma's Elemental Skill or attacks from Frostgrove Sanctuary hit an opponent, that opponent's dendro{Dendro RES} and hydro{Hydro RES} will be decreased for 10s.</p>
talent_name;n11190001;Святыня инеевой чащи;Frostgrove Sanctuary
talent_descr;n11190001;<p>Магический строй, защищающий Голос Лунного Гимна. Призывается элементальным навыком name{Рунная песнь: Безрассветный покой карсикко}.<br>Святыня инеевой чащи следует за активным персонажем и раз в 2 сек. наносит однократный dendro{Дендро урон по площади} противнику в области действия строя. Такой урон считается уроном элементального навыка.</p>;<p>A magical array that protects the Moonchanters and can be summoned by using the Elemental Skill name{Runo: Dawnless Rest of Karsikko}.<br>The Frostgrove Sanctuary will follow the active character, dealing a single instance of dendro{AoE Dendro DMG} to opponents within the array every 2s. This DMG is considered Elemental Skill DMG.</p>
talent_name;n11190002;Песня луны;Moon Song
talent_descr;n11190002;<p>Мелодия, используемая для сплетения гимнов. При использовании взрыва стихии или через некоторое время после его применения может превращаться в Сизый гимн, который повышает урон реакций Бутонизация, Вегетация, Цветение и Лунная бутонизация.<br>Когда Лаума расходует Зелёную росу, чтобы активировать элементальный навык name{Рунная песнь: Безрассветный покой карсикко} долгим нажатием, каждая израсходованная Зелёная роса предоставляет Лауме 1 уровень Песни луны.</p>;<p>A melody used to weave together hymns. When an Elemental Burst is used, or for a period of time after an Elemental Burst has been used, it can be converted into Pale Hymn stacks that increase the DMG from Bloom, Hyperbloom, Burgeon, and Lunar-Bloom reactions.<br>When Lauma consumes Verdant Dew to perform the Hold version of her Elemental Skill name{Runo: Dawnless Rest of Karsikko}, each Verdant Dew consumed will provide Lauma with 1 stack of Moon Song.</p>
talent_name;n11190003;Сизый гимн;Pale Hymn
talent_descr;n11190003;<p>Гимн, передаваемый из поколения в поколение Голосами Лунного Гимна. Повышает урон реакций Бутонизация, Вегетация, Цветение и Лунная бутонизация.</p><p>Лаума может получать уровни Сизого гимна следующими способами:<br>· Применяя взрыв стихии name{Рунная песнь: Сердца становятся луной}.<br>· Расходуя уровни Песни луны при использовании взрыва стихии name{Рунная песнь: Сердца становятся луной}.<br>· Когда Святыня инеевой чащи активирует эффект её созвездия name{«Я подношу кровь и слёзы лунному свету»}.</p><p>Когда персонажи отряда наносят урон реакций Бутонизация, Вегетация, Цветение или Лунная бутонизация, 1 уровень Сизого гимна расходуется и повышает наносимый урон пропорционально мастерству стихий Лаумы. Если такой урон поражает нескольких противников одновременно, то уровни Сизого гимна расходуются согласно количеству поражённых противников.<br>Длительность каждого уровня Сизого гимна рассчитывается отдельно.</p>;"<p>A hymn passed down by generations of Moonchanters that increases the DMG dealt by Bloom, Hyperbloom, Burgeon, and Lunar-Bloom reactions.</p><p>Lauma can gain Pale Hymn stacks in the following ways:<br>· When using her Elemental Burst name{Runo: All Hearts Become the Beating Moon}.<br>· When consuming Moon Song stacks due to using her Elemental Burst name{Runo: All Hearts Become the Beating Moon}.<br>· When the Frostgrove Sanctuary triggers the effect of her Constellation name{""I Offer Blood and Tears to the Moonlight""}.</p><p>When party members deal Bloom, Hyperbloom, Burgeon, or Lunar-Bloom DMG, 1 stack of Pale Hymn will be consumed and the DMG dealt will be increased based on Lauma's Elemental Mastery. If this DMG hits multiple opponents at once, then multiple stacks of Pale Hymn will be consumed, depending on how many opponents are hit.<br>The duration for each stack of Pale Hymn is counted independently.</p>"
talent_name;n11190007;Возвышение;Elevation
talent_descr;n11190007;<p>Особый эффект повышения урона. Он рассчитывается отдельно от других эффектов повышения урона.</p>;<p>Special DMG Boost effect. It is calculated independently of other DMG Boost effects.</p>
talent_name;n11190008;Зелёная роса;Verdant Dew
talent_descr;n11190008;<p>После того как персонажи отряда активируют реакцию Лунная бутонизация, отряд получает данный ресурс.<br>В течение 2,5 сек. после активации Лунной бутонизации ваш отряд каждые 2,5 сек. будет получать 1 Зелёную росу. Лимит Зелёной росы составляет 3. Если в это время активировать Лунную бутонизацию ещё раз, длительность этого эффекта обновится.</p>;<p>When party members trigger Lunar-Bloom reactions, the party will receive such a resource.<br>Your party will receive 1 Verdant Dew every 2.5s for 2.5s after triggering a Lunar-Bloom reaction. Your party can have up to 3 Verdant Dew. If you trigger another Lunar-Bloom reaction during this time, the duration of this effect will be reset.</p>
talent_name;layla_dream_of_the_star_stream_shaker;Сон колыбели звёзд;Dream of the Star-Stream Shaker
talent_descr;layla_dream_of_the_star_stream_shaker;<p>Создаёт Небесную сферу снов, которая постоянно выпускает по противникам в области действия Заряды звёздного света, нанося cryo{Крио урон}.<br>При попадании Заряд звёздного света создаёт 1 Ночную звезду на Пологе сновидений поблизости. Подобным образом каждый Полог сновидений может получать по 1 Ночной звезде каждые 0,5 сек.</p><p><i>«Засыпай, засыпай. Пусть пред твоими спящими глазами на звёздных тропах снов развернутся мириады судеб».</i></p>;"<p>Unleashes a Celestial Dreamsphere that constantly fires Starlight Slugs at opponents within its AoE, dealing cryo{Cryo DMG}.<br>When a Starlight Slug hits, it will generate 1 Night Star for nearby Curtains of Slumber. Each Curtain of Slumber can gain 1 Night Star this way every 0.5s.</p><p><i>""Sleep now, sleep now; and may many destinies be revealed before your slumbering eyes, within your star-paved dreams.""</i></p>"
talent_name;layla_sword_of_the_radiant_path;Меч сияющей тропы;Sword of the Radiant Path
talent_descr;layla_sword_of_the_radiant_path;<p>name{Обычная атака:}<br>До трёх быстрых ударов мечом.</p><p>name{Заряженная атака:}<br>Тратит определённое количество выносливости на два быстрых взмаха мечом.</p><p>name{Атака в падении:}<br>Стремительно падает на землю, атакуя всех врагов на пути. Приземлившись, наносит урон по площади.</p>;<p>name{Normal Attack}<br>Performs up to 3 rapid strikes.</p><p>name{Charged Attack}<br>Consumes a certain amount of Stamina to unleash 2 rapid sword strikes.</p><p>name{Plunging Attack}<br>Plunges from mid-air to strike the ground below, damaging opponents along the path and dealing AoE DMG upon impact.</p>
talent_name;layla_nights_of_formal_focus;Ночи почтенного сосредоточения;Nights of Formal Focus
talent_descr;layla_nights_of_formal_focus;<p>Создаёт щит, который называется Пологом сновидений, нанося cryo{Крио урон по площади}.<br>Поглощаемый Пологом сновидений урон зависит от максимального HP Лайлы, при этом он поглощает cryo{Крио урон с 250% эффективностью}. При активации Полога Лайла получает кратковременный cryo{эффект Крио}.</p><p>name{Ночные звёзды и Метеоры}<br>Каждые 1,5 сек. во время своего действия Полог сновидений создаёт 1 Ночную звезду, которая прикрепляется к нему. Когда персонаж под защитой Полога сновидений активирует элементальный навык, создаются 2 Ночные звезды. Ночные звёзды таким способом можно создавать один раз каждые 0,3 сек. Одновременно может существовать до 4 Ночных звёзд.<br>Когда на Пологе сновидений 4 Ночные звезды, а поблизости есть враги, звёзды по очереди превращаются в Метеоры, которые самостоятельно находят и поражают врагов, нанося cryo{Крио урон}.<br>Когда действие Полога сновидений истекает или он разрушается, Ночные звёзды исчезают вместе с ним. Если они уже превратились в Метеоры, которые начали поражать врагов, эти Метеоры просуществуют до окончания своего действия.</p><p>Пока Метеоры не закончат поражать врагов, новые Ночные звёзды не появятся.</p><p><i>«Мы с ней как два мастера, которые никогда не встречались, но сидели на одной подушке и вышивали одни и те же цветы снов».</i></p>;"<p>Puts forth a shield known as the Curtain of Slumber, dealing cryo{AoE Cryo DMG}.<br>The Curtain of Slumber's DMG Absorption is based on Layla's Max HP and absorbs cryo{Cryo DMG} with 250% effectiveness. When the shield is deployed, Layla will have cryo{Cryo} applied to her briefly.</p><p>name{Night Stars and Shooting Stars}<br>While the Curtain of Slumber is active, it will create 1 Night Star that will be attached to it every 1.5s. When a character protected by this shield uses an Elemental Skill, 2 Night Stars will be created. Night Stars can be created once every 0.3s in this way. A maximum of 4 Night Stars can be accumulated at any one time.<br>Once the Curtain of Slumber has accumulated 4 Night Stars and there are opponents nearby, these Night Stars will transform into homing Shooting Stars that will be fired off in sequence, dealing cryo{Cryo DMG} to any opponents hit.<br>If the Curtain of Slumber's duration ends or it is destroyed, the Night Stars will disappear. If they are already being fired off as Shooting Stars, these Shooting Stars will last until this wave of shots ends.</p><p>New Night Stars cannot be created until the previous wave of Shooting Stars has been fired completely.</p><p><i>""She and I are like two master artisans who have never met, yet who sit at the same cushioned seat, embroidering the same dream-flower.""</i></p>"
talent_name;lisa_lightning_rose;Громовая роза;Lightning Rose
talent_descr;lisa_lightning_rose;<p>Призывает громовую розу, которая отталкивает окружающих врагов и наносит им electro{Электро урон}.<br>В течение продолжительного времени атакует окружающих врагов, нанося им electro{Электро урон}.</p><p><i>Красота этой розы находится за гранью нашего понимания, так же как и её бьющие током шипы.</i></p>;<p>Summons a Lightning Rose that unleashes powerful lightning bolts, launching surrounding opponents and dealing electro{Electro DMG}.<br>The Lightning Rose will continuously emit lightning to knock back opponents and deal electro{Electro DMG} throughout the ability's duration.</p><p><i>This rose is beautiful, but beware its mortal thorns.</i></p>
talent_name;lisa_lightning_touch;Касание молнии;Lightning Touch
talent_descr;lisa_lightning_touch;<p>name{Обычная атака:}<br>До четырёх ударов молнией, наносящих electro{Электро урон}.</p><p>name{Заряженная атака:}<br>Короткое заклинание, наносящее electro{Электро урон по площади}, на которое тратится определённое количество выносливости.</p><p>name{Атака в падении:}<br>Накопив энергию молнии, стремительно падает на землю, атакуя всех врагов на пути. Приземлившись, наносит electro{Электро урон по площади}.</p>;<p>name{Normal Attack}<br>Performs up to 4 lightning attacks that deal electro{Electro DMG}.</p><p>name{Charged Attack}<br>Consumes a certain amount of Stamina to deal electro{AoE Electro DMG} after a short casting time.</p><p>name{Plunging Attack}<br>Gathering the might of Electro, Lisa plunges towards the ground from mid-air, damaging all opponents in her path. Deals electro{AoE Electro DMG} upon impact with the ground.</p>
talent_name;lisa_violet_arc;Пурпурная дуга;Violet Arc
talent_descr;lisa_violet_arc;<p>Фокусирует силу молнии на вечно мешающих надоедливых существах.</p><p>name{Быстрое нажатие:}<br>Выпускает самонаводящийся шар молнии, который при попадании наносит electro{Электро урон} и накладывает на противников в небольшом радиусе статус Проводник (может складываться до 3 раз).</p><p>name{Долгое нажатие:}<br>Произносит заклинание, вызывающее с небес гром, который наносит electro{Электро урон} окружающим врагам. Также наносит дополнительный урон врагам со статусом Проводник, в зависимости от количества складываний, при этом снимая с них этот статус.</p><p><i>Цвет настроения - пурпурный Электро.</i></p>;<p>Channels the power of lightning to sweep bothersome matters away.</p><p>name{Press}<br>Releases a homing Lightning Orb.<br>On hit, it deals electro{Electro DMG} and applies a stack of the Conductive status (max 3 stacks) to opponents in a small AoE.</p><p>name{Hold}<br>After an extended casting time, calls down lightning from the heavens, dealing massive electro{Electro DMG} to all nearby opponents.<br>Deals great amounts of extra damage to opponents based on the number of Conductive stacks applied to them, and clears their Conductive status.</p><p><i>Electro Purple is the raiment of the Witch of Purple Rose.</i></p>
talent_name;lynette_astonishing_shift;Фокус: Удивительное превращение;Magic Trick: Astonishing Shift
talent_descr;lynette_astonishing_shift;<p>Линетт высоко поднимает плащ и наносит anemo{Анемо урон по площади}, с поразительным мастерством являя зрителям Изумительную кошачью коробку!</p><p>name{Изумительная кошачья коробка}<br>· Дразнит врагов, отвлекая их атаки на себя.<br>· Периодически наносит anemo{Анемо урон} врагам поблизости.<br>· При контакте с hydro{Гидро}, pyro{Пиро}, cryo{Крио} или electro{Электро} Изумительная кошачья коробка поглощает данный элемент и периодически производит во врагов дополнительные Яркие выстрелы, которые наносят урон этим элементом.<br>За каждое использование навыка поглощение элементов происходит только один раз.</p><p><i>«Смотри сюда. Смотри внимательно! Это мгновение чуда, которое принадлежит только нам!»</i></p>;"<p>Lynette raises her mantle high, dealing anemo{AoE Anemo DMG}, using skillful sleight of hand to make a giant Bogglecat Box appear!</p><p>name{Bogglecat Box}<br>·Taunts nearby opponents, attracting their attacks.<br>·Deals anemo{Anemo DMG} to nearby opponents at intervals.<br>·When the Bogglecat Box comes into contact with hydro{Hydro}/pyro{Pyro}/cryo{Cryo}/electro{Electro}, it will gain the corresponding element and additionally fire Vivid Shots that will deal DMG from that element at intervals.<br>Elemental Absorption of this kind will only occur once during this ability's duration.</p><p><i>""Look this way, and look closely. This is a time for miracles, just for us.""</i></p>"
talent_name;lynette_rapid_ritesword;Стремительная церемониальная рапира;Rapid Ritesword
talent_descr;lynette_rapid_ritesword;<p>name{Обычная атака:}<br>До четырёх быстрых ударов.</p><p>name{Заряженная атака:}<br>Тратит определённое количество выносливости на два быстрых взмаха мечом.</p><p>name{Атака в падении:}<br>Стремительно падает на землю, атакуя всех врагов на пути. Приземлившись, наносит урон по площади.</p>;<p>name{Normal Attack}<br>Performs up to 4 rapid strikes.</p><p>name{Charged Attack}<br>Consumes a certain amount of Stamina to unleash 2 rapid sword strikes.</p><p>name{Plunging Attack}<br>Plunges from mid-air to strike the ground below, damaging opponents along the path and dealing AoE DMG upon impact.</p>
talent_name;lynette_enigmatic_feint;Таинственный трюк с исчезновением;Enigmatic Feint
talent_descr;lynette_enigmatic_feint;<p>Взмахивает плащом и выполняет Выпад тени, который наносит anemo{Анемо урон}.<br>При попадании во врага Выпад тени восстанавливает HP Линетт пропорционально её макс. HP, и в течение 4 сек. после этого отнимает определённое количество HP каждую секунду.<br>При долгом нажатии способ активации навыка меняется.</p><p>name{Быстрое нажатие}<br>Выполняет стремительный Выпад тени.</p><p>name{Долгое нажатие}<br>Линетт быстро движется в облике Бегущей тени и накладывает Знак тени на врага поблизости. В это время можно контролировать направление её движения. При повторном использовании навыка движение прекращается.<br>После окончания стремительного передвижения Линетт наносит Выпад тени. Если поблизости есть враг со Знаком тени, перед выполнением Выпада тени Линетт мгновенно приблизится к нему.</p><p>Линетт может наложить Знак тени на не более чем 1 врага. На слишком большом расстоянии персонажа от противника Знак тени исчезает.</p><p>name{Архэ: Усия}<br>С некоторым интервалом, выполняя Выпад тени, Линетт призывает Клинок бурных вод, который наносит anemo{Анемо урон} усии.</p><p><i>«Переведите взгляд на сцену и продолжайте смотреть представление. Я появлюсь вновь, но не там, где вы ожидаете».</i></p>;"<p>Flicks her mantle and executes an Enigma Thrust, dealing anemo{Anemo DMG}.<br>When the Enigma Thrust hits an opponent, it will restore Lynette's HP based on her Max HP, and in the 4s afterward, she will lose a certain amount of HP per second.<br>Based on whether you press or hold this ability, she will use Enigma Thrust differently.</p><p>name{Press}<br>She swiftly uses an Enigma Thrust.</p><p>name{Hold}<br>Lynette will enter a high-speed Pilfering Shadow state and apply Shadowsign to a nearby opponent. You can control her movement direction during this state, and you can end it prematurely by using this skill again.<br>When this high-speed state ends, Lynette will unleash her Enigma Thrust. If there is an opponent with Shadowsign applied to them nearby, Lynette will approach them in a flash before using Enigma Thrust.</p><p>A maximum of 1 opponent can have Shadowsign at any one time. When this opponent gets too far from Lynette, the Shadowsign will be canceled.</p><p>name{Arkhe: Ousia}<br>At specific intervals, Lynette will unleash a Surging Blade when she uses Enigma Thrust, dealing Ousia-aligned anemo{Anemo DMG}.</p><p><i>""Now then, turn your eyes to the stage and continue to enjoy the performance. When I next appear, I'll be where you least expect.""</i></p>"
talent_name;lyney_miracle_parade;Великий фокус: Парад чудес;Wondrous Trick: Miracle Parade
talent_descr;lyney_miracle_parade;<p>Лини по волшебству превращается в проворного Хохочущего шляпокота. (Не путать с Хохочущим котошляпом. Это другой реквизит!)<br>Приблизившись к врагам, Хохочущий шляпокот низвергает на врагов пламя. Каждый из них получает pyro{Пиро урон} не более 1 раза. После истечения времени действия Лини отбрасывает личину Хохочущего шляпокота и запускает великолепный фейерверк, наносит pyro{Пиро урон по площади}, призывает 1 Хохочущего котошляпа и получает 1 уровень Избыточного реквизита.</p><p>Действие Хохочущего шляпокота может быть прекращено произвольно.</p><p><i>«Смотри внимательно. Настало мгновение неповторимого чуда, которое принадлежит только нам!»</i></p>;"<p>Unleashing his magic, Lyney turns himself into a Grin-Malkin Cat that can move around quickly. (Not to be mistaken for the Grin-Malkin Hat. They're two different props!)<br>When the Grin-Malkin Cat gets close to opponents, it will send flames falling down on them, dealing at most 1 instance of pyro{Pyro DMG} to each opponent. When the duration ends, he will dismiss the Grin-Malkin Cat and ignite fireworks that deal pyro{AoE Pyro DMG}, summon 1 Grin-Malkin Hat, and grant himself 1 Prop Surplus stack.</p><p>Grin-Malkin Cat can be actively canceled.</p><p><i>""Watch closely now. This is a time for miracles, and it belongs to just the two of us!""</i></p>"
talent_name;lyney_card_force_translocation;Форсирование карты с подменой;Card Force Translocation
talent_descr;lyney_card_force_translocation;<p>name{Обычная атака}<br>Производит до четырёх последовательных выстрелов из лука.</p><p>name{Атака в падении}<br>Выпускает град стрел, которые при приземлении персонажа наносят урон по площади.</p><p>name{Заряженная атака}<br>Более меткий name{прицельный выстрел} с увеличенным уроном.<br>Во время прицеливания на наконечнике стрелы собирается сила пламени. Эффект зависит от длительности заряда стрелы:<br>· Уровень заряда 1: выпускает стрелу, наполненную силой Пиро, которая наносит pyro{Пиро урон}.<br>· Уровень заряда 2: выпускает стрелу-реквизит, которая наносит pyro{Пиро урон} и при попадании вызывает Хохочущего котошляпа.<br>Если во время выстрела стрелой-реквизитом у Лини более 60% HP, он жертвует частью HP и получает 1 уровень Избыточного реквизита. Эффект может складываться до 5 раз и пропадает через 30 сек. после того, как Лини покидает бой.<br>При использовании этого способа HP Лини не может опуститься ниже 60% от его макс. HP.</p><p>name{Хохочущий котошляп}<br>· Дразнит врагов, отвлекая их атаки на себя. Котошляп может дразнить каждого из врагов один раз в 5 сек.<br>· Его прочность зависит от макс. HP Лини.<br>· Если его уничтожают, либо если его время заканчивается, он выстреливает в 1 противника поблизости name{Пиротехническим снарядом}, который наносит pyro{Пиро урон}.<br>Одновременно может существовать только 1 котошляп.</p><p>name{Архэ: Пневма}<br>С некоторым интервалом, на месте попадания стрелы-реквизита нисходит Игла дыхания душ, наносящая pyro{Пиро урон} пневмы.</p>;<p>name{Normal Attack}<br>Performs up to 4 consecutive shots with a bow.</p><p>name{Plunging Attack}<br>Fires off a shower of arrows in mid-air before falling and striking the ground, dealing AoE DMG upon impact.</p><p>name{Charged Attack}<br>Performs a more precise name{Aimed Shot} with increased DMG.<br>While aiming, flames will run across the arrowhead before being fired. Different effects will occur based on the time spent charging.<br>·Charge Level 1: Fires off a Pyro-infused arrow, dealing pyro{Pyro DMG}.<br>·Charge Level 2: Fires off a Prop Arrow that deals pyro{Pyro DMG}, and upon hit, it will summon a Grin-Malkin Hat.<br>When firing the Prop Arrow, and when Lyney has more than 60% HP, he will consume a portion of his HP to obtain 1 Prop Surplus stack. Max 5 stacks. The effect will be removed after the character spends 30s out of combat.<br>The lowest Lyney can drop to through this method is 60% of his Max HP.</p><p>name{Grin-Malkin Hat}<br>·Can taunt nearby opponents and attract their attacks. Each opponent can only be taunted by the Hat once every 5s.<br>·The Hat will inherit a percentage of Lyney's Max HP.<br>·If destroyed, or if its duration expires, it will fire off a name{Pyrotechnic Strike} at 1 nearby opponent, dealing pyro{Pyro DMG}.<br>Only 1 Hat can exist at any given time.</p><p>name{Arkhe: Pneuma}<br>At certain intervals, the Prop Arrow will cause a Spiritbreath Thorn to descend upon its hit location, dealing Pneuma-aligned pyro{Pyro DMG}.</p>
talent_name;lyney_bewildering_lights;Ошеломляющие огни;Bewildering Lights
talent_descr;lyney_bewildering_lights;<p>Лини взмахивает шляпой, запуская сюрприз-фейерверк.<br>При активации снимаются все текущие уровни Избыточного реквизита и врагам впереди наносится pyro{Пиро урон по площади}. В зависимости от количества снятых уровней эффекта урон увеличивается. Кроме того, HP Лини восстанавливается в зависимости от его макс. HP.</p><p>Если на поле боя существует Хохочущий котошляп, созданный Лини, фейерверк заставит его взорваться и нанести pyro{Пиро урон по площади}, пропорциональный урону Пиротехнического снаряда.<br>Урон от взрыва котошляпа, наносимый таким образом, считается уроном заряженной атаки.</p><p><i>«Это хорошо известный приём, используемый фокусниками, чтобы отвлечь внимание зрителей... А пока вы смотрите в другую сторону, шляпы с ассистенткой как не бывало. Чрезвычайно занимательно, не так ли?»</i></p>;"<p>Lyney does a flourish with his hat, unleashing a firework surprise!<br>When used, he will clear all current Prop Surplus stacks and deal pyro{AoE Pyro DMG} to opponents in front of him. DMG will be increased according to the stacks cleared, and this will also regenerate Lyney's HP based on his Max HP.</p><p>When a Grin-Malkin Hat created by Lyney is on the field, the fireworks will cause it to explode, dealing pyro{AoE Pyro DMG} equal to that of a Pyrotechnic Strike.<br>The DMG dealt through the Grin-Malkin Hat in this way is considered Charged Attack DMG.</p><p><i>""Everyone knows that magicians will intentionally misdirect the audience... Ah, yes, while you were looking my way, the hat and assistant over there have both disappeared... Fascinating, is it not?""</i></p>"
talent_name;mavuika_hour_of_burning_skies;Час пылающих небес;Hour of Burning Skies
talent_descr;mavuika_hour_of_burning_skies;<p>Пусть голоса людских сердец донесутся до божественного трона в небесах.<br>name{Взрыв стихии Мавуики зависит не от энергии, а от Боевого духа.}</p><p>name{Боевой дух}<br>Когда у Мавуики не менее 50% Боевого духа, она может полностью потратить его и выпустить взрыв стихии.<br>Мавуика может получать Боевой дух следующими способами:<br>· В бою очки Ночного духа, расходуемые членами отряда поблизости, конвертируются в Боевой дух Мавуики.<br>· Обычные атаки членов отряда поблизости, поражая противников, дают Мавуике 1,5 ед. Боевого духа. Этот эффект может возникнуть один раз в 0,1 сек.</p><p>После применения навыка Мавуика получает 10 очков Ночного духа и входит в состояние Благословения Ночного духа. Летя на пламецикле высоко в воздухе, она однократно атакует врагов на земле могущественным Ударом падающего солнца, который наносит pyro{Пиро урон по площади} с характеристикой Ночного духа, и входит в состояние Горнила смерти и жизни.</p><p>name{Горнило смерти и жизни}<br>Во время его действия различные действия Мавуики не расходуют очки Ночного духа, а её сопротивление прерыванию повышается. Кроме того, повышается урон Удара падающего солнца, а также обычной и заряженной атаки Высвобождения древнего имени, пропорционально количеству Боевого духа на момент активации взрыва стихии.<br>Горнило смерти и жизни исчезает, когда Мавуика покидает поле боя.</p><p><i>«...Но на сей раз я собственными руками разобью такую судьбу».</i></p>;"<p>Let the people's inner voices reach the divine throne in the heavens.<br>name{Mavuika's Elemental Burst is not reliant on Energy, but instead, on ""Fighting Spirit.""}</p><p>name{Fighting Spirit}<br>When Mavuika has at least 50% Fighting Spirit, she can consume it all to unleash her Elemental Burst.<br>Mavuika can obtain Fighting Spirit via the following methods:<br>· When in combat, Nightsoul points consumed by nearby party members are converted to Fighting Spirit.<br>· When nearby party members' Normal Attacks hit opponents, Mavuika gains 1.5 Fighting Spirit. This can trigger once every 0.1s.</p><p>After using this, Mavuika gains 10 Nightsoul points and enters the Nightsoul's Blessing state. Riding her Flamestrider high in the air, she uses a powerful Sunfell Slice against opponents on the ground, dealing Nightsoul-aligned pyro{AoE Pyro DMG} and entering the ""Crucible of Death and Life"" state.</p><p>name{Crucible of Death and Life}<br>During this time, Mavuika's various actions will no longer consume Nightsoul points, and her interruption resistance is increased. Also, the DMG dealt by Sunfell Slice and ""Ancient Name Unbound""'s Normal and Charged Attacks is increased based on the amount of Fighting Spirit she has when using the Elemental Burst.<br>Crucible of Death and Life will be canceled when Mavuika leaves the field.</p><p><i>""—But this time, I want to break the cycle and free us from this fate for good.""</i></p>"
talent_name;mavuika_flames_weave_life;Огонь плетёт жизнь;Flames Weave Life
talent_descr;mavuika_flames_weave_life;<p>name{Обычная атака:}<br>До четырёх ударов мечом.</p><p>name{Заряженная атака:}<br>Тратит определённое количество выносливости на исключительно сильный удар Пылающего света перед собой.</p><p>name{Атака в падении:}<br>Стремительно падает на землю, атакуя всех врагов на пути. Приземлившись, наносит урон по площади.</p>;<p>name{Normal Attack}<br>Performs up to 4 consecutive claymore strikes.</p><p>name{Charged Attack}<br>Consumes a certain amount of Stamina to perform an especially powerful Severing Splendor strike toward the front.</p><p>name{Plunging Attack}<br>Plunges from mid-air to strike the ground below, damaging opponents along the path and dealing AoE DMG upon impact.</p>
talent_name;mavuika_the_named_moment;Именованное мгновение;The Named Moment
talent_descr;mavuika_the_named_moment;<p>Властью над «борьбой» призывает Всеогненное вооружение, передаваемое из поколения в поколение людьми-Архонтами, и наносит pyro{Пиро урон} с характеристикой Ночного духа.<br>После применения Мавуика восстанавливает очки Ночного духа до максимума и входит в состояние Благословения Ночного духа.</p><p>name{Всеогненное вооружение}<br>При долгом нажатии его форма меняется.</p><p>name{Быстрое нажатие}<br>Высвобождение имени божества: Всеогненное вооружение проявляется в форме Кольца испепеляющего сияния. Кольцо испепеляющего сияния следует за активным персонажем и периодически атакует врагов поблизости, нанося pyro{Пиро урон} с характеристикой Ночного духа.</p><p>name{Долгое нажатие}<br>Высвобождение древнего имени: Всеогненное вооружение проявляется в форме пламецикла. В этом состоянии Мавуика может ездить на пламецикле на высокой скорости или активировать его скрытый резервный силовой модуль, чтобы кратковременно преодолевать различные типы местности и некоторое время парить в воздухе. При этом урон обычных атак, заряженных атак и атак в падении Мавуики конвертируется в pyro{Пиро урон} с характеристикой Ночного духа, который не может быть отменён другими инфузиями. Во время спринта она также наносит врагам на своём пути pyro{Пиро урон} с характеристикой Ночного духа.</p><p>Когда Мавуика пребывает в состоянии Благословения Ночного духа, быстрым нажатием элементального навыка можно изменить форму Всеогненного вооружения. Всеогненное вооружение исчезнет, когда прекратится состояние Благословения Ночного духа Мавуики.</p><p>name{Благословение Ночного духа: Мавуика}<br>Непрерывно расходует очки Ночного духа согласно форме Всеогненного вооружения. Когда очки Ночного духа исчерпаются, Благословение Ночного духа Мавуики завершится.</p><p><i>Если вы скажете Мавуике, что в другом мире транспортному средству вроде её пламецикла нужен номерной знак, она обрадуется и этому:<br>«Мой пламецикл в этом мире единственный в своём роде. Стало быть, могу выбрать любой номер?»</i></p>;"<p>Calling upon her authority over ""conflict,"" Mavuika summons the All-Fire Armaments passed down through the line of human Archons, dealing Nightsoul-aligned pyro{Pyro DMG}.<br>After using this, Mavuika's Nightsoul points are restored to max value, and she enters the Nightsoul's Blessing state.</p><p>name{All-Fire Armaments}<br>Has different forms when Tapped or Held.</p><p>name{Tap}<br>""Divine Name Unleashed"": The All-Fire Armaments manifest as a Ring of Searing Radiance. The Ring follows the current active character and attacks nearby opponents at intervals, dealing Nightsoul-aligned pyro{Pyro DMG}.</p><p>name{Hold}<br>""Ancient Name Unbound"": The All-Fire Armaments manifest as a Flamestrider. In this state, Mavuika can ride the Flamestrider at high speed, or activate its hidden backup propulsion module to temporarily cross various terrain types and glide in mid-air. Mavuika's Normal, Charged, and Plunging Attacks will also be converted to deal Nightsoul-aligned pyro{Pyro DMG} which cannot be overridden. When sprinting, she also deals Nightsoul-aligned pyro{Pyro DMG} to opponents along her path.</p><p>While in the Nightsoul's Blessing state, Tapping the Elemental Skill can switch the All-Fire Armaments' form. The Armaments will disappear once Mavuika's Nightsoul's Blessing state ends.</p><p>name{Nightsoul's Blessing: Mavuika}<br>Continuously consumes Nightsoul points according to the All-Fire Armaments' form. Mavuika's Nightsoul's Blessing state ends once her Nightsoul points are exhausted.</p><p><i>If you told Mavuika that in another world vehicles like the Flamestrider required license plates for identification, that would make her happy too:<br>""Well, mine's the only one that exists here. Guess that means I get to pick whatever plate number I want, huh?""</i></p>"
talent_name;mika_skyfeather_song;Песнь небесного пера;Skyfeather Song
talent_descr;mika_skyfeather_song;<p>Вдохновляет товарищей по отряду молебнами рыцарского ордена и восстанавливает HP всем окружающим членам отряда, наделяя их статусом Орлиного пера. Размер восстанавливаемого HP зависит от макс. HP Мики.</p><p>name{Орлиное перо}<br>Когда обычные атаки активных персонажей со статусом Орлиного пера поражают противников, Мика восстанавливает их HP пропорционально собственному макс. HP.<br>Персонажи с этим статусом могут восстанавливать HP таким образом только один раз за определённый промежуток времени.</p><p><i>«В трудные времена не теряйте надежды, а в хорошие - бдительности, ибо белое перо выведет заблудших на правильный путь».</i></p>;"<p>Derives the ability to spur his teammates on from the recited prayers of the knightly order, regenerating HP for all nearby party members. This healing is based on Mika's Max HP and will grant them the Eagleplume state.</p><p>name{Eagleplume}<br>When the Normal Attacks of active characters affected by Eagleplume hit an opponent, Mika will help them regenerate HP based on his Max HP.<br>Characters affected by this state can only regenerate HP in this way once per short interval of time.</p><p><i>""Carry hope when in dire straits, and keep vigil when all is well... For that pure white plume shall at last guide the lost wayfarers.""</i></p>"
talent_name;mika_spear_of_favonius_arrows_passage;Копьё Фавония: Проход стрелы;Spear of Favonius - Arrow's Passage
talent_descr;mika_spear_of_favonius_arrows_passage;<p>name{Обычная атака:}<br>До пяти атак с помощью арбалета и копья.</p><p>name{Заряженная атака:}<br>Выпад, наносящий урон противникам на пути, на который тратится определённое количество выносливости.</p><p>name{Атака в падении:}<br>Стремительно падает на землю, атакуя всех врагов на пути. Приземлившись, наносит урон по площади.</p>;<p>name{Normal Attack}<br>Performs up to 5 consecutive strikes using his crossbow and spear.</p><p>name{Charged Attack}<br>Consumes a certain amount of Stamina to lunge forward, dealing damage to opponents along the way.</p><p>name{Plunging Attack}<br>Plunges from mid-air to strike the ground below, damaging opponents along the path and dealing AoE DMG upon impact.</p>
talent_name;mika_starfrost_swirl;Вихрь звёздного инея;Starfrost Swirl
talent_descr;mika_starfrost_swirl;<p>Атакует противников из арбалета и наделяет всех персонажей из вашего отряда поблизости Ветром духа, который повышает их скорость атаки, когда они активны.<br>При долгом нажатии способ активации навыка меняется.</p><p>name{Быстрое нажатие}<br>Выпускает пронзающую врагов стрелу потока инея, которая наносит cryo{Крио урон}.</p><p>name{Долгое нажатие}<br>Переходит в режим прицеливания и выпускает в зафиксированного в качестве цели врага Сигнал ледяной звезды, который наносит cryo{Крио урон}. При попадании Сигнал ледяной звезды взлетает в воздух и разрывается Осколками ледяной звезды, которые поражают до 3 других противников и наносят cryo{Крио урон}.</p><p><i>Сияют звёзды на заиндевелом небе.</i></p>;<p>Mika uses his crossbow to attack, granting all nearby characters in your party Soulwind. When characters in the Soulwind state are on the field, their ATK SPD will be increased.<br>Will take effect in different ways if Tapped or Held.</p><p>name{Tap}<br>Fires a Flowfrost Arrow that can pierce through opponents, dealing cryo{Cryo DMG} to enemies it comes into contact with.</p><p>name{Hold}<br>Goes into Aiming Mode, locking on to an opponent and firing a Rimestar Flare at them, dealing cryo{Cryo DMG}. When the Rimestar Flare hits, it will rise before exploding, launching Rimestar Shards into a maximum of 3 other opponents, dealing cryo{Cryo DMG}.</p><p><i>Stars burst 'neath the frosted skies.</i></p>
talent_name;mona_stellaris_phantasm;Звёздный фантазм;Stellaris Phantasm
talent_descr;mona_stellaris_phantasm;<p>Мона призывает бушующие волны и создаёт отражение звёздного неба, заключая врагов в большом радиусе в Теневые пузыри.</p><p>name{Теневой пузырь:}<br>Заключает в себя врагов, накладывая на них статус hydro{Мокрый}. Попав в Теневой пузырь, слабые противники также теряют способность двигаться.<br>Нанесённый заключённому в Теневой пузырь противнику урон активирует следующие эффекты:<br>· Добавляет бонус урона от Омена, также увеличивая нанесённый урон.<br>· Снимает эффект Теневого пузыря, при этом нанося hydro{Гидро урон}.</p><p>name{Омен:}<br>На время длительности навыка увеличивает получаемый противником урон.</p><p><i>Судьба стала называться судьбой, когда боги впервые обратили взоры к небу, обозначив звёзды и созвездия.</i></p>;"<p>Mona summons the sparkling waves and creates a reflection of the starry sky, applying the Illusory Bubble status to opponents in a large AoE.</p><p>name{Illusory Bubble}<br>Traps opponents inside a pocket of destiny and also makes them hydro{Wet}. Renders weaker opponents immobile.<br>When an opponent affected by Illusory Bubble sustains DMG, it has the following effects:<br>·Applies an Omen to the opponent, which gives a DMG Bonus, also increasing the DMG of the attack that causes it.<br>·Removes the Illusory Bubble, dealing hydro{Hydro} DMG in the process.</p><p>name{Omen}<br>During its duration, increases DMG taken by opponents.</p><p><i>It was from the time that gods first traced the lights in the heavens with their eyes that the notion of ""fate"" was born.</i></p>"
talent_name;mona_ripple_of_fate;Круги на воде;Ripple of Fate
talent_descr;mona_ripple_of_fate;<p>name{Обычная атака:}<br>До четырёх ударов пузырями, наносящих hydro{Гидро урон}.</p><p>name{Заряженная атака:}<br>Короткое заклинание, наносящее hydro{Гидро урон по площади}, на которое тратится определённое количество выносливости.</p><p>name{Атака в падении:}<br>Накопив энергию воды, стремительно падает на землю, атакуя всех врагов на пути. Приземлившись, наносит hydro{Гидро урон по площади}.</p>;<p>name{Normal Attack}<br>Performs up to 4 water splash attacks that deal hydro{Hydro DMG}.</p><p>name{Charged Attack}<br>Consumes a certain amount of Stamina to deal hydro{AoE Hydro DMG} after a short casting time.</p><p>name{Plunging Attack}<br>Gathering the might of Hydro, Mona plunges towards the ground from mid-air, damaging all opponents in her path. Deals hydro{AoE Hydro DMG} upon impact with the ground.</p>
talent_name;mona_mirror_reflection_of_doom;Отражение фатума;Mirror Reflection of Doom
talent_descr;mona_mirror_reflection_of_doom;"<p>Создаёт фантома судьбы из водных пузырей.</p><p>name{Фантом} имеет следующие свойства:<br>· Непрерывно привлекает атаки врагов на себя;<br>· Непрерывно наносит hydro{Гидро урон} окружающим врагам.<br>· По истечении времени действия фантом взрывается, нанося hydro{Гидро урон по площади}.</p><p>name{Долгое нажатие:}<br>Отпрыгивает назад с помощью водных потоков, при этом создав фантома.</p><p>Одновременно на поле боя может существовать только один фантом навыка Отражение фатума.</p><p><i>Опытные астрологи всегда мечтали создавать собственных фантомов, чтобы отводить злой рок. Мона стала первым человеком в Тейвате, кого смешат такие мысли.</i></p>";<p>Creates an illusory Phantom of Fate from coalesced waterspouts.</p><p>name{Phantom}<br>Has the following special properties:<br>·Continuously taunts nearby opponents, attracting their fire.<br>·Continuously deals hydro{Hydro DMG} to nearby opponents.<br>·When its duration expires, the Phantom explodes, dealing hydro{AoE Hydro DMG}.</p><p>name{Hold}<br>Utilizes water currents to move backwards swiftly before conjuring a Phantom.</p><p>Only one Phantom created by Mirror Reflection of Doom can exist at any time.</p><p><i>Skilled astrologers have always dreamed of using a phantom facsimile of themselves to ward off imminent ill fate, but Mona must be the first to make such a mockery of it in all of Teyvat.</i></p>
talent_name;mona_illusory_torrent;Иллюзорный поток;Illusory Torrent
talent_descr;mona_illusory_torrent;<p>name{Заменяет спринт.}<br>Мона движется вместе с потоками воды, затрачивая определённое количество выносливости.</p><p>Будучи в форме Иллюзорного потока, Мона может двигаться по поверхности воды с высокой скоростью.<br>По окончании навыка накладывает на окружающих врагов статус hydro{Мокрый}.</p><p><i>Это способность, которой владеет Мона, но не её наставница, которой, впрочем, не очень интересен Гидро Глаз Бога...</i></p>;<p>name{Alternate Sprint}<br>Mona cloaks herself within the water's flow, consuming Stamina to move rapidly.</p><p>When under the effect of Illusory Torrent, Mona can move at high speed on water.<br>Applies the hydro{Wet} status to nearby opponents when she reappears.</p><p><i>This is something that Mona can do, but her teacher cannot. Well, but it's not as if her teacher would pursue any matter concerning Hydro Visions anyway...</i></p>
talent_name;mualani_boomsharka_laka;Зубастый бабах;Boomsharka-laka
talent_descr;mualani_boomsharka_laka;<p>Выпускает самонаводящуюся Акулкину суперракету, которая наносит hydro{Гидро урон по площади} с характеристикой Ночного духа пропорционально макс. HP Муалани.</p><p><i>Муалани дала Акулкиным ракетам такое название, потому что в нём есть и огонь, и вода, звучит как горячие источники.</i></p>;<p>Fires a Super Shark Missile that can track opponents, dealing Nightsoul-aligned hydro{AoE Hydro DMG} based on Mualani's Max HP.</p><p><i>Mualani picked this moniker for launching her Shark Missile because it combines the warmth of explosive passion with a more chill, laid-back vibe — most hot spring-ish.</i></p>
talent_name;mualani_cooling_treatment;Охлаждающая процедура;Cooling Treatment
talent_descr;mualani_cooling_treatment;<p>name{Обычная атака:}<br>До трёх атак, наносящих hydro{Гидро урон}.</p><p>name{Заряженная атака:}<br>Тратит определённое количество выносливости и выбивает в воздух иглобрюха, который при приземлении наносит hydro{Гидро урон по площади}.</p><p>name{Атака в падении:}<br>Накопив энергию воды, стремительно падает на землю, атакуя всех врагов на пути. Приземлившись, наносит hydro{Гидро урон по площади}.</p>;<p>name{Normal Attack}<br>Performs up to 3 attacks that deal hydro{Hydro DMG}.</p><p>name{Charged Attack}<br>Consumes a certain amount of Stamina to smack a Pufferball into the air that deals hydro{AoE Hydro DMG} upon landing.</p><p>name{Plunging Attack}<br>Gathers the power of Hydro and plunges towards the ground from mid-air, damaging all opponents in her path. Deals hydro{AoE Hydro DMG} upon impact with the ground.</p>
talent_name;mualani_surfshark_wavebreaker;Волнорезная сёрф-акула;Surfshark Wavebreaker
talent_descr;mualani_surfshark_wavebreaker;<p>Благодаря знаниям о том, как управлять скоростью и волнами, Муалани способна заниматься сёрфингом где и когда угодно.<br>После активации этого навыка Муалани получает 60 очков Ночного духа и переходит в состояние Благословения Ночного духа.</p><p>name{Благословение Ночного духа: Муалани}<br>Непрерывно расходует очки Ночного духа. Когда они заканчиваются или навык используется повторно, Благословение Ночного духа Муалани завершается. У состояния Благословения Ночного духа следующие особенности:<br>· Муалани взбирается на сёрф-акулку, её скорость передвижения и сопротивление прерыванию повышается. Пока это состояние активно, Муалани может перемещаться по воде и жидкому флогистону, не получая урона от последнего.<br>· Обычные атаки превращаются в Укусы акулки, которые наносят hydro{Гидро урон} с характеристикой Ночного духа, пропорциональный макс. HP Муалани. Укусы акулки можно производить в воздухе. Урон, наносимый таким способом, считается уроном обычной атаки.<br>· Соприкасаясь в этом состоянии с врагами, Муалани накладывает на них Метки добычи и получает 1 уровень Импульса волн. Импульс волн складывается до 3 раз. За одного и того же врага можно получить 1 уровень раз в 0,7 сек.</p><p>name{Импульс волн и Метки добычи}<br>Когда Муалани использует Укусы акулки, наносимый ею урон увеличивается согласно количеству уровней Импульса волн. Когда в наличии 3 уровня, Укус акулки превращается в Разрывающий укус акулки, ещё больше повышая урон и при попадании по врагу снимая все уровни.<br>Когда Укусы акулки попадают по противнику с Меткой добычи, Метка снимается, и выпускаются Акулкины ракеты в максимум 5 противников с Метками добычи поблизости. Они наносят урон, равный урону данного Укуса акулки, и снимают Метки. Если целей Укуса акулки и Акулкиных ракет более 1, наносимый урон снижается. Урон снижается максимум до 72% от исходного урона, если целей не менее 3.</p><p><i>Во-первых, сёрф-акулка не только доска для сёрфинга, но и пресноводная акула. Во-вторых, она не ест, но кусается очень даже по-настоящему.</i></p>;"<p>Combining her mastery of speed and the waves and water, Mualani can surf anytime, anywhere.<br>After using this skill, Mualani will gain 60 Nightsoul points and enter the Nightsoul's Blessing state.</p><p>name{Nightsoul's Blessing: Mualani}<br>Continuously consume Nightsoul points. When they are depleted or when the skill is used again, Mualani's Nightsoul's Blessing will end. The state itself has the following traits:<br>·Mualani mounts her Sharky Surfboard, increasing Mualani's Movement SPD and interruption resistance. Mualani can move on water and liquid Phlogiston while this state is active, and she will take no DMG from the latter.<br>·Normal Attacks will be converted to Sharky's Bites, dealing Nightsoul-aligned hydro{Hydro DMG} based on Mualani's Max HP. Sharky's Bites can be used in mid-air. DMG dealt this way is considered Normal Attack DMG.<br>·When she makes contact with opponents in this state, Mualani applies ""Marked as Prey"" to them and gains 1 Wave Momentum stack. Max 3 stacks. 1 stack can be gained from the same opponent every 0.7s.</p><p>name{Wave Momentum and Marked as Prey}<br>When Mualani uses Sharky's Bite, her DMG dealt increases based on Wave Momentum stacks. When she has 3 stacks, Sharky's Bite will be converted to Sharky's Surging Bite, further increasing her DMG and removing all her stacks when hitting an opponent.<br>When Sharky's Bite hits an opponent Marked as Prey, that mark will be removed, and she will fire Shark Missiles at up to 5 nearby opponents Marked as Prey, dealing DMG to them equal to this Sharky's Bite instance and clearing their Marks. If more than 1 opponent is the target of Sharky's Bite and Shark Missiles, the DMG dealt will decrease, decreasing at most to 72% of the original DMG when 3 opponents are targeted.</p><p><i>First off, Sharky is a freshwater shark on top of being a surfboard. Second, it's not that it wants to eat for real, just that it definitely bites for real.</i></p>"
talent_name;nahida_illusory_heart;Призрачное сердце;Illusory Heart
talent_descr;nahida_illusory_heart;<p>Являет миру Чертоги сновидений и создаёт Святилище Майи.</p><p>При этом, в зависимости от представленных в отряде элементов персонажей, отдельно друг от друга активируются соответствующие эффекты:<br>·pyro{Пиро}: Пока Нахида пребывает в Святилище Майи, урон Очищения трикармы её элементального навыка Пелена знаний увеличивается.<br>·electro{Электро}: Пока Нахида пребывает в Святилище Майи, интервал активации Очищения трикармы её элементального навыка сокращается.<br>·hydro{Гидро}: Продлевает действие Святилища Майи.</p><p>Если во время активации Святилища Майи в отряде 2 или больше персонажей соответствующего элемента, эффекты усилятся.</p><p>Эти усиления действуют, пока отряд находится в Святилище Майи, даже если Нахида не на поле боя.</p><p><i>Для божества мудрости мир в сени деревьев всего лишь скоротечный перевёрнутый сон.</i></p>;"<p>Manifests the Court of Dreams and expands the Shrine of Maya.</p><p>When the Shrine of Maya field is unleashed, the following effects will be separately unleashed based on the Elemental Types present within the party.<br>·pyro{Pyro}: While Nahida remains within the Shrine of Maya, the DMG dealt by Tri-Karma Purification from ""All Schemes to Know"" is increased.<br>·electro{Electro}: While Nahida remains within the Shrine of Maya, the interval between each Tri-Karma Purification from ""All Schemes to Know"" is decreased.<br>·hydro{Hydro}: The Shrine of Maya's duration is increased.</p><p>If there are at least 2 party members of the aforementioned Elemental Types present when the field is deployed, the aforementioned effects will be increased further.</p><p>Even if Nahida is not on the field, these bonuses will still take effect so long as party members are within the Shrine of Maya.</p><p><i>Perhaps all that dwell under the bowers of trees are naught but a fleeting upside-down dream in the eyes of the God of Wisdom.</i></p>"
talent_name;nahida_akara;Акара;Akara
talent_descr;nahida_akara;<p>name{Обычная атака:}<br>До четырёх ударов перед собой, наносящих dendro{Дендро урон}.</p><p>name{Заряженная атака:}<br>Короткое заклинание, наносящее dendro{Дендро урон по площади} впереди, на которое тратится определённое количество выносливости.</p><p>name{Атака в падении:}<br>Накопив энергию растений, стремительно падает на землю, атакуя всех врагов на пути. Приземлившись, наносит dendro{Дендро урон по площади}.</p>;<p>name{Normal Attack}<br>Performs up to 4 attacks that deal dendro{Dendro DMG} to opponents in front of her.</p><p>name{Charged Attack}<br>Consumes a certain amount of Stamina to deal dendro{AoE Dendro DMG} to opponents in front of her after a short casting time.</p><p>name{Plunging Attack}<br>Calling upon the might of Dendro, Nahida plunges towards the ground from mid-air, damaging all opponents in her path. Deals dendro{AoE Dendro DMG} upon impact with the ground.</p>
talent_name;nahida_all_schemes_to_know;Пелена знаний;All Schemes to Know
talent_descr;nahida_all_schemes_to_know;<p>Выпускает рядом с собой кармическую связь трав и деревьев, которая наносит dendro{Дендро урон по площади}. До 8 поражённых противников получают Семя скандхи.<br>При долгом нажатии способ активации навыка меняется.</p><p>name{Долгое нажатие}<br>Переходит в режим прицеливания, в котором можно выбрать нескольких противников в определённой области. В режиме прицеливания сопротивление прерыванию Нахиды увеличивается. По завершении прицеливания выбранные враги получат dendro{Дендро урон} и Семя скандхи.<br>Режим прицеливания длится до 5 сек., в нём можно выбрать до 8 противников.</p><p>name{Семя скандхи}<br>Между врагами с Семенем скандхи на определённом расстоянии устанавливается связь.<br>Если помеченные Семенем скандхи враги подвергаются воздействию элементальных реакций или получают урон от Дендро ядер (включая урон от Цветения и Вегетации), Нахида выпускает Очищение трикармы, которое наносит им и всем связанным с ними врагам dendro{Дендро урон}, зависящий от её силы атаки и мастерства стихий.<br>Очищение трикармы может быть вызвано максимум один раз за определённый период.</p><p><i>Божество трав и деревьев являет истину пустоте, проливая свет на истоки и уничтожение трёх карм.</i></p>;<p>Sends forth karmic bonds of wood and tree from her side, dealing dendro{AoE Dendro DMG} and marking up to 8 opponents hit with the Seed of Skandha.<br>When held, this skill will trigger differently.</p><p>name{Hold}<br>Enters Aiming Mode, which will allow you to select a limited number of opponents within a limited area. During this time, Nahida's resistance to interruption will be increased.<br>When released, this skill deals dendro{Dendro DMG} to these opponents and marks them with the Seed of Skandha.<br>Aiming Mode will last up to 5s and can select a maximum of 8 opponents.</p><p>name{Seed of Skandha}<br>Opponents who have been marked by the Seed of Skandha will be linked to one another up till a certain distance.<br>After you trigger Elemental Reactions on opponents who are affected by the Seeds of Skandha or when they take DMG from Dendro Cores (including Burgeon and Hyperbloom DMG), Nahida will unleash Tri-Karma Purification on the opponents and all connected opponents, dealing dendro{Dendro DMG} based on her ATK and Elemental Mastery.<br>You can trigger at most 1 Tri-Karma Purification within a short period of time.</p><p><i>Lo, the god of grass and trees shines her ultimate truth into the void, illuminating the origin and destruction of the three karmas.</i></p>
talent_name;navia_as_the_sunlit_skys_singing_salute;Словно приветствие чистого неба;As the Sunlit Sky's Singing Salute
talent_descr;navia_as_the_sunlit_skys_singing_salute;<p>По приказу главы Спина-ди-Росула призывается великолепный Салют золотой розы, который подвергает врагов впереди массированному пушечному обстрелу, наносит geo{Гео урон по площади} и в течение некоторого времени после этого оказывает Огневую поддержку пушек, периодически нанося geo{Гео урон} врагам поблизости.<br>Пушечные атаки, попадая по врагам, наделяют Навию 1 уровнем Кристальной шрапнели. Этот эффект может возникнуть один раз в 2,4 сек.</p><p><i>«Салют Спина-ди-Росула - предварительное празднование успешных переговоров, и производится он до их начала. Не поймите неправильно, это никакая не угроза».</i></p>;"<p>On the orders of the President of the Spina di Rosula, call for a magnificent Rosula Dorata Salute. Unleashes a massive cannon bombardment on opponents in front of her, dealing geo{AoE Geo DMG} and providing Cannon Fire Support for a duration afterward, periodically dealing geo{Geo DMG} to nearby opponents.<br>When cannon attacks hit opponents, Navia will gain 1 stack of Crystal Shrapnel. This effect can be triggered up to once every 2.4s.</p><p><i>""The Spina di Rosula's salute is a preemptive celebration of the successful conclusion of our negotiations and is fired just before talks begin. Don't misunderstand, it isn't in any way, shape, or form some kind of threat.""</i></p>"
talent_name;navia_blunt_refusal;Прямое неприятие;Blunt Refusal
talent_descr;navia_blunt_refusal;<p>name{Обычная атака:}<br>Выполняет до четырёх ударов.</p><p>name{Заряженная атака:}<br>Вращающаяся атака по окружающим врагам, на которую непрерывно тратится выносливость.<br>После вращения проводит дополнительную мощную атаку мечом.</p><p>name{Атака в падении:}<br>Стремительно падает на землю, атакуя всех врагов на пути. Приземлившись, наносит урон по площади.</p>;<p>name{Normal Attack}<br>Performs up to 4 consecutive strikes.</p><p>name{Charged Attack}<br>Drains Stamina over time to perform continuous spinning attacks against all nearby opponents.<br>At the end of the sequence, performs a more powerful slash.</p><p>name{Plunging Attack}<br>Plunges from mid-air to strike the ground below, damaging opponents along the path and dealing AoE DMG upon impact.</p>
talent_name;navia_ceremonial_crystalshot;Церемониальный залп кристалла;Ceremonial Crystalshot
talent_descr;navia_ceremonial_crystalshot;<p>Когда персонаж отряда подбирает элементальный осколок, созданный реакцией Кристалл, Навия получает 1 уровень Кристальной шрапнели. Всего можно получить до 6 уровней. При каждом получении длительность уже имеющихся уровней Кристальной шрапнели сбрасывается.<br>Во время выстрела Навия расходует все уровни Кристальной шрапнели и раскрывает свой элегантный, но смертоносный зонт-пушку, выстреливая множеством Кристальных пуль Росулы, которые способны пронзать врагов, и наносит поражённым противникам geo{Гео урон}.<br>При расходе 0/1/2/3 и более уровней Кристальной шрапнели выстреливается 5/7/9/11 Кристальных пуль Росулы соответственно. Чем больше Кристальных пуль Росулы попадут в одного и того же врага, тем больше урона будет нанесено. Если попадут все 11 пуль, будет нанесено 200% от изначального урона.<br>Кроме того, если расходуется более 3 уровней Кристальной шрапнели, каждый уровень после третьего дополнительно увеличивает урон этой атаки зонта-пушки на 15%.</p><p>name{Долгое нажатие}<br>Переходит в режим прицеливания, непрерывно собирая элементальные осколки, созданные реакцией Кристалл. Когда долгое нажатие прекращается, выпускаются те же Кристальные пули Росулы, что и при быстром нажатии.</p><p>Исходное количество применений: 2.</p><p>name{Архэ: Усия}<br>Когда Навия ведёт стрельбу из зонта-пушки, периодически призывается Клинок бурных вод, который наносит geo{Гео урон} усии.</p><p><i>«Держаться на должном расстоянии от тех, кого следует держать на расстоянии, означает следовать правилам этикета. Тем не менее способов делать это тоже немало...»</i></p>;"<p>When a character in the party obtains an Elemental Shard created from the Crystallize reaction, Navia will gain 1 Crystal Shrapnel stack. Navia can have up to 6 stacks of Crystal Shrapnel at once. Each time Crystal Shrapnel gain is triggered, the duration of the Crystal Shrapnel stacks you already have will be reset.<br>When she fires, Navia will consume all Crystal Shrapnel stacks and open her elegant yet lethal Gunbrella, firing multiple Rosula Shardshots that can penetrate opponents, dealing geo{Geo DMG} to opponents hit.<br>When 0/1/2/3 or more stacks of Crystal Shrapnel are consumed, 5/7/9/11 Rosula Shardshots will be fired respectively. The more Rosula Shardshots that strike a single opponent, the greater the DMG dealt to them. When all 11 Rosula Shardshots strike, 200% of the original amount of DMG is dealt.<br>In addition, when more than 3 stacks of Crystal Shrapnel are consumed, every stack consumed beyond those 3 will increase the DMG dealt by this Gunbrella attack by an additional 15%.</p><p>name{Hold}<br>Enter Aiming Mode, continually collecting nearby Elemental Shards created by Crystallize reactions. When released, fire Rosula Shardshots with the same effect as when the skill is Tapped.</p><p>Two initial charges.</p><p>name{Arkhe: Ousia}<br>Periodically, when Navia fires her Gunbrella, a Surging Blade will be summoned, dealing Ousia-aligned geo{Geo DMG}.</p><p><i>""Maintaining the appropriate distance with those whom distance should be maintained is an essential part of etiquette. Naturally, there are also many ways to do this...""</i></p>"
talent_name;nefer_true_eyes_phantasm;Священная клятва: Химера истинного взора;Sacred Vow: True Eye's Phantasm
talent_descr;nefer_true_eyes_phantasm;<p>Истинным видением Тота «проливает свет» на ложные тайны, нанося dendro{Дендро урон по площади} врагам впереди. При активации Нефер расходует все уровни skill{n11220003:Завесы ложных тайн} и повышает урон этого взрыва стихии.</p><p><i>«Благословения Царя ибисов в древних стихах певцов горящих песков больше похожи на проклятья».</i></p>;"<p>Grant ""revelation"" to the mysteries of the false through Thoth's true sight, dealing dendro{AoE Dendro DMG} to opponents ahead. When unleashed, Nefer will consume all skill{n11220003:Veils of Falsehood} to increase the DMG dealt by the current Elemental Burst.</p><p><i>The blessings of the Ibis King proclaimed by the singers of the burning sands are, in truth, more akin to dire curses.</i></p>"
talent_name;nefer_striking_serpent;Удар змеи;Striking Serpent
talent_descr;nefer_striking_serpent;<p>name{Обычная атака:}<br>До четырёх ударов со свирепостью и изяществом змеи, которые наносят dendro{Дендро урон}.</p><p>name{Заряженная атака:}<br>Расходуя выносливость, Нефер входит в состояние Скользящей змеи и стремительно перемещается до 2,5 сек. Если кнопка навыка отпускается, время действия истекает или исчерпывается выносливость, Нефер выходит из состояния Скользящей змеи, дополнительно расходует некоторое количество выносливости и наносит врагу dendro{Дендро урон}. В состоянии skill{n11220001:Танца тени} дополнительный расход выносливости снижается.<br>Кроме того, если во время действия состояния Скользящей змеи активировать элементальный навык name{Стратегия сенета: Танец тысячи ночей} или спринта, Нефер не выходит из этого состояния.</p><p>name{Атака в падении:}<br>Накопив силу Дендро, стремительно падает на землю, атакуя всех врагов на пути. Приземлившись, наносит dendro{Дендро урон по площади}.</p>;<p>name{Normal Attack}<br>Performs up to 4 kicks that deal dendro{Dendro DMG} with the ferocity and grace of a striking serpent.</p><p>name{Charged Attack}<br>Nefer enters the Slither state, consuming Stamina to move rapidly forward for up to 2.5s. When the skill button is released, the duration ends, or Stamina runs out, Nefer will exit the Slither state and consume a certain amount of additional Stamina to deal dendro{Dendro DMG} to opponents. When in the skill{n11220001:Shadow Dance} state, additional Stamina consumption is decreased.<br>Additionally, unleashing the Elemental Skill name{Senet Strategy: Dance of a Thousand Nights} or sprinting while Nefer is in the Slither state will not cause her to exit the state.</p><p>name{Plunging Attack}<br>Calling upon the might of Dendro, Nefer plunges towards the ground from mid-air, damaging all opponents in her path and dealing dendro{AoE Dendro DMG} upon impact with the ground.</p>
talent_name;nefer_dance_of_a_thousand_nights;Стратегия сенета: Танец тысячи ночей;Senet Strategy: Dance of a Thousand Nights
talent_descr;nefer_dance_of_a_thousand_nights;"<p>Этот танец, сковывающий, как нежная лунная вуаль, и пронизывающий, как холодная ночь в пустыне, несёт гибель целым государствам. Нефер совершает рывок вперёд, нанося dendro{Дендро урон по площади}, и входит в состояние skill{n11220001:Танца тени}.<br>Когда Нефер пребывает в состоянии Танца тени, и есть хотя бы 1 skill{n11190008:Зелёная роса}, то её заряженные атаки заменяются на особую заряженную атаку skill{n11220002:Игра химер}, которая не расходует выносливость. В состоянии Танца тени сопротивление прерыванию Нефер повышается.</p><p>Исходное количество применений: 2.</p><p><i>«Мир подобен шахматной партии, в которой игроки всегда скрыты за занавесом. Чтобы вдруг не угодить в ловушку, следует собрать все доступные сведения. В этом и заключается смысл ""тайного знания""».</i></p>";"<p>A dance that dissolved dynasties, as chilling as a winter's night on the great sea of sand, yet lingering with the tenderness of moonlit gauze. Nefer charges forward, dealing dendro{AoE Dendro DMG} and entering the skill{n11220001:Shadow Dance} state.<br>While in the Shadow Dance state, if you have at least 1 skill{n11190008:Verdant Dew}, Nefer's Charged Attacks will be replaced with the special Charged Attack skill{n11220002:Phantasm Performance}, which will not consume Stamina. When in the Shadow Dance state, Nefer's resistance to interruption is increased.</p><p>Two initial charges.</p><p><i>""The world is a game in which the pieces remain hidden behind a veil. To avoid falling into a trap, one must collect every piece of information one can. This is the meaning of secrets.""</i></p>"
talent_name;n11190007;Возвышение;Elevation
talent_descr;n11190007;<p>Особый эффект повышения урона. Он рассчитывается отдельно от других эффектов повышения урона.</p>;<p>Special DMG Boost effect. It is calculated independently of other DMG Boost effects.</p>
talent_name;n11190008;Зелёная роса;Verdant Dew
talent_descr;n11190008;<p>После того как персонажи отряда активируют реакцию Лунная бутонизация, отряд получает данный ресурс.<br>В течение 2,5 сек. после активации Лунной бутонизации ваш отряд каждые 2,5 сек. будет получать 1 Зелёную росу. Лимит Зелёной росы составляет 3. Если в это время активировать Лунную бутонизацию ещё раз, длительность этого эффекта обновится.</p>;<p>When party members trigger Lunar-Bloom reactions, the party will receive such a resource.<br>Your party will receive 1 Verdant Dew every 2.5s for 2.5s after triggering a Lunar-Bloom reaction. Your party can have up to 3 Verdant Dew. If you trigger another Lunar-Bloom reaction during this time, the duration of this effect will be reset.</p>
talent_name;n11220001;Танец тени;Shadow Dance
talent_descr;n11220001;<p>Нефер входит в это состояние, использовав элементальный навык name{Стратегия сенета: Танец тысячи ночей}.<br>Если у Нефер в состоянии Танца тени есть хотя бы 1 Зелёная роса, её заряженные атаки заменяются на особую заряженную атаку Игра химер.<br>Нефер выйдет из состояния Танца теней, если использует Игру химер {PARAM#P1223201|3S1} раз(а) или длительность этого состояния завершается.</p>;<p>After using the Elemental Skill name{Senet Strategy: Dance of a Thousand Nights}, Nefer will enter this state.<br>While in the Shadow Dance state, if you have at least 1 Verdant Dew, Nefer's Charged Attacks will be replaced with the special Charged Attack Phantasm Performance.<br>Nefer will exit the Shadow Dance state when she unleashes {PARAM#P1223201|3S1} Phantasm Performance(s) or the state's duration ends.</p>
talent_name;n11220002;Игра химер;Phantasm Performance
talent_descr;n11220002;<p>Когда Нефер пребывает в состоянии Танца тени элементального навыка name{Стратегия сенета: Танец тысячи ночей}, и у неё есть хотя бы 1 Зелёная роса, её заряженные атаки заменяются на особую заряженную атаку Игра химер, которая не расходует выносливость.<br>Нефер призывает собственные тени, которые инициируют совместные атаки. Нефер и её тени выполняют 2 и 3 этапа атак с dendro{Дендро уроном по площади} соответственно. Урон теней считается уроном Лунной бутонизации. Каждый первый призыв теней после применения Игры химер расходует 1 Зелёную росу.</p>;<p>When in the Shadow Dance state caused by her Elemental Skill name{Senet Strategy: Dance of a Thousand Nights}, if you have at least 1 Verdant Dew, Nefer's Charged Attacks will be replaced with the special Charged Attack Phantasm Performance, which will not consume Stamina.<br>Nefer summons shades of herself to perform Coordinated Attacks against enemies. Nefer and the shades will deal 2 and 3 stages of dendro{AoE Dendro DMG} respectively. DMG dealt by the shades is considered Lunar-Bloom DMG. 1 Verdant Dew will be consumed the first time shades are summoned after every Phantasm Performance.</p>
talent_name;n11220003;Завеса ложных тайн;Veil of Falsehood
talent_descr;n11220003;<p>Нефер получает этот эффект, поглотив Семена лжи с помощью таланта возвышения Пари лунного света, и урон её Игры химер увеличивается.<br>Каждый уровень Завесы ложных тайн повышает исходный урон Игры химер Нефер на {PARAM#P1222101|6S100}%. Начальный максимум уровней - {PARAM#P1222101|1S1}. Каждый уровень длится {PARAM#P1222101|2S1} сек., а их длительность рассчитывается отдельно.</p>;<p>After absorbing Seeds of Deceit via the Ascension Talent A Wager of Moonlight, Nefer gains this effect, thereby increasing the DMG dealt by her Phantasm Performance.<br>Each stack of Veil of Falsehood increases the DMG dealt by Nefer's Phantasm Performance by {PARAM#P1222101|6S100}%. The initial maximum number of stacks is {PARAM#P1222101|1S1}, with each stack lasting for {PARAM#P1222101|2S1}s (each stack's duration is counted independently).</p>
talent_name;neuvillette_o_tides_i_have_returned;О волны, я возвратился;O Tides, I Have Returned
talent_descr;neuvillette_o_tides_i_have_returned;<p>Выпускает сокрушающую волну, которая наносит hydro{Гидро урон по площади} пропорциональный макс. HP Нёвиллета. Вскоре поблизости нисходит 2 ливня, наносящие hydro{Гидро урон} по несколько меньшей площади, а в определённом радиусе впереди создаётся 6 Капель источника.</p><p><i>«Законы вступают в силу только после их оглашения. Более того, а законы природы управляли жизнью всех созданий с незапамятных времён».</i></p>;"<p>Unleashes waves that will deal hydro{AoE Hydro DMG} based on Neuvillette's Max HP. After a short interval, 2 waterfalls will descend and deal hydro{Hydro DMG} in a somewhat smaller AoE, and will generate 6 Sourcewater Droplets within an area in front.</p><p><i>""The law is only established after its publication, and above that, the laws of nature have governed all species and eras since ancient times.</i></p>"
talent_name;neuvillette_as_water_seeks_equilibrium;Подобно водной глади;As Water Seeks Equilibrium
talent_descr;neuvillette_as_water_seeks_equilibrium;<p>name{Обычная атака}<br>Легко помахивает тростью, приказывая волнам выполнить до 3 атак, которые наносят hydro{Гидро урон}.</p><p>name{Заряженная атака Облечение: Судебная оценка}<br>Заряжаясь, Нёвиллет собирает силу вод и создаёт Печать арбитража. В этом состоянии Нёвиллет может передвигаться и менять направление перемещения, а также поглощать Капли источника в определённом радиусе.<br>Каждая поглощённая Капля увеличивает скорость создания Печати и восстанавливает HP Нёвиллета.<br>Когда заряжание остановлено, а создание Печати арбитража ещё не завершено, он проведёт заряженную атаку. Если создание завершено, он выполнит заряженную атаку: Взвешенный вердикт.</p><p>name{Заряженная атака}<br>Тратит определённое количество выносливости и атакует врагов яростным кольцом воды, нанося hydro{Гидро урон по площади}.</p><p>name{Заряженная атака: Взвешенный вердикт}<br>Выпускает клокочущие потоки, которые наносят периодический hydro{Гидро урон по площади} по прямой линии врагам впереди.<br>Заряженная атака: Взвешенный вердикт не расходует выносливость и длится 3 сек.<br>Если HP выше 50%, во время применения этой атаки Нёвиллет постоянно теряет HP.</p><p>name{Атака в падении}<br>Собрав мощь гидро, Нёвиллет Стремительно падает на землю, атакуя всех врагов на пути. Приземлившись, наносит hydro{Гидро урон по площади}.</p>;<p>name{Normal Attack}<br>With light flourishes, Neuvillette commands the tides to unleash a maximum of 3 attacks, dealing hydro{Hydro DMG}.</p><p>name{Charged Attack Empowerment: Legal Evaluation}<br>While charging up, Neuvillette will gather the power of water, forming it into a Seal of Arbitration. In this state, Neuvillette can move and change facing, and also absorb any Sourcewater Droplets in a certain AoE.<br>Every Droplet he absorbs will increase the formation speed of the Seal, and will heal Neuvillette.<br>When the charging is stopped, if the Symbol has yet to be formed, then a Charged Attack will be unleashed. If it has been formed, then a Charged Attack: Equitable Judgment will be unleashed.</p><p>name{Charged Attack}<br>Consumes a fixed amount of Stamina to attack opponents with a rupturing blast of water, dealing hydro{AoE Hydro DMG}.</p><p>name{Charged Attack: Equitable Judgment}<br>Unleashes surging torrents, dealing continuous hydro{AoE Hydro DMG} to all opponents in a straight-line area in front of him.<br>Equitable Judgment will not consume any Stamina and lasts 3s.<br>If Neuvillette's HP is above 50%, he will continuously lose HP while using this attack.</p><p>name{Plunging Attack}<br>Gathering the might of Hydro, Neuvillette plunges towards the ground from mid-air, damaging all opponents in his path. Deals hydro{AoE Hydro DMG} upon impact with the ground.</p>
talent_name;neuvillette_o_tears_i_shall_repay;О слёзы, я воздам;O Tears, I Shall Repay
talent_descr;neuvillette_o_tears_i_shall_repay;<p>Призывает Бушующий ливень, который наносит врагам впереди hydro{Гидро урон по площади}, зависящий от макс. HP Нёвиллета. После попадания по врагу будет создано 3 Капли источника поблизости.</p><p>name{Архэ: Пневма}<br>С некоторым интервалом, после Бушующего ливня нисходит пронзающая врагов Игла дыхания душ, которая наносит hydro{Гидро урон} пневмы.</p><p><i>«Закон может пресечь всевозможные преступления, но искоренить само зло он не способен».</i></p>;"<p>Summons a Raging Waterfall that will deal hydro{AoE Hydro DMG} to opponents in front of Neuvillette based on his Max HP. After hitting an opponent, this skill will generate 3 Sourcewater Droplets near that opponent.</p><p>name{Arkhe: Pneuma}<br>At certain intervals, when the Raging Waterfall descends, a Spiritbreath Thorn will descend that will pierce opponents, dealing Pneuma-aligned hydro{Hydro DMG}.</p><p><i>""The law can restrict all manner of crimes, but it cannot extirpate evil itself.</i></p>"
talent_name;nilou_distant_dreams_listening_spring;Танец Абзендеги: Далёкие мечты, внемлющий ручей;Dance of Abzendegi: Distant Dreams, Listening Spring
talent_descr;nilou_distant_dreams_listening_spring;<p>Пускается в танец дальних мечтаний и внемлющего ручья, от чего распускается Лотос далёких вод, нанося hydro{Гидро урон по площади} пропорционально макс. HP Нилу и накладывая на поражённых противников Течение вечности.<br>Вскоре противники под влиянием этого эффекта получают hydro{Гидро урон}.</p><p><i>«Лишь этот танец явит нам далёкие мечтанья, каких не доводилось видеть нам».</i></p>;"<p>Begins the dance of faraway dreams and springs that hear, causing a Lotus of Distant Waters to bloom, dealing hydro{AoE Hydro DMG} based on Nilou's Max HP and applying the Lingering Aeon effect to all opponents hit.<br>After an interval, opponents affected by Lingering Aeon will take hydro{Hydro DMG}.</p><p><i>""We have never witnessed that distant dream, but this dance can bring it to life.""</i></p>"
talent_name;nilou_dance_of_samser;Танец шамшира;Dance of Samser
talent_descr;nilou_dance_of_samser;<p>name{Обычная атака:}<br>До трёх быстрых ударов мечом.</p><p>name{Заряженная атака:}<br>Удар с вращением, на который тратится определённое количество выносливости.</p><p>name{Атака в падении:}<br>Стремительно падает на землю, атакуя всех врагов на пути. Приземлившись, наносит урон по площади.</p>;<p>name{Normal Attack}<br>Performs up to 3 consecutive sword strikes.</p><p>name{Charged Attack}<br>Consumes a certain amount of Stamina to perform a twirling slash.</p><p>name{Plunging Attack}<br>Plunges from mid-air to strike the ground below, damaging opponents along the path and dealing AoE DMG upon impact.</p>
talent_name;nilou_dance_of_haftkarsvar;Танец Хафткаршвар;Dance of Haftkarsvar
talent_descr;nilou_dance_of_haftkarsvar;<p>Входит в состояние Пируэта и наносит противникам поблизости hydro{Гидро урон}, пропорциональный макс. HP Нилу.<br>Совершив в состоянии Пируэта обычную атаку или атаку элементальным навыком, Нилу переходит в состояние Танца мечей или Кружащих шагов соответственно. Урон, наносимый в этих состояниях, преобразуется в hydro{Гидро урон}, который считается уроном элементального навыка и не может быть отменён другими инфузиями.</p><p>В этих состояниях третий танцевальный шаг Нилу завершает Пируэт и, в зависимости от текущего состояния, производит следующие эффекты:<br>· Танец мечей: выпускает Сияющую иллюзию, которая при соприкосновении с врагами наносит hydro{Гидро урон} и наделяет Нилу Лунной молитвой. Этот эффект превращает её обычные атаки в техники Танца мечей, а последний удар выпускает Сияющую иллюзию.<br>· Кружащие шаги: Нилу выпускает Водяное колесо, которое наносит hydro{Гидро урон по площади} и создаёт Ауру покоя, которая следует за активным персонажем и накладывает на врагов в радиусе действия статус hydro{Мокрый}.</p><p>Пребывая в состояниях Пируэта и Лунной молитвы, Нилу не может наносить заряженные атаки. Эти состояния исчезают, когда Нилу покидает поле боя.</p><p><i>«Сиянием семи небес сверкает рябь, где изящные ступни её легко коснулись зерцала вод».</i></p>;"<p>Enters the Pirouette state, dealing hydro{Hydro DMG} to nearby opponents based on Nilou's Max HP.<br>While she is in the Pirouette state, Nilou's Normal Attacks and Elemental Skill will cause her to enter the Sword Dance and Whirling Steps stances respectively, causing DMG she deals to be converted to hydro{Hydro DMG} that cannot be overridden and that is considered Elemental Skill DMG.</p><p>In these stances, Nilou's third dance step will end Pirouette, and has the following effects based on the type of said dance step:<br>·Sword Dance: unleashes a Luminous Illusion that deals hydro{Hydro DMG} to opponents it touches and grants Nilou the Lunar Prayer effect. This effect converts Nilou's Normal Attacks into Sword Dance techniques, and her final hit will unleash a Luminous Illusion.<br>·Whirling Steps: Nilou unleashes a Whirling Water Wheel that deals hydro{AoE Hydro DMG} and creates a Tranquility Aura that follows your active character around and applies hydro{Wet} to opponents within its AoE.</p><p>Nilou is unable to perform Charged Attacks when under the effect of Pirouette or Lunar Prayer. These effects will be removed once she leaves the field.</p><p><i>""Daintily her toes touch the water's face, and the light that ripples forth equals even the seven heavens.""</i></p>"
talent_name;ningguang_starshatter;Осколки звёзд;Starshatter
talent_descr;ningguang_starshatter;<p>Собрав большое количество самоцветов, Нин Гуан запускает их во врагов, нанося огромный geo{Гео урон}. Самоцветы сами находят свою цель.<br>Если поблизости находится Нефритовая ширма, то она также запускает дополнительные самоцветы.</p><p><i>Звёзды гаснут. Наступает тишина.</i></p>;<p>Gathering a great number of gems, Ningguang scatters them all at once, sending homing projectiles at her opponents that deal massive geo{Geo DMG}.<br>If Starshatter is cast when a Jade Screen is nearby, the Jade Screen will fire additional gem projectiles at the same time.</p><p><i>Stars shatter. Silence falls.</i></p>
talent_name;ningguang_sparkling_scatter;Сверкающий дождь;Sparkling Scatter
talent_descr;ningguang_sparkling_scatter;<p>name{Обычная атака:}<br>Запускает в цель самоцветы, которые наносят geo{Гео урон}.<br>При попадании самоцветом даёт Нин Гуан один Звёздный нефрит.</p><p>name{Заряженная атака:}<br>Выстреливает гигантским самоцветом, наносящим geo{Гео урон}, на который тратится определённое количество выносливости.<br>Если Нин Гуан имеет Звёздный нефрит, то при выполнении заряженной атаки также выстреливает и им, нанося дополнительный урон.</p><p>name{Атака в падении:}<br>Накопив энергию камня, стремительно падает на землю, атакуя всех врагов на пути. Приземлившись, наносит geo{Гео урон по площади}.</p>;<p>name{Normal Attack}<br>Shoots gems that deal geo{Geo DMG}.<br>Upon hit, this grants Ningguang 1 Star Jade.</p><p>name{Charged Attack}<br>Consumes a certain amount of stamina to fire off a giant gem that deals geo{Geo DMG}.<br>If Ningguang has any Star Jades, unleashing a Charged Attack will cause the Star Jades to be fired at the enemy as well, dealing additional DMG.</p><p>name{Plunging Attack}<br>Gathering the might of Geo, Ningguang plunges towards the ground from mid-air, damaging all opponents in her path. Deals geo{AoE Geo DMG} upon impact with the ground.</p>
talent_name;ningguang_jade_screen;Нефритовая ширма;Jade Screen
talent_descr;ningguang_jade_screen;"<p>Нин Гуан создаёт роскошную Нефритовую ширму из обсидиана и золота, нанося при этом geo{Гео урон} по площади.</p><p>name{Нефритовая ширма:}<br>· Блокирует вражеские снаряды;<br>· Прочность зависит от макс. HP Нин Гуан;</p><p>Считается geo{Гео конструкцией}. Ширмой можно воспользоваться для защиты от вражеских атак, но на неё нельзя взобраться. Одновременно может существовать не больше одной Нефритовой ширмы.</p><p><i>Хоть звёзды и светят ярко, но загадки ночного неба так и останутся неразгаданными.</i></p>";<p>Ningguang creates a Jade Screen out of gold, obsidian, and her great opulence, dealing geo{AoE Geo DMG}.</p><p>name{Jade Screen}<br>·Blocks opponents' projectiles.<br>·Endurance scales based on Ningguang's Max HP.</p><p>Jade Screen is considered a geo{Geo Construct} and can be used to block certain attacks, but cannot be climbed. Only one Jade Screen may exist at any one time.</p><p><i>The canvas of stars is written upon this jade screen.</i></p>
talent_name;noelle_sweeping_time;Генеральная уборка;Sweeping Time
talent_descr;noelle_sweeping_time;<p>Ноэлль собирает силу камня вокруг своего меча и проводит атаку по врагам в большом радиусе, нанося им geo{Гео урон}.<br>После этого Ноэлль получает следующие эффекты:<br>· Увеличивается радиус атак.<br>· Конвертирует урон от атак в geo{Гео урон}, этот эффект не может быть отменён какой-либо элементальной инфузией.<br>·Сила атаки увеличивается пропорционально защите Ноэлль.</p><p><i>Бывают такие ситуации, когда метлы может оказаться недостаточно...</i></p>;<p>Gathering the strength of stone around her weapon, Noelle strikes the opponents surrounding her within a large AoE, dealing geo{Geo DMG}.<br>Afterwards, Noelle gains the following effects:<br>·Larger attack AoE.<br>·Converts attack DMG to geo{Geo DMG} that cannot be overridden by any other elemental infusion.<br>·Increased ATK that scales based on her DEF.</p><p><i>Sometimes, it's not just dust that needs sweeping...</i></p>
talent_name;noelle_favonius_bladework_maid;Фехтовальный стиль Фавония: Горничная;Favonius Bladework - Maid
talent_descr;noelle_favonius_bladework_maid;<p>name{Обычная атака:}<br>До четырёх рубящих ударов мечом.</p><p>name{Заряженная атака:}<br>Вращающаяся атака по окружающим врагам, на которую непрерывно тратится выносливость.<br>После вращения проводит дополнительную мощную атаку мечом.</p><p>name{Атака в падении:}<br>Стремительно падает на землю, атакуя всех врагов на пути. Приземлившись, наносит урон по площади.</p>;<p>name{Normal Attack}<br>Performs up to 4 consecutive strikes.</p><p>name{Charged Attack}<br>Drains Stamina over time to perform continuous spinning attacks against all nearby opponents.<br>At the end of the sequence, performs a more powerful slash. </p><p>name{Plunging Attack}<br>Plunges from mid-air to strike the ground below, damaging opponents along the path and dealing AoE DMG upon impact.</p>
talent_name;noelle_breastplate;Бронефартук;Breastplate
talent_descr;noelle_breastplate;<p>Навык призывает каменную броню, которая наносит geo{Гео урон} окружающим врагам и создаёт щит. Поглощаемый урон зависит от защиты Ноэлль.<br>Щит имеет следующие свойства:<br>· Попадания обычной и заряженной атакой Ноэлль имеют шанс восстановить HP всем членам отряда.<br>· Любой элементальный и физический урон поглощается на 150% эффективнее.</p><p>Количество восстанавливаемого HP зависит от защиты Ноэлль.</p><p><i>Ноэлль не только послушная горничная, но также и доблестный рыцарь.</i></p>;<p>Summons protective stone armor, dealing geo{Geo DMG} to surrounding opponents and creating a shield. The shield's DMG Absorption scales based on Noelle's DEF.<br>The shield has the following properties:<br>·When Noelle's Normal and Charged Attacks hit a target, they have a certain chance to regenerate HP for all characters.<br>·Possesses 150% DMG Absorption efficiency against all Elemental and Physical DMG.</p><p>The amount of HP healed when regeneration is triggered scales based on Noelle's DEF.</p><p><i>Noelle is both a dutiful maid and a valiant knight.</i></p>
talent_name;ororon_dark_voices_echo;Эхо мрачных голосов;Dark Voices Echo
talent_descr;ororon_dark_voices_echo;<p>Оророн пробуждает древний ритуал, который наносит electro{Электро урон по площади} с характеристикой Ночного духа, призывая Сверхзвуковое око.</p><p>name{Сверхзвуковое око}<br>· Привлекает атаки врагов поблизости на себя.<br>· Постоянно вращается и выпускает во врагов поблизости звуковые волны, которые наносят врагам поблизости electro{Электро урон} с характеристикой Ночного духа.</p><p><i>Достаточно восприимчивые слышат тончайшие звуки всего сущего. Таким образом они не собьются с пути даже в долгие, беспросветные ночи.</i></p>;<p>Ororon works an ancient ritual, dealing Nightsoul-aligned electro{AoE Electro DMG}, summoning forth a Supersonic Oculus.</p><p>name{Supersonic Oculus}<br>·Continuously taunts nearby opponents and attracts attacks from them.<br>·Continuously rotates and fires off sonic waves that deal Nightsoul-aligned electro{Electro DMG}.</p><p><i>Those with sharp enough senses can hear the minute voices with which all things speak. That way, they will never lose their way — not even on long, lightless nights.</i></p>
talent_name;ororon_spiritvessel_snapshot;Выстрел пристанища духов;Spiritvessel Snapshot
talent_descr;ororon_spiritvessel_snapshot;<p>name{Обычная атака:}<br>До трёх выстрелов из лука.</p><p>name{Заряженная атака:}<br>Более меткий name{прицельный выстрел} с увеличенным уроном.<br>Во время прицеливания наконечник стрелы заряжается стихией Электро. Полностью заряженная стрела наносит electro{Электро урон}.</p><p>name{Атака в падении:}<br>Выпускает град стрел в воздухе, которые при приземлении персонажа наносят урон по площади.</p>;<p>name{Normal Attack}<br>Performs up to 3 consecutive shots with a bow.</p><p>name{Charged Attack}<br>Performs a more precise name{Aimed Shot} with increased DMG.<br>While aiming, Electro energy will accumulate on the arrowhead. A fully charged arrow will deal electro{Electro DMG}.</p><p>name{Plunging Attack}<br>Fires off a shower of arrows in mid-air before falling and striking the ground, dealing AoE DMG upon impact.</p>
talent_name;ororon_nights_sling;Праща ночи;Night's Sling
talent_descr;ororon_nights_sling;<p>Оророн применяет древнюю секретную технику Повелителей Ночного Ветра в виде name{Сферы душ} цвета ночи, которая выпускается в противника и наносит electro{Электро урон} с характеристикой Ночного духа.<br>Если поблизости есть другие враги, Сфера душ будет перескакивать между врагами, нанося electro{Электро урон} с характеристикой Ночного духа. С каждым использованием Пращи ночи один враг может быть выбран в качестве цели один раз.<br>После трёх отскоков или если поблизости не осталось подходящих целей, Сфера исчезает.</p><p><i>«Всем хочется предвидеть будущее. Это, видимо, потому, что они не нашли собственного призвания... Прости, я опять говорю о сложных вещах».</i></p>;"<p>Ororon manifests an ancient mystical technique from the Masters of the Night-Wind as a name{Spirit Orb} of midnight shade and throws it at his foe, dealing Nightsoul-aligned electro{Electro DMG}.<br>When other opponents are nearby, the Spirit Orb will bounce between them, dealing Nightsoul-aligned electro{Electro DMG}. Each time Night's Sling is used, each opponent can only be selected as a target once.<br>After 3 bounces, or if there are no eligible targets left, the Orb will disappear.</p><p><i>""People always wish to foretell the future, but that might be because they have yet to discover that which they must do... Sorry, I'm saying complicated things again, aren't I...""</i></p>"
talent_name;ororon_special_jump;Особый прыжок;Special Jump
talent_descr;ororon_special_jump;<p>Если персонаж находится в Натлане, долгое нажатие позволит выполнить Двойной ракетный прыжок, который расходует флогистон. Когда флогистон исчерпан, Двойной прыжок расходует выносливость.</p>;<p>If this character is in Natlan, Hold to consume Phlogiston and execute a Rocket Double Jump. When Phlogiston is completely depleted, it will consume Stamina to execute the Double Jump instead.</p>
talent_name;qiqi_preserver_of_fortune;Искусство Адепта: Хранитель Фортуны;Adeptus Art: Preserver of Fortune
talent_descr;qiqi_preserver_of_fortune;<p>Ци Ци выпускает на волю запечатанную в её теле мощь Адептов, помечая ближайших врагов талисманом Фортуны, который наносит им cryo{Крио урон}.</p><p>name{Талисман Фортуны}<br>Помеченные талисманом Фортуны враги при получении урона восстанавливают HP нанёсшего урон персонажа.</p><p><i>«Я хранитель Фортуны, бессмертный ребёнок»</i><br><i>Слова, давно позабытые Ци Ци.</i></p>;"<p>Qiqi releases the adeptus power sealed within her body, marking nearby opponents with a Fortune-Preserving Talisman that deals cryo{Cryo DMG}.</p><p>name{Fortune-Preserving Talisman}<br>When opponents affected by this Talisman take DMG, the character that dealt this DMG regenerates HP.</p><p><i>""I am the Fortune Preserver, the Maiden of Resurrection.""</i><br><i>— Qiqi does not remember these words.</i></p>"
talent_name;qiqi_ancient_sword_art;Облачный меч;Ancient Sword Art
talent_descr;qiqi_ancient_sword_art;<p>name{Обычная атака:}<br>До пяти быстрых ударов мечом.</p><p>name{Заряженная атака:}<br>Два быстрых взмаха мечом, на которые тратится определённое количество выносливости.</p><p>name{Атака в падении:}<br>Стремительно падает на землю, атакуя всех врагов на пути. Приземлившись, наносит урон по площади.</p>;<p>name{Normal Attack}<br>Performs up to 5 rapid strikes.</p><p>name{Charged Attack}<br>Consumes a certain amount of Stamina to unleash 2 rapid sword strikes.</p><p>name{Plunging Attack}<br>Plunges from mid-air to strike the ground below, damaging opponents along the path and dealing AoE DMG upon impact.</p>
talent_name;qiqi_herald_of_frost;Искусство Адепта: Вестник стужи;Adeptus Art: Herald of Frost
talent_descr;qiqi_herald_of_frost;"<p>Ци Ци использует талисман Ледяной крови для того, чтобы призвать Вестника стужи, и наносит cryo{Крио урон} окружающим врагам.</p><p>name{Вестник стужи:}<br>· Попадания Ци Ци обычной или заряженной атакой восстанавливают определённое количество HP членам отряда и ближайшим союзникам. Количество HP зависит от силы атаки Ци Ци;<br>· Регулярно восстанавливает HP вашему персонажу;<br>· Следует за активным персонажем и наносит cryo{Крио урон} врагам, которых касается.</p><p><i>Я использую этот талисман, чтобы предотвратить нагревание и разложение... драгоценных ингредиентов господина Бая. Да.</i></p>";<p>Using the Icevein Talisman, Qiqi brings forth the Herald of Frost, dealing cryo{Cryo DMG} to surrounding opponents.</p><p>name{Herald of Frost}<br>·On hit, Qiqi's Normal and Charged Attacks regenerate HP for your own party members and nearby teammates. Healing scales based on Qiqi's ATK.<br>·Periodically regenerates your active character's HP.<br>·Follows the character around, dealing cryo{Cryo DMG} to opponents in their path.</p><p><i>I use this to prevent warming and rot... of Dr. Bai's precious ingredients. Yes.</i></p>
talent_name;raiden_shogun_musou_shinsetsu;Тайное искусство: Мусо синсэцу;Secret Art: Musou Shinsetsu
talent_descr;raiden_shogun_musou_shinsetsu;<p>Собрав несметные истины и бесчисленные мечты, сёгун Райдэн проводит атаку Мусо но хитотати и наносит electro{Электро урон по площади}, после чего ещё некоторое время использует Мусо иссин в бою. Урон, наносимый атаками Мусо но хитотати и Мусо иссин, увеличивается в зависимости от количества потраченных при активации навыка уровней Решимости Чакры вожделения.</p><p>name{Мусо иссин}<br>В этом состоянии сёгун Райдэн использует в бою свой меч, а её обычные атаки, заряженные атаки и атаки в падении получают electro{инфузию Электро}, которая не может быть отменена какой-либо другой элементальной инфузией. Когда эти атаки попадают по противнику, сёгун Райдэн восстанавливает энергию всем окружающим членам отряда. Энергия может восстановиться таким способом только раз в 1 сек., и этот эффект может быть активирован до 5 раз во время действия навыка.<br>В этом состоянии повышается сопротивление прерыванию сёгуна Райдэн, и она получает иммунитет к урону от реакции electro{Заряжен}. Когда Мусо иссин активен, урон обычной атаки, заряженной атаки и атаки в падении будет считаться уроном взрыва стихии.</p><p>Эффект навыка Мусо иссин исчезает, когда сёгун Райдэн покидает бой.</p><p>name{Чакра вожделения}<br>Когда окружающие члены отряда (кроме самого сёгуна Райдэн) используют взрыв стихии, сёгун Райдэн накапливает уровни Решимости пропорционально стоимости энергии этих взрывов стихии.<br>Решимость может складываться до 60 раз.</p><p>Полученная с помощью Чакры вожделения Решимость сбрасывается через 300 сек. после того, как сёгун Райдэн покидает бой.</p><p><i>Это новая тайная техника сёгуна Райдэн. Она оставила идеал «мусо» - «забвение» - и приняла новый идеал, название которого читается так же, но значит «мечта» - теперь сёгун несёт на своих плечах мечты и стремления всех людей. И «синсэцу» может означать как «истину», так и что-то «новое» - Инадзума открывает для себя новую главу...</i></p>;"<p>Gathering truths unnumbered and wishes uncounted, the Raiden Shogun unleashes the Musou no Hitotachi and deals electro{AoE Electro DMG}, using Musou Isshin in combat for a certain duration afterward. The DMG dealt by Musou no Hitotachi and Musou Isshin's attacks will be increased based on the number of Chakra Desiderata's Resolve stacks consumed when this skill is used.</p><p>name{Musou Isshin}<br>While in this state, the Raiden Shogun will wield her tachi in battle, while her Normal, Charged, and Plunging Attacks will be infused with electro{Electro DMG}, which cannot be overridden. When such attacks hit opponents, she will regenerate Energy for all nearby party members. Energy can be restored this way once every 1s, and this effect can be triggered 5 times throughout this skill's duration.<br>While in this state, the Raiden Shogun's resistance to interruption is increased, and she is immune to electro{Electro-Charged} reaction DMG.<br>While Musou Isshin is active, the Raiden Shogun's Normal, Charged, and Plunging Attack DMG will be considered Elemental Burst DMG.</p><p>The effects of Musou Isshin will be cleared when the Raiden Shogun leaves the field.</p><p>name{Chakra Desiderata}<br>When nearby party members (excluding the Raiden Shogun herself) use their Elemental Bursts, the Raiden Shogun will build up Resolve stacks based on the Energy Cost of these Elemental Bursts.<br>The maximum number of Resolve stacks is 60.</p><p>The Resolve gained by Chakra Desiderata will be cleared 300s after the Raiden Shogun leaves the field.</p><p><i>This is the Raiden Shogun's new secret technique. Abandoning the void-like ""Musou,"" she now shoulders a new ""Musou"" — the dreams and ambitions of all. Just as ""shinsetsu,"" ""the truth,"" also means ""the new,"" so too has Inazuma entered a new chapter.</i></p>"
talent_name;raiden_shogun_origin;Исток;Origin
talent_descr;raiden_shogun_origin;<p>name{Обычная атака:}<br>До пяти быстрых ударов копьём.</p><p>name{Заряженная атака:}<br>Тратит определённое количество выносливости и наносит восходящий удар.</p><p>name{Атака в падении:}<br>Стремительно падает на землю, атакуя всех врагов на пути. Приземлившись, наносит урон по площади.</p>;<p>name{Normal Attack}<br>Performs up to 5 consecutive spear strikes.</p><p>name{Charged Attack}<br>Consumes a certain amount of Stamina to perform an upward slash.</p><p>name{Plunging Attack}<br>Plunges from mid-air to strike the ground below, damaging opponents along the path and dealing AoE DMG upon impact.</p>
talent_name;raiden_shogun_baleful_omen;Превосходство: Зловещее знамение;Transcendence: Baleful Omen
talent_descr;raiden_shogun_baleful_omen;<p>Сёгун Райдэн приоткрывает своё Царство и наносит окружающим врагам electro{Электро урон}, после чего даёт всем окружающим членам отряда Глаз грозового наказания.</p><p>name{Глаз грозового наказания}<br>· Когда персонажи с этим усилением атакуют и наносят урон противнику, Глаз грозового наказания проводит совместную атаку и наносит на месте врага electro{Электро урон по площади}.<br>· Глаз грозового наказания увеличивает урон взрыва стихии персонажа в зависимости от стоимости энергии взрыва стихии во время действия Глаза грозового наказания.</p><p>Глаз грозового наказания может провести только одну совместную атаку на отряд в течение 0,9 сек.<br>Совместные атаки, вызванные персонажами, которых контролируете не вы, наносят 20% от обычного урона.</p><p><i>Существа великой божественной силы могут влиять на всё, за чем наблюдают. Электро Архонт же может управлять самими звёздами для защиты своих слуг и обрушить грозовой приговор на своих врагов.</i></p>;<p>The Raiden Shogun unveils a shard of her Euthymia, dealing electro{Electro DMG} to nearby opponents, and granting nearby party members the Eye of Stormy Judgment.</p><p>name{Eye of Stormy Judgment}<br>·When characters with this buff attack and deal DMG to opponents, the Eye will unleash a coordinated attack, dealing electro{AoE Electro DMG} at the opponent's position.<br>·Characters who gain the Eye of Stormy Judgment will have their Elemental Burst DMG increased based on the Energy Cost of the Elemental Burst during the Eye's duration.</p><p>The Eye can initiate one coordinated attack every 0.9s per party.<br>Coordinated attacks generated by characters not controlled by you deal 20% of the normal DMG.</p><p><i>Beings of great divinity might affect all that they survey, and the Electro Archon can manipulate the very inauspicious stars themselves to defend her retainers and bring a thundering sentence down on their foes.</i></p>
talent_name;razor_lightning_fang;Громовой клык;Lightning Fang
talent_descr;razor_lightning_fang;"<p>Пробуждает внутреннего волка, который наносит electro{Электро урон} всем окружающим врагам. Активация навыка отнимает все накопленные символы Электро, конвертируя их в энергию для Рэйзора.<br>На время длительности навыка волк сражается вместе с Рэйзором.</p><p>name{Внутренний волк:}<br>· Атакует вместе с обычными атаками Рэйзора, нанося electro{Электро урон};<br>· Увеличивает скорость атаки и electro{Электро сопротивление} Рэйзора;<br>· Даёт Рэйзору иммунитет от урона, вызванного статусом electro{Заряжен};<br>· Заряженные атаки Рэйзора становятся недоступны;<br>· Повышает устойчивость к прерыванию атак Рэйзора.</p><p>Эти эффекты заканчиваются, когда Рэйзор покидает бой.<br>Когда Рэйзор покидает бой, оставшееся время длительности навыка возвращается к нему в виде энергии. Макс. 10 ед. энергии.</p><p><i>Волк пробудился. Охота продолжается.</i></p>";<p>Summons the Wolf Within, which deals electro{Electro DMG} to all nearby opponents. This clears all of Razor's Electro Sigils, which will be converted into Elemental Energy for him.<br>The Wolf Within will fight alongside Razor for the skill's duration.</p><p>name{The Wolf Within}<br>·Strikes alongside Razor's normal attacks, dealing electro{Electro DMG}.<br>·Raises Razor's ATK SPD and electro{Electro RES}.<br>·Causes Razor to be immune to DMG inflicted by the electro{Electro-Charged} status.<br>·Disables Razor's Charged Attacks.<br>·Increases Razor's resistance to interruption.</p><p>These effects end when Razor leaves the battlefield.<br>When Razor leaves the field, a maximum of 10 Energy will be returned to him based off the duration remaining on this skill.</p><p><i>The wolf has awoken. The hunt is on.</i></p>
talent_name;razor_steel_fang;Стальной клык;Steel Fang
talent_descr;razor_steel_fang;<p>name{Обычная атака:}<br>До четырёх рубящих ударов мечом.</p><p>name{Заряженная атака:}<br>Вращающаяся атака по окружающим врагам, на которую непрерывно тратится выносливость.<br>После вращения проводит дополнительную мощную атаку мечом.</p><p>name{Атака в падении:}<br>Стремительно падает на землю, атакуя всех врагов на пути. Приземлившись, наносит урон по площади.</p>;<p>name{Normal Attack}<br>Performs up to 4 consecutive strikes.</p><p>name{Charged Attack}<br>Drains Stamina over time to perform continuous spinning attacks against all nearby opponents.<br>At the end of the sequence, performs a more powerful slash. </p><p>name{Plunging Attack}<br>Plunges from mid-air to strike the ground below, damaging opponents along the path and dealing AoE DMG upon impact.</p>
talent_name;razor_claw_and_thunder;Гром и когти;Claw and Thunder
talent_descr;razor_claw_and_thunder;<p>Выслеживает жертву, используя приёмы и методы, которые он узнал от своего учителя и своей стаи.</p><p>name{Быстрое нажатие:}<br>Удар когтями громового волка, наносящий electro{Электро урон} врагам впереди.<br>При попадании Рэйзор получает символ Электро, который увеличивает скорость восстановления его энергии.<br>Рэйзор может иметь до 3 символов Электро одновременно. Получение нового значка Электро обнуляет их длительность.</p><p>name{Долгое нажатие:}<br>Собирает энергию Электро и на небольшой площади вызывает грозу, которая наносит огромный electro{Электро урон}, отнимая все накопленные символы Электро. Каждый отнятый символ конвертируется в энергию для Рэйзора.</p><p><i>Когда бьёт молния, глубоко в глазах Рэйзора вы можете увидеть, как хищник, живущий в нём, оценивает свою добычу.</i></p>;<p>Hunts his prey using the techniques taught to him by his master and his lupical.</p><p>name{Press}<br>Swings the Thunder Wolf Claw, dealing electro{Electro DMG} to opponents in front of Razor.<br>Upon striking an opponent, Razor will gain an Electro Sigil, which increases his Energy Recharge rate.<br>Razor can have up to 3 Electro Sigils simultaneously, and gaining a new Electro Sigil refreshes their duration.</p><p>name{Hold}<br>Gathers Electro energy to unleash a lightning storm over a small AoE, causing massive electro{Electro DMG}, and clears all of Razor's Electro Sigils.<br>Each Electro Sigil cleared in this manner will be converted into Energy for Razor.</p><p><i>In the moment when lightning strikes, you can sometimes glimpse the look of a predator sizing up his prey deep within Razor's eyes.</i></p>
talent_name;rosaria_rites_of_termination;Обряд кончины;Rites of Termination
talent_descr;rosaria_rites_of_termination;<p>Авторская молитва Розарии. После кругового взмаха своим оружием она вонзает Ледяное копьё в землю. Обе этих атаки наносят cryo{Крио урон}.<br>Пока активно, Ледяное копьё периодически выпускает холодный воздух, который наносит cryo{Крио урон} окружающим врагам.</p><p><i>Суждение так утомляет. Предлагаю пропустить его и перейти непосредственно к заключительному обряду. Мне провести этот обряд необычайно легко, потому что я не верю в Анемо Архонта.</i></p>;"<p>Rosaria's unique take on this prayer ritual: First, she swings her weapon to slash surrounding opponents; then, she summons a frigid Ice Lance that strikes the ground. Both actions deal cryo{Cryo DMG}.<br>While active, the Ice Lance periodically releases a blast of cold air, dealing cryo{Cryo DMG} to surrounding opponents.</p><p><i>Judgment is such a tedious ordeal — much easier to skip that phase and get straight to the last rites. Rosaria was never very devoted to the Anemo God anyway, which makes performing them all too easy.</i></p>"
talent_name;rosaria_spear_of_the_church;Копьё церкви;Spear of the Church
talent_descr;rosaria_spear_of_the_church;<p>name{Обычная атака:}<br>До пяти ударов копьём.</p><p>name{Заряженная атака:}<br>Выпад, наносящий урон противникам на пути, на который тратится определённое количество выносливости.</p><p>name{Атака в падении:}<br>Стремительно падает на землю, атакуя всех врагов на пути. Приземлившись, наносит урон по площади.</p>;<p>name{Normal Attack}<br>Performs up to 5 consecutive spear strikes.</p><p>name{Charged Attack}<br>Consumes a certain amount of Stamina to lunge forward, dealing damage to opponents along the way.</p><p>name{Plunging Attack}<br>Plunges from mid-air to strike the ground below, damaging opponents along the path and dealing AoE DMG upon impact.</p>
talent_name;rosaria_ravaging_confession;Казнящая исповедь;Ravaging Confession
talent_descr;rosaria_ravaging_confession;<p>Розария стремительно передвигается за противника и пронзает его своим копьём, нанося cryo{Крио урон}.<br>Эта способность не позволяет переместиться за противников крупного телосложения.</p><p><i>Исповедующиеся сестре Розарии не получат отпущения грехов. Любой грех, малый и тяжкий, встретит свою холодную кару.</i></p>;<p>Rosaria swiftly shifts her position to appear behind her opponent, then stabs and slashes them with her polearm, dealing cryo{Cryo DMG}.<br>This ability cannot be used to travel behind opponents of a larger build.</p><p><i>Those who confess to Sister Rosaria will be granted no absolution. All sinners shall be met with the piercing cold of punishment proportionate to the weight of their sins.</i></p>
talent_name;sangonomiya_kokomi_nereids_ascension;Вознесение нереиды;Nereid's Ascension
talent_descr;sangonomiya_kokomi_nereids_ascension;<p>Сила Ватацуми нисходит на поле боя, наносит hydro{Гидро урон} окружающим противникам и облачает Кокоми в Церемониальное одеяние, сотканное из текущих вод Сангономии.</p><p>name{Церемониальное одеяние}<br>· Урон обычной атаки, заряженной атаки и Бакэ-курагэ элементального навыка Сангономии Кокоми увеличивается пропорционально её макс. HP.<br>· При попадании обычной или заряженной атакой Кокоми восстанавливает HP всем окружающим членам отряда. Количество восстановленного HP пропорционально макс. HP Кокоми.<br>· Повышает сопротивление прерыванию Сангономии Кокоми и позволяет ей двигаться по водной поверхности.</p><p>Эффекты пропадают, когда Сангономия Кокоми покидает бой.</p><p><i>Чистый свет сливается в одежды вокруг её превосходительства Сангономии Кокоми, отражая её великолепный силуэт.</i></p>;<p>Summons the might of Watatsumi, dealing hydro{Hydro DMG} to surrounding opponents, before robing Kokomi in a Ceremonial Garment made from the flowing waters of Sangonomiya.</p><p>name{Ceremonial Garment}<br>·Sangonomiya Kokomi's Normal Attack, Charged Attack and Bake-Kurage DMG are increased based on her Max HP.<br>·When her Normal and Charged Attacks hit opponents, Kokomi will restore HP for all nearby party members, and the amount restored is based on her Max HP.<br>·Increases Sangonomiya Kokomi's resistance to interruption and allows her to walk on the water's surface.</p><p>These effects will be cleared once Sangonomiya Kokomi leaves the field.</p><p><i>Clear light coalesces into robes around Her Excellency, Sangonomiya Kokomi, reflecting her magnificent form.</i></p>
talent_name;sangonomiya_kokomi_the_shape_of_water;Форма воды;The Shape of Water
talent_descr;sangonomiya_kokomi_the_shape_of_water;<p>name{Обычная атака:}<br>Запускает до трёх иллюзорных рыбок, которые наносят hydro{Гидро урон}.</p><p>name{Заряженная атака:}<br>После прочтения краткого заклинания, на которое тратится определённое количество выносливости, наносит hydro{Гидро урон по площади}.</p><p>name{Атака в падении:}<br>Накопив энергию воды, стремительно падает на землю, атакуя всех врагов на пути. Приземлившись, наносит hydro{Гидро урон по площади}.</p>;<p>name{Normal Attack}<br>Performs up to 3 consecutive attacks that take the form of swimming fish, dealing hydro{Hydro DMG}.</p><p>name{Charged Attack}<br>Consumes a certain amount of Stamina to deal hydro{AoE Hydro DMG} after a short casting time.</p><p>name{Plunging Attack}<br>Gathering the might of Hydro, Kokomi plunges towards the ground from mid-air, damaging all opponents in her path. Deals hydro{AoE Hydro DMG} upon impact with the ground.</p>
talent_name;sangonomiya_kokomi_kurages_oath;Клятва курагэ;Kurage's Oath
talent_descr;sangonomiya_kokomi_kurages_oath;<p>Призывает созданного из воды Бакэ-курагэ, который может лечить союзников.<br>Использование этого навыка накладывает на Сангономию Кокоми статус hydro{Мокрый}.</p><p>name{Бакэ-курагэ}<br>Наносит hydro{Гидро урон} окружающим противникам и периодически лечит активных персонажей поблизости. Объём лечения зависит от макс. HP Сангономии Кокоми.</p><p><i>Для поддержания оптимальной рабочей эффективности Кокоми требуется своевременно «освежиться».</i></p>;"<p>Summons a ""Bake-Kurage"" created from water that can heal her allies.<br>Using this skill will apply the hydro{Wet} status to Sangonomiya Kokomi.</p><p>name{Bake-Kurage}<br>Deals hydro{Hydro DMG} to surrounding opponents and heals nearby active characters at fixed intervals. This healing is based on Kokomi's Max HP.</p><p><i>Kokomi needs timely ""refreshment"" in order to maintain optimal work efficiency</i>.</p>"
talent_name;sayu_mujina_flurry;Искусство Юху: Сумасшествие Мудзина;Yoohoo Art: Mujina Flurry
talent_descr;sayu_mujina_flurry;<p>Другая невероятная техника искусства Юху! Она призывает на помощь Саю пару умелых рук.<br>Наносит anemo{Анемо урон} окружающим противникам и лечит всех ближайших членов отряда. Количество восстановленного HP зависит от силы атаки Саю. Затем этот навык призывает Мудзи-Мудзи Даруму.</p><p>name{Мудзи-Мудзи Дарума}<br>Через определённые промежутки времени в зависимости от ситуации Дарума будет исполнять одно из следующих действий:<br>· Если HP ближайших персонажей выше 70%, он атакует ближайшего противника, нанося anemo{Анемо урон}.<br>· Если рядом есть персонажи с HP равным 70% или ниже, он лечит персонажа с наименьшим оставшимся количеством HP. Если поблизости нет противников, а HP ближайших персонажей выше 70%, то он просто лечит персонажей.</p><p><i>Ничего не знающие о ниндзюцу люди любят смотреть, как Саю демонстрирует это умение, и некоторые даже пытаются научиться у неё. Но сама Саю просто хочет, чтобы ей дали поспать и не тревожили.</i></p>;<p>The other super special technique of the Yoohoo Ninja Arts! It summons a pair of helping hands for Sayu.<br>Deals anemo{Anemo DMG} to nearby opponents and heals all nearby party members. The amount of HP restored is based on Sayu's ATK. This skill then summons a Muji-Muji Daruma.</p><p>name{Muji-Muji Daruma}<br>At specific intervals, the Daruma will take one of several actions based on the situation around it:<br>·If the HP of nearby characters is above 70%, it will attack a nearby opponent, dealing anemo{Anemo DMG}.<br>·If there are active characters with 70% or less HP nearby, it will heal the active character with the lowest percentage HP left. If there are no opponents nearby, it will heal active characters nearby even if they have 70% HP or more.</p><p><i>People who don't know the first thing about ninjutsu love to watch Sayu show off this skill, and some have tried to learn it from her. But Sayu just wants to sleep and not be disturbed.</i></p>
talent_name;sayu_shuumatsuban_ninja_blade;Ниндзюцу Сюмацубан;Shuumatsuban Ninja Blade
talent_descr;sayu_shuumatsuban_ninja_blade;<p>name{Обычная атака:}<br>До четырёх рубящих ударов мечом.</p><p>name{Заряженная атака:}<br>Вращающаяся атака по окружающим врагам, на которую непрерывно тратится выносливость.<br>После вращения проводит дополнительную мощную атаку мечом.</p><p>name{Атака в падении:}<br>Стремительно падает на землю, атакуя всех врагов на пути. Приземлившись, наносит урон по площади.</p>;<p>name{Normal Attack}<br>Performs up to 4 consecutive strikes.</p><p>name{Charged Attack}<br>Drains Stamina over time to perform continuous spinning attacks against all nearby opponents.<br>At the end of the sequence, performs a more powerful slash. </p><p>name{Plunging Attack}<br>Plunges from mid-air to strike the ground below, damaging opponents along the path and dealing AoE DMG upon impact.</p>
talent_name;sayu_fuuin_dash;Искусство Юху: Рывок Фуин;Yoohoo Art: Fuuin Dash
talent_descr;sayu_fuuin_dash;<p>Особая техника искусства ниндзя Юху!<br>Саю сворачивается в Ветряное колесо Фуфу и на высокой скорости врезается в противников, нанося им anemo{Анемо урон}. После окончания действия навыка Саю совершает Удар вихря Фуфу, который наносит anemo{Анемо урон по площади}.</p><p>name{Быстрое нажатие:}<br>Принимает форму Ветряного колеса Фуфу, катится небольшое расстояние вперёд и совершает Удар вихря Фуфу.</p><p>name{Долгое нажатие:}<br>Непрерывно катится в форме Ветряного колеса Фуфу и повышает сопротивление прерыванию Саю, пока она находится в этой форме.<br>В течение этого времени Саю может выбирать направление кувырка, а также может использовать навык снова, чтобы преждевременно выйти из формы Ветряного колеса Фуфу и совершить более сильный Удар вихря Фуфу.<br>Долгое нажатие этого навыка может активировать поглощение стихий.</p><p>Этот навык может длиться максимум 10 сек., после чего переходит в режим отката. Чем дольше Саю остаётся в форме Ветряного колеса Фуфу, тем дольше будет время отката навыка.</p><p>name{Поглощение стихии:}<br>Будучи в форме Ветряного колеса Фуфу, Саю может войти в контакт с элементами hydro{Гидро}, pyro{Пиро}, cryo{Крио} или electro{Электро}, и тогда Ветряное колесо Фуфу и Удар вихря Фуфу нанесут дополнительный урон этим элементом.<br>За каждое использование навык может поглотить только один элемент.</p><p><i>Саю может пользоваться этим умением с закрытыми глазами. Изначально оно было создано как средство для побега, но теперь, когда у Саю есть Глаз Бога, она может доставить множество неприятностей своим врагам.</i></p>;<p>The special technique of the Yoohoo Ninja Arts!<br>Sayu curls up into a rolling Fuufuu Windwheel and smashes into opponents at high speed, dealing anemo{Anemo DMG}. When the duration ends, she unleashes a Fuufuu Whirlwind Kick, dealing anemo{AoE Anemo DMG}.</p><p>name{Press}<br>Enters the Fuufuu Windwheel state, rolling forward a short distance before using the Fuufuu Whirlwind Kick.</p><p>name{Hold}<br>Rolls about continuously in the Fuufuu Windwheel state, increasing Sayu's resistance to interruption while within that state.<br>During this time, Sayu can control the direction of her roll, and can use the skill again to end her Windwheel state early and unleash a stronger version of the Fuufuu Whirlwind Kick.<br>The Hold version of this skill can trigger Elemental Absorption.</p><p>This skill has a maximum duration of 10s and enters CD once its effects end. The longer Sayu remains in her Windwheel state, the longer the CD.</p><p>name{Elemental Absorption}<br>If Sayu comes into contact with hydro{Hydro}/pyro{Pyro}/cryo{Cryo}/electro{Electro} while in her Windwheel state, she will deal additional elemental DMG of that type.<br>Elemental Absorption may only occur once per use of this skill.</p><p><i>Sayu can pull this skill off with her eyes closed. This technique was originally created for escaping, but now that she's got a Vision, might as well make her foes eat dirt while she's at it.</i></p>
talent_name;sethos_twilight_shadowpiercer;Тайный ритуал: Сумеречный пронзитель теней;Secret Rite: Twilight Shadowpiercer
talent_descr;sethos_twilight_shadowpiercer;<p>Выполняет тайный ритуал и входит в состояние Сумрачной медитации. В этом состоянии обычные атаки Сетоса превращаются в пронзающие врагов name{Болты сумрака}: они наносят electro{Электро урон} врагам на пути, а их урон увеличивается пропорционально мастерству стихий Сетоса.<br>Во время действия этого состояния Сетос не может выполнять прицельные выстрелы.<br>Урон Болтов сумрака считается уроном заряженной атаки.<br>Эффект исчезает, когда Сетос покидает поле боя.</p><p><i>В архивах Храма Молчания хранится множество книг, оставленных Ахтамуном со времён царя Дешрета. В них описано множество могущественных тайных ритуалов, но даже в Храме Молчания лишь немногие смогли овладеть ими.</i></p>;"<p>Perform a secret rite, entering the ""Twilight Meditation"" state, during which Sethos's Normal Attacks will be converted into enemy-piercing name{Dusk Bolts}: Deal electro{Electro DMG} to opponents in its path, with DMG increased based on Sethos's Elemental Mastery.<br>Sethos cannot perform Aimed Shots while in this state.<br>DMG dealt by Dusk Bolts is considered Charged Attack DMG.<br>This effect will be canceled when Sethos leaves the field.</p><p><i>The archives of the Temple of Silence preserve many tomes left behind by Akhtamun, from the era of King Deshret. Many secret rituals of great power are recorded within, but even among the Temple of Silence, very few could master them.</i></p>"
talent_name;sethos_royal_reed_archery;Королевское мастерство стрельбы;Royal Reed Archery
talent_descr;sethos_royal_reed_archery;<p>name{Обычная атака:}<br>До трёх последовательных выстрелов из лука.</p><p>name{Заряженная атака:}<br>Более меткий name{прицельный выстрел} с увеличенным уроном.<br>Во время прицеливания наконечник стрелы заряжается силой Электро. Эффект зависит от длительности заряда стрелы:<br>· Уровень заряда 1: Выпускает стрелу, наполненную силой молнии, которая наносит electro{Электро урон}.<br>· Уровень заряда 2: Выпускает name{Пронзающий тени выстрел}, который пронзает цели и наносит electro{Электро урон} врагам на своём пути. Когда Пронзающий тени выстрел полностью заряжен, Сетос не сможет передвигаться.</p><p>name{Атака в падении:}<br>Выпускает град стрел в воздухе, которые при приземлении персонажа наносят урон по площади.</p>;<p>name{Normal Attack}<br>Performs up to 3 consecutive shots with a bow.</p><p>name{Charged Attack}<br>Performs a more precise name{Aimed Shot} with increased DMG.<br>While aiming, the power of Electro will accumulate on the arrowhead before the arrow is fired. Has different effects based on how long the energy has been charged:<br>·Charge Level 1: Fires off an arrow carrying the power of lightning that deals electro{Electro DMG}.<br>·Charge Level 2: Fires off a name{Shadowpiercing Shot} which can pierce enemies, dealing electro{Electro DMG} to enemies along its path. After the Shadowpiercing Shot is fully charged, Sethos cannot move around.</p><p>name{Plunging Attack}<br>Fires off a shower of arrows in mid-air before falling and striking the ground, dealing AoE DMG upon impact.</p>
talent_name;sethos_the_thundering_sands;Древний обряд: Громогласный рёв песка;Ancient Rite: The Thundering Sands
talent_descr;sethos_the_thundering_sands;<p>Собрав мощь грома, наносит electro{Электро урон по площади} и стремительно отступает. Если данная атака активирует реакции Заряжен, Лунный заряд, Сверхпроводник, Перегрузка, Стимуляция, Обострение, Вегетация или Электро Рассеивание, Сетос восстанавливает некоторое количество энергии.</p><p><i>«Питаемый силой божества жрец, чародеи, что превратили ямы в источники - певцы пустыни до сих пор передают сказания о них... Но я знаю, что это вовсе не легенды, поскольку они - наши предки».</i></p>;"<p>Gathers the might of thunder, dealing electro{AoE Electro DMG} and quickly retreating. If this attack triggers Electro-Charged, Lunar-Charged, Superconduct, Overloaded, Quicken, Aggravate, Hyperbloom, or Electro Swirl reactions, Sethos recovers a certain amount of Elemental Energy.</p><p><i>""The God indwelt Priest, the Magi who turned pits to springs, the singers of the sea of sand still spread their stories... But I know those are not legends, for they are our ancestors.""</i></p>"
talent_name;shenhe_divine_maidens_deliverance;Таинство освобождения;Divine Maiden's Deliverance
talent_descr;shenhe_divine_maidens_deliverance;<p>Высвобождает силу Духа талисмана, позволяет ему свободно бродить в этом мире, нанося cryo{Крио урон по площади}.<br>Дух талисмана создаёт поле, внутри которого снижается cryo{Крио сопротивление} и физ. сопротивление противников, а также им периодически наносится cryo{Крио урон}.</p><p><i>Путь Адепта основывается не на мистике и воображении. Только наблюдая за изменениями, происходящими в небесах и на земле, и понимая причинно-следственные связи, можно постичь суть мироздания.</i></p>;<p>Unleashes the power of the Talisman Spirit, allowing it to roam free in this plane, dealing cryo{AoE Cryo DMG}.<br>The Talisman Spirit then creates a field that decreases the cryo{Cryo RES} and Physical RES of opponents within it. It also deals periodic cryo{Cryo DMG} to opponents within the field.</p><p><i>The way of the adepti is not defined only by the mysterious and fantastical. Only by observing the changes in the heavens and the earth, and understanding the laws of cause and effect in this realm, may its essence be understood.</i></p>
talent_name;shenhe_dawnstar_piercer;Пронзая звёзды;Dawnstar Piercer
talent_descr;shenhe_dawnstar_piercer;<p>name{Обычная атака:}<br>До пяти ударов копьём.</p><p>name{Заряженная атака:}<br>Выпад, наносящий урон противникам на пути, на который тратится определённое количество выносливости.</p><p>name{Атака в падении:}<br>Стремительно падает на землю, атакуя всех врагов на пути. Приземлившись, наносит урон по площади.</p>;<p>name{Normal Attack}<br>Performs up to 5 consecutive spear strikes.</p><p>name{Charged Attack}<br>Consumes a certain amount of Stamina to lunge forward, dealing damage to opponents along the way.</p><p>name{Plunging Attack}<br>Plunges from mid-air to strike the ground below, damaging opponents along the path and dealing AoE DMG upon impact.</p>
talent_name;shenhe_spring_spirit_summoning;Призыв духа;Spring Spirit Summoning
talent_descr;shenhe_spring_spirit_summoning;<p>Иней застывшего серебра изгоняет всех демонов.<br>Накладывает эффект Ледяное перо на всех окружающих членов отряда и наносит разное количество cryo{Крио урона} в зависимости от того, была ли использована форма быстрого или долгого нажатия навыка.</p><p>name{Быстрое нажатие:}<br>Бросается вперёд вместе с Духом талисмана, нанося cryo{Крио урон} противникам на пути.</p><p>name{Долгое нажатие:}<br>Приказывает Духу талисмана нанести cryo{Крио урон по площади}.</p><p>name{Ледяное перо:}<br>Когда обычные атаки, заряженные атаки, атаки в падении, элементальные навыки или взрывы стихии наносят противникам cryo{Крио урон}, то наносимый урон увеличивается в зависимости от текущей силы атаки Шэнь Хэ.</p><p>Эффект Ледяное перо будет снят по окончании его действия или после израсходования определённого количества зарядов. Долгое нажатие даст большую продолжительность и большее количество зарядов, чем быстрое.</p><p>Когда cryo{Крио урон} от одного удара наносится одновременно нескольким противникам, заряды будут расходоваться в зависимости от количества поражённых противников. Количество зарядов Ледяного пера каждого члена отряда подсчитывается отдельно.</p><p><i>Велика сила духов. В бою слава их ждёт. По приказу богини устремятся вперёд!</i></p>;<p>The frosted dew, silvery and dense, shall exorcise all demons.<br>Grants all nearby party members the Icy Quill effect and deals cryo{Cryo DMG} in different ways based on whether it is pressed or held.</p><p>name{Press}<br>Rushes forward together with a Talisman Spirit, dealing cryo{Cryo DMG} to opponents along the path.</p><p>name{Hold}<br>Commands the Talisman Spirit to deal cryo{AoE Cryo DMG}.</p><p>name{Icy Quill}<br>When Normal, Charged, and Plunging Attacks, Elemental Skills, and Elemental Bursts deal cryo{Cryo DMG} to opponents, the DMG dealt is increased based on Shenhe's current ATK.</p><p>The Icy Quill's effects will be cleared once its duration ends or after being triggered a certain number of times. When held rather than pressed, the Icy Quill's effect lasts longer and can be triggered more times.<br>When one cryo{Cryo DMG} instance strikes multiple opponents, the effect is triggered multiple times based on the number of opponents hit. The number of times the effect is triggered is calculated independently for each party member with the Icy Quill.</p><p><i>The power of the spirits is no falsehood. Burdened with her orders, the divine maiden hurries on!</i></p>
talent_name;shikanoin_heizou_windmuster_kick;Ураганный удар;Windmuster Kick
talent_descr;shikanoin_heizou_windmuster_kick;<p>Взмывает в воздух и совершает взрывной удар Снаряда пустоты стиля Фудо. Снаряд пустоты при попадании взрывается и создаёт Ураганный туннель, притягивающий предметы и противников поблизости, а также наносит anemo{Анемо урон по площади}.<br>При попадании по противникам под воздействием hydro{Гидро}/pyro{Пиро}/cryo{Крио}/electro{Электро} Снаряд пустоты стиля Фудо накладывает на них Око урагана, которое вскоре взрывается и наносит урон по площади соответствующей стихией.<br>Снаряд пустоты стиля Фудо может наложить Око урагана максимум на 4 поражённых им противников. Один и тот же противник не может одновременно находиться под воздействием Ока урагана разных стихий.</p><p><i>Уникальный приём, который собирает мощь Анемо в одном ударе. Он поражает преступников всякий раз, когда те после разоблачения всё ещё пытаются улизнуть.</i></p>;<p>Leaps into the air and uses the Fudou Style Vacuum Slugger and kicks his opponent. The Vacuum Slugger will explode upon hit and create an Arresting Windtunnel that pulls in nearby objects and opponents, dealing anemo{AoE Anemo DMG}.<br>When Vacuum Slugger hits opponents affected by hydro{Hydro}/pyro{Pyro}/cryo{Cryo}/electro{Electro}, these opponents will be afflicted with Windmuster Iris. This Windmuster Iris will explode after a moment and dissipate, dealing AoE DMG of the corresponding aforementioned elemental type.<br>Vacuum Slugger can afflict a maximum of 4 opponents with the Windmuster Iris. A single opponent cannot be under the effect of Windmuster Irises of different elements at the same time.</p><p><i>A unique technique that gathers Anemo in one place before unleashing it all in one kick. Is always there in a pinch to land on some criminal's fleeing back.</i></p>
talent_name;shikanoin_heizou_fudou_style_martial_arts;Боевой стиль Фудо;Fudou Style Martial Arts
talent_descr;shikanoin_heizou_fudou_style_martial_arts;<p>name{Обычная атака:}<br>До пяти усиленных могучим ветром ударов, которые наносят anemo{Анемо урон}.</p><p>name{Заряженная атака:}<br>Тратит некоторое количество выносливости на стремительный удар, наносящий anemo{Анемо урон}.</p><p>name{Атака в падении:}<br>Накопив энергию сильного ветра, Хэйдзо стремительно падает на землю, атакуя всех врагов на пути. Приземлившись, наносит anemo{Анемо урон по площади}.</p>;<p>name{Normal Attack}<br>Performs up to 5 fisticuffs empowered by a mighty wind, dealing anemo{Anemo DMG}.</p><p>name{Charged Attack}<br>Consumes a certain amount of Stamina and performs a sweeping kick that deals anemo{Anemo DMG}.</p><p>name{Plunging Attack}<br>Calling upon the surging wind, Heizou plunges towards the ground from mid-air, damaging all opponents in his path. Deals anemo{AoE Anemo DMG} upon impact with the ground.</p>
talent_name;shikanoin_heizou_heartstopper_strike;Убиение сердца;Heartstopper Strike
talent_descr;shikanoin_heizou_heartstopper_strike;<p>name{Быстрое нажатие}<br>Направляя порыв ветра, совершает удар Убиения сердца, который наносит anemo{Анемо урон}.</p><p>name{Долгое нажатие}<br>Заряжается и наносит ещё более сильный удар. Во время зарядки получает эффект Отклонения, который усиливает удар Убиения сердца. Когда кнопка навыка отпущена или закончена зарядка, совершает удар Убиения сердца вперёд, нанося anemo{Анемо урон}.</p><p>name{Отклонение}<br>Увеличивает урон последующего удара Убиения сердца. Эффект может складываться до 4 раз.<br>На 4 уровне складывания Отклонения появится эффект Верного мнения, который делает урон последующего удара Убиения сердца ещё выше и увеличивает зону поражения.</p><p><i>Этот, казалось бы, незамысловатый прямой удар воплощает стремление Хэйдзо заставить преступников искренне признать свою вину и покаяться.</i></p>;<p>name{Tap}<br>Wields the swift winds to launch a Heartstopper Strike that deals anemo{Anemo DMG}.</p><p>name{Hold}<br>Charges energy to unleash an even stronger blow. He will obtain the Declension effect while charging, which will increase the power of the Heartstopper Strike. When the skill button is released or the skill finishes charging, he will strike forward, dealing anemo{Anemo DMG}.</p><p>name{Declension}<br>Increases the power of the next Heartstopper Strike. Max 4 stacks.<br>When you possess 4 Declension stacks, the Conviction effect will be produced, which will cause the next Heartstopper Strike to be even stronger and have a larger AoE.</p><p><i>This seemingly ordinary strike contains Heizou's desire for criminals to honestly confess and repent.</i></p>
talent_name;sigewinne_super_saturated_syringing;Сверхнасыщенная инъекция;Super Saturated Syringing
talent_descr;sigewinne_super_saturated_syringing;<p>Достаёт специальный шприц, сделанный в крепости Меропид, и атакует перед собой волнами доброты и лекарств, нанося периодический hydro{Гидро урон по площади}, пропорциональный макс. HP Сиджвин.<br>Кроме того, во время применения навыка Сиджвин поглощает до 2 Капель источника в определённом радиусе поблизости.</p><p><i>«Ох, лекарство в чересчур больших дозах ничем не лучше яда. Это очень опасно! Но заботы и ухода, которые так нужны пациентам, никогда не бывает слишком много!»</i></p>;"<p>Takes out a special Fortress of Meropide-made syringe and assault the area in front with waves of kindness and medicine, dealing hydro{AoE Hydro DMG} based on Sigewinne's max HP.<br>In addition, Sigewinne absorbs up to 2 nearby Sourcewater Droplets within a certain range when she uses this skill.</p><p><i>""Hey, overdosing on medicine is no different from poison, you know, it's real dangerous! But patients need care and concern, and nobody can overdose on that!""</i></p>"
talent_name;sigewinne_targeted_treatment;Прицельное лечение;Targeted Treatment
talent_descr;sigewinne_targeted_treatment;<p>name{Обычная атака}<br>До трёх последовательных атак.</p><p>name{Заряженная атака}<br>Более меткий name{прицельный выстрел} с увеличенным уроном.<br>Во время прицеливания стрела постепенно накапливает энергию Гидро. При полном заряде Сиджвин периодически выпускает в цель медленно передвигающиеся Пузырьки сострадания, которые наносят hydro{Гидро урон}. Когда выпускается наделённая силой потоков стрела, при попадании она наносит hydro{Гидро урон}.</p><p>name{Атака в падении}<br>Выпускает град стрел, которые при приземлении персонажа наносят урон по площади.</p>;<p>name{Normal Attack}<br>Performs up to 3 consecutive attacks.</p><p>name{Charged Attack}<br>Performs a more precise name{Aimed Shot} with increased DMG.<br>While aiming, the power of Hydro will continually accumulate on the arrow. After fully charging, Sigewinne will periodically fire slow-moving Mini-Stration Bubbles toward the target, dealing hydro{Hydro DMG}. When released, an arrow imbued with torrential energy will deal hydro{Hydro DMG} to the opponent hit.</p><p>name{Plunging Attack}<br>Fires off a shower of arrows in mid-air before falling and striking the ground, dealing AoE DMG upon impact.</p>
talent_name;sigewinne_rebound_hydrotherapy;Прыгучая гидротерапия;Rebound Hydrotherapy
talent_descr;sigewinne_rebound_hydrotherapy;<p>Выпускает из пузырькового пистолета, изготовленного в крепости Меропид, name{Бодрящий пузырёк}, который улучшает кровообращение и помогает пациентам уснуть.<br>Бодрящий пузырёк прыгает между противниками поблизости и наносит поражённым врагам hydro{Гидро урон}, пропорциональный макс. HP Сиджвин. Отскакивая, он восстанавливает HP всем членам отряда поблизости за исключением Сиджвин. Объём лечения зависит от макс. HP Сиджвин.<br>Отпрыгнув 5 раз, Бодрящий пузырёк исчезает и восстанавливает HP Сиджвин пропорционально её макс. HP.<br>Если врагов нет, Бодрящий пузырёк прыгает поблизости. Одновременно может существовать только один Бодрящий пузырёк, созданный самой Сиджвин.<br>При долгом нажатии способ активации навыка меняется.</p><p>name{Долгое нажатие}<br>Переходит в режим прицеливания, собирает заряд и выдувает более крупный, более сильный Бодрящий пузырёк! Пузырёк в зависимости от длительности удержания растёт, причём его рост делится на два уровня. За каждый уровень роста наносимый им урон и лечение увеличивается на 5%. При отскоке Крупный Бодрящий пузырёк теряет один уровень роста, пока не станет обычным Бодрящим пузырьком.<br>Слабые враги, поражённые большим Бодрящим пузырьком, оказываются в заключении и теряют способность двигаться.</p><p>Кроме того, когда Сиджвин активирует этот навык, рядом с ней создаётся 2 Капли источника. Каждая поглощённая Сиджвин Капля источника даёт ей Долг жизни, равный 10% от её макс. HP.<br>Когда Долг жизни Сиджвин снимается, за каждые 2000 единиц снятого Долга жизни она восстанавливает 1 ед. энергии. Таким способом Сиджвин может восстановить до 5 ед. энергии.</p><p>name{Архэ: Усия}<br>Периодически на место, куда попал Бодрящий пузырёк, нисходит Клинок бурных вод, который наносит hydro{Гидро урон} усии, пропорциональный макс. HP Сиджвин.</p><p><i>«Что скажешь? Подобная гидротерапия не только стимулирует кровоток, но и доставляет пациентам массу удовольствия. О, а ещё она помогает больным, которым нужен отдых, хорошо поспать...»</i></p>;"<p>Blows a name{Bolstering Bubblebalm} that can stimulate blood flow and help patients drift off to sleep using a bubblegun specially made in the Fortress of Meropide.<br>Bolstering Bubblebalms will bounce between nearby opponents, dealing hydro{Hydro DMG} based on Sigewinne's max HP to opponents it hits. When it bounces, it will restore HP to all nearby party members except Sigewinne herself. The amount healed is based on Sigewinne's max HP.<br>After bouncing 5 times, the Bolstering Bubblebalm will disappear and restore HP to Sigewinne based on her max HP value.<br>When no opponents are present, the Bolstering Bubblebalm will bounce nearby. Only one Bolstering Bubblebalm created by a Sigewinne may exist at once.<br>When Held, the Bolstering Bubblebalm can be boosted to an even bigger size.</p><p>name{Hold}<br>Enter Aiming Mode to begin blowing an even bigger, even more breathtaking Bolstering Bubblebalm!<br>The Bolstering Bubblebalm will grow bigger the longer the skill is Held, until it grows up to two tiers in size. Each tier it grows increases its DMG by 5% and healing by 5%. When a Bolstering Bubblebalm bounces, it will drop down a tier in size, until it returns to being a normal Bolstering Bubblebalm.<br>After weaker opponents are hit by big Bolstering Bubblebalms, they will be imprisoned and will be unable to move.</p><p>In addition, 2 Sourcewater Droplets will be created near Sigewinne when she uses this Skill. Each Sourcewater Droplet Sigewinne collects will grant her a Bond of Life worth 10% of her Max HP.<br>When Sigewinne's Bond of Life is cleared, she regains 1 Elemental Energy for every 2,000 HP worth of the Bond of Life that was cleared. Sigewinne can regain up to 5 Elemental Energy in this way.</p><p>name{Arkhe: Ousia}<br>Bolstering Bubblebalms periodically call down a Surging Blade on the position they hit, dealing Ousia-aligned hydro{Hydro DMG} based on Sigewinne's max HP.</p><p><i>""What do you think? Not only can this kind of hydrotherapy stimulate the circulatory system, but it can also cheer patients up, ooh, and that's not all, it can even help patients who ought to get some rest have a nice nap...""</i></p>"
talent_name;skirk_ruin;Хаос: Разрушение;Havoc: Ruin
talent_descr;skirk_ruin;<p>Взрыв стихии Скирк зависит не от энергии, а от skill{n11130005:Змеиного коварства}.<br>Когда у Скирк не менее 50 ед. Змеиного коварства, она может полностью потратить всё Змеиное коварство, выпустить взрыв стихии, разрывая пространство перед собой, и выполнить стремительную серию ударов, нанося cryo{Крио урон по площади}. При этом урон данного взрыва стихии увеличивается за каждую единицу Змеиного коварства свыше 50 на момент его активации. Для этого учитывается до 12 ед. Змеиного коварства.</p><p>Когда Скирк находится в режиме skill{n11130006:Семифазной вспышки}, её взрыв стихии Хаос: Разрушение сменяется на Хаос: Опустошение.</p><p>name{Хаос: Опустошение}<br>Особый взрыв стихии, который может использоваться, не расходуя Змеиного коварства.<br>После его активации Скирк получает эффект Пагубы всему, который длится вплоть до завершения режима Семифазной вспышки. После разблокировки таланта возвышения skill{n11130007:Разум за гранью разума} Скирк также способна поглощать Разрывы пустоты в определённом радиусе поблизости.<br>Во время действия Пагубы всему раз в 0,1 сек., когда Скирк поражает врага обычной атакой, эта обычная атака наносит повышенный урон. Если во время применения name{Хаоса: Опустошение} Скирк поглотила Разрывы пустоты, то урон этой обычной атаки увеличивается ещё больше согласно количеству поглощённых Разрывов.<br>После 10 активаций этот эффект исчезает.</p>;"<p>Skirk's Elemental Burst is not reliant on Elemental Energy but instead on skill{n11130005:Serpent's Subtlety}.<br>When Skirk has at least 50 Serpent's Subtlety, she can expend all her Serpent's Subtlety to unleash her Elemental Burst, ripping the space before her apart and using rapid consecutive slashes that deal cryo{AoE Cryo DMG}. At the same time, the DMG dealt by an instance of this Elemental Burst will be increased by every point of Serpent's Subtlety over 50 when it is unleashed. Up to 12 points can be counted for this purpose.</p><p>When Skirk is in skill{n11130006:Seven-Phase Flash} mode, Havoc: Ruin will be replaced by Havoc: Extinction.</p><p>name{Havoc: Extinction}<br>A special Elemental Burst that can be used even without consuming Serpent's Subtlety.<br>After using it, Skirk will gain the ""All Shall Wither"" effect, which will last until Seven-Phase Flash ends. After unlocking the Ascension Talent skill{n11130007:Reason Beyond Reason}, she can also absorb nearby Void Rifts.<br>While ""All Shall Wither"" is active, every 0.1s, after Skirk's Normal Attack hits an opponent, that Normal Attack will deal increased DMG. If she absorbed any Void Rifts while using name{Havoc: Extinction}, this Normal Attack's DMG will be further increased based on the number of Rifts absorbed.<br>This effect will be canceled when it has triggered 10 times.</p>"
talent_name;skirk_sunder;Хаос: Раскол;Havoc: Sunder
talent_descr;skirk_sunder;<p>name{Обычная атака:}<br>До пяти последовательных ударов.</p><p>name{Заряженная атака:}<br>Бросок вращающегося кристального копья, наносящего урон противникам на пути, на который тратится определённое количество выносливости.</p><p>name{Атака в падении:}<br>Стремительно падает на землю, атакуя всех врагов на пути. Приземлившись, наносит урон по площади.</p>;<p>name{Normal Attack}<br>Performs up to 5 consecutive attacks.</p><p>name{Charged Attack}<br>Consumes a certain amount of Stamina to hurl a spinning crystal spear, dealing DMG to opponents ahead.</p><p>name{Plunging Attack}<br>Plunges from mid-air to strike the ground below, damaging opponents along the path and dealing AoE DMG upon impact.</p>
talent_name;skirk_warp;Хаос: Искажение;Havoc: Warp
talent_descr;skirk_warp;<p>Имитирует стиль боя Рыцаря скверны. При долгом нажатии способ активации навыка меняется.</p><p>name{Быстрое нажатие}<br>Скирк получает 45 ед. skill{n11130005:Змеиного коварства} и переходит в режим skill{n11130006:Семифазной вспышки}.</p><p>name{Долгое нажатие}<br>Скирк получает 45 ед. Змеиного коварства и постоянно перемещается на высокой скорости. В этом состоянии её сопротивление прерыванию повышается.<br>В это время Скирк может управлять направлением перемещения и передвигаться по воде. Повторное применение навыка преждевременно завершает состояние быстрого перемещения.</p>;"<p>Imitates the combat style of ""The Foul."" Produces different effects depending on whether you Tap or Hold.</p><p>name{Tap}<br>Skirk gains 45 skill{n11130005:Serpent's Subtlety} and switches to skill{n11130006:Seven-Phase Flash} mode.</p><p>name{Hold}<br>Skirk gains 45 Serpent's Subtlety and will continuously move at high speed. Her interruption resistance is increased in this state.<br>During this time, Skirk can control her movement direction and move atop water. She can also use this Skill again to end rapid movement prematurely.</p>"
talent_name;n11130005;Змеиное коварство;Serpent's Subtlety
talent_descr;n11130005;<p>Скирк может расходовать Змеиное коварство на поддержание режима Семифазной вспышки или на активацию взрыва стихии Хаос: Разрушение.</p><p>Скирк может получать Змеиное коварство следующими способами:<br>· После активации элементального навыка Хаос: Искажение.<br>· После активации эффекта таланта возвышения Разум за гранью разума при поглощении Разрывов пустоты.</p><p>Когда Скирк покидает поле боя в режиме Семифазной вспышки или её режим Семифазной вспышки завершается, её Змеиное коварство исчезает.</p>;<p>Skirk can consume Serpent's Subtlety to maintain her Seven-Phase Flash mode or to use her Elemental Burst, Havoc: Ruin.</p><p>Skirk can gain Serpent's Subtlety points in the following ways:<br>· After using her Elemental Skill, Havoc: Warp.<br>· After triggering the effect of her Ascension Talent, Reason Beyond Reason, and absorbing Void Rifts.</p><p>When Skirk leaves the field while in Seven-Phase Flash mode or when Seven-Phase Flash ends, her Serpent's Subtlety points will be removed.</p>
talent_name;n11130006;Семифазная вспышка;Seven-Phase Flash
talent_descr;n11130006;<p>Применяя элементальный навык name{Хаос: Искажение}, Скирк на некоторое время переходит в этот режим. Данный режим обладает следующими особенностями:<br>· Непрерывно расходует Змеиное коварство.<br>· Повышает область поражения обычной и заряженной атаки, а также сопротивление прерыванию Скирк.<br>· Обычные атаки, заряженные атаки и атаки в падении наносят cryo{Крио урон}, который не может быть отменён другими инфузиями.<br>· Взрыв стихии name{Хаос: Разрушение} сменяется на особый взрыв стихии name{Хаос: Опустошение}.<br>· Во время спринта Скирк способна передвигаться по воде.<br>· Когда Змеиное коварство исчерпывается или его длительность завершается, Скирк выходит из этого режима, а элементальный навык переходит в режим отката.</p>;<p>Skirk will switch to this mode for a fixed time when using the Elemental Skill name{Havoc: Warp}. This mode has the following properties:<br>· Continuously consumes Serpent's Subtlety.<br>· Increases Normal and Charged Attack AoE and Skirk's interruption resistance.<br>· Normal, Charged, and Plunging Attacks are converted to cryo{Cryo DMG} that cannot be overridden by other Elemental infusions.<br>· Her Elemental Burst, name{Havoc: Ruin} is converted to the special Elemental Burst name{Havoc: Extinction}.<br>· Skirk can move on water when she Sprints.<br>· Skirk will exit this mode when Serpent's Subtlety is fully depleted or its duration ends. Then, the Elemental Skill will go on cooldown.</p>
talent_name;n11130007;Разум за гранью разума;Reason Beyond Reason
talent_descr;n11130007;<p>Когда персонажи отряда поблизости активируют на противнике реакции Заморозка, Сверхпроводник, Крио Рассеивание или Крио Кристалл, рядом с этим противником будет создан Разрыв пустоты. Этот эффект может возникнуть один раз в 2,5 сек. Одновременно на поле может существовать до 3 Разрывов пустоты, созданных самой Скирк.</p><p>Скирк способна поглощать Разрывы пустоты в определённом радиусе поблизости следующими способами:<br>· Когда поражает врагов заряженной атакой в режиме Семифазной вспышки.<br>· Когда активирует особый взрыв стихии name{Хаос: Опустошение} в режиме Семифазной вспышки.<br>· При быстром перемещении после активации элементального навыка name{Хаос: Искажение} долгим нажатием.</p><p>Каждый поглощённый Разрыв пустоты наделяет её 8 ед. Змеиного коварства.</p>;<p>When nearby party members trigger Frozen, Superconduct, Cryo Swirl, or Cryo Crystallize reactions against opponents, a Void Rift will be created near this opponent. This effect can be triggered once every 2.5s. A maximum of 3 Void Rifts created by Skirk herself can exist on the field at once.</p><p>Skirk can use the following methods to absorb nearby Void Rifts:<br>· When she hits an opponent with a Charged Attack in her Seven-Phase Flash mode.<br>· When she uses the special Elemental Burst name{Havoc: Extinction} while in Seven-Phase Flash mode.<br>· When she Holds her Elemental Skill name{Havoc: Warp} to engage in rapid movement.</p><p>Each Rift absorbed will grant her 8 Serpent's Subtlety points.</p>
talent_name;n11130008;Возвращение в небытие;Return to Oblivion
talent_descr;n11130008;<p>Когда hydro{Гидро} персонажи отряда поблизости поражают противника hydro{Гидро} атаками или cryo{Крио} персонажи отряда поблизости за исключением самой Скирк поражают противника cryo{Крио} атаками, Скирк на 20 сек. получает один уровень эффекта Переправы смерти. Этот эффект складывается до 3 раз, а длительность каждого уровня рассчитывается отдельно.<br>Каждый персонаж таким способом может наделять Скирк 1 уровнем Переправы смерти.<br>За каждый уровень Переправы смерти обычная атака Скирк в режиме Семифазной вспышки наносит 110%/120%/170% от её исходного урона, а взрыв стихии name{Хаос: Разрушение} - 105%/115%/160% от его исходного урона.</p>;"<p>When nearby hydro{Hydro} party members' hydro{Hydro} attacks hit opponents, or when nearby cryo{Cryo} party members apart from Skirk hit opponents with cryo{Cryo} attacks, Skirk will gain the ""Death's Crossing"" effect for 20s. Max 3 stacks, each stack's duration is counted independently.<br>Each character can grant Skirk at most 1 ""Death's Crossing"" stack by this means.<br>Each ""Death's Crossing"" stack increases the Normal Attack DMG dealt by Skirk in Seven-Phase Flash mode to 110%/120%/170% of its original DMG and the DMG dealt when using her Elemental Burst name{Havoc: Ruin} to 105%/115%/160% of its original DMG.</p>"
talent_name;sucrose_forbidden_creation_isomer_75_type_ii;Запретно! Изомер 75 / Тип II;Forbidden Creation - Isomer 75 / Type II
talent_descr;sucrose_forbidden_creation_isomer_75_type_ii;<p>Сахароза бросает колбу с нестабильным реагентом, который создаёт большого Воздушного духа.<br>Он непрерывно притягивает предметы и врагов поблизости, подбрасывает врагов в воздух, нанося им anemo{Анемо урон}.</p><p>name{Поглощение стихии:}<br>При контакте с элементами hydro{Гидро}, pyro{Пиро}, cryo{Крио} или electro{Электро} большой Воздушный дух наносит дополнительный урон этим элементом.<br>За каждое использование навык может поглотить только один элемент.</p><p><i>Сахароза давала имена каждому из своих нестабильных Анемо Гипостазисов, но их семейное древо выросло намного крупнее 893-х Баронов Зайчиков.</i></p>;<p>Sucrose hurls an unstable concoction that creates a Large Wind Spirit.<br>While it persists, the Large Wind Spirit will continuously pull in surrounding opponents and objects, launch nearby opponents, and deal anemo{Anemo DMG}.</p><p>name{Elemental Absorption}<br>If the Wind Spirit comes into contact with hydro{Hydro}/pyro{Pyro}/cryo{Cryo}/electro{Electro} energy, it will deal additional elemental DMG of that type.<br>Elemental Absorption may only occur once per use.</p><p><i>Sucrose used to give names to her volatile Anemo Hypostases, but their line of heirs quickly grew to surpass Baron Bunny the 893rd.</i></p>
talent_name;sucrose_wind_spirit_creation;Базовая эссенция ветра;Wind Spirit Creation
talent_descr;sucrose_wind_spirit_creation;<p>name{Обычная атака:}<br>До четырёх ударов эссенцией ветра, наносящих anemo{Анемо урон}.</p><p>name{Заряженная атака:}<br>Короткое заклинание, наносящее anemo{Анемо урон по площади}, на которое тратится определённое количество выносливости.</p><p>name{Атака в падении:}<br>Накопив энергию ветра, стремительно падает на землю, атакуя всех врагов на пути. Приземлившись, наносит anemo{Анемо урон по площади}.</p>;<p>name{Normal Attack}<br>Performs up to 4 attacks using Wind Spirits, dealing anemo{Anemo DMG}.</p><p>name{Charged Attack}<br>Consumes a certain amount of Stamina and deals anemo{AoE Anemo DMG} after a short casting time.</p><p>name{Plunging Attack}<br>Calling upon the power of her Wind Spirits, Sucrose plunges towards the ground from mid-air, damaging all opponents in her path. Deals anemo{AoE Anemo DMG} upon impact with the ground.</p>
talent_name;sucrose_astable_anemohypostasis_creation_6308;Эксперимент №6308;Astable Anemohypostasis Creation - 6308
talent_descr;sucrose_astable_anemohypostasis_creation_6308;<p>Создаёт маленького Воздушного духа, который притягивает к себе врагов и предметы, а затем подбрасывает врагов поблизости и наносит им anemo{Анемо урон}.</p><p><i>Немного неловко говорить об этом, но хоть элементальные формы жизни, рождённые в результате этого эксперимента, и рассеиваются очень быстро, они невероятно полезны в приключениях. Даже неудачные эксперименты могут иметь практическое применение.</i></p>;<p>Creates a small Wind Spirit that pulls opponents and objects towards its location, launches opponents within its AoE, and deals anemo{Anemo DMG}.</p><p><i>This is a little embarrassing, but though the elemental lifeforms birthed through this procedure dissipate very rapidly, they are incredibly useful when adventuring. Even failed experiments can have practical applications.</i></p>
talent_name;tartaglia_obliteration;Хаос: Опустошение;Havoc: Obliteration
talent_descr;tartaglia_obliteration;<p>Совершаемая атака определяется стойкой, в которой находится Тарталья.</p><p>name{Дальняя стойка - Вспышка хаоса:}<br>Тарталья выпускает заряженную водной стихией стрелу, которая наносит hydro{Гидро урон по площади} и накладывает на врагов статус Отлив.<br>После активации навык восстанавливает часть энергии.</p><p>name{Ближняя стойка - Свет погибели:}<br>Тарталья выполняет круговую атаку, которая наносит большой hydro{Гидро урон} окружающим врагам и накладывает на них статус Отлив-взрыв.</p><p>name{Отлив-взрыв:}<br>Атака Свет погибели, попавшая по врагам со статусом Отлив, снимает с них этот статус, вызывая при этом Гидро взрывы, которые наносят hydro{Гидро урон по площади}. Урон Отлив-взрыва считается уроном взрыва стихии.</p><p><i>В его заснеженной родине бурлящие потоки воды встречаются не часто. Возможно, способность Тартальи управлять водой объясняется пониманием того, насколько она драгоценна.</i></p>;<p>Performs different attacks based on what stance Tartaglia is in when casting.</p><p>name{Ranged Stance: Flash of Havoc}<br>Swiftly fires a Hydro-imbued magic arrow, dealing hydro{AoE Hydro DMG} and applying the Riptide status.<br>Returns a portion of its Energy Cost after use.</p><p>name{Melee Stance: Light of Obliteration}<br>Performs a slash with a large AoE, dealing massive hydro{Hydro DMG} to all surrounding opponents, which triggers Riptide Blast.</p><p>name{Riptide Blast}<br>When the obliterating waters hit an opponent affected by Riptide, it clears their Riptide status and triggers a Hydro Explosion that deals hydro{AoE Hydro DMG}.<br>DMG dealt in this way is considered Elemental Burst DMG.</p><p><i>Rushing waters are rarely seen in his snowy homeland. Perhaps his ability to command water is due to his understanding of just how precious it is.</i></p>
talent_name;tartaglia_cutting_torrent;Дождь расставаний;Cutting Torrent
talent_descr;tartaglia_cutting_torrent;<p>name{Обычная атака:}<br>До шести выстрелов из лука.</p><p>name{Заряженная атака:}<br>Более меткий name{прицельный выстрел} с увеличенным уроном.<br>Во время прицеливания наконечник стрелы заряжается энергией воды. Полностью заряженная водой стрела наносит hydro{Гидро урон} и накладывает на противника статус name{Отлив}.</p><p>Отлив:<br>Некоторые атаки Тартальи по противникам со статусом Отлив наносят hydro{Гидро урон по площади}. Этот урон считается нанесённым обычной атакой.<br>·Отлив-вспышка: Полностью заряженный прицельный выстрел по противнику со статусом Отлив наносит последовательный Гидро урон по площади. Возникает раз в 0,7 сек.<br>·Отлив-всплеск: Победа над противником со статусом Отлив вызывает Гидро всплеск, который накладывает на окружающих противника врагов статус Отлив.</p><p>name{Атака в падении:}<br>Выпускает град стрел в воздухе, которые при приземлении персонажа наносят урон по площади.<br>Тарталья не может провести атаку в падении, находясь в ближней стойке Формы духа: Бушующие волны.</p>;<p>name{Normal Attack}<br>Performs up to 6 consecutive shots with a bow.</p><p>name{Charged Attack}<br>Performs a more precise name{Aimed Shot} with increased DMG.<br>While aiming, the power of Hydro will accumulate on the arrowhead. An arrow fully charged with the torrent will deal hydro{Hydro DMG} and apply the Riptide status.</p><p>name{Riptide}<br>Opponents affected by Riptide will suffer from hydro{AoE Hydro DMG} effects when attacked by Tartaglia in various ways. DMG dealt in this way is considered Normal Attack DMG.<br>·Riptide Flash: A fully-charged Aimed Shot that hits an opponent affected by Riptide deals consecutive bouts of AoE DMG. Can occur once every 0.7s.<br>·Riptide Burst: Defeating an opponent affected by Riptide creates a Hydro burst that inflicts the Riptide status on nearby opponents hit.</p><p>name{Plunging Attack}<br>Fires off a shower of arrows in mid-air before falling and striking the ground, dealing AoE DMG upon impact.<br>When Tartaglia is in Foul Legacy: Raging Tide's Melee Stance, he cannot perform a plunging attack.</p>
talent_name;tartaglia_raging_tide;Форма духа: Бушующие волны;Foul Legacy: Raging Tide
talent_descr;tartaglia_raging_tide;<p>Тарталья обнажает клинки из чистой воды, которые наносят hydro{Гидро урон} окружающим врагам и активируют ближнюю стойку.<br>В этой стойке обычные и заряженные атаки Тартальи наносят hydro{Гидро урон}, который не может быть отменён какой-либо элементальной инфузией, и изменяются следующим образом:</p><p>name{Обычная атака:}<br>До шести ударов hydro{Гидро} клинками.</p><p>name{Заряженная атака:}<br>Перекрёстный удар, который наносит hydro{Гидро урон} и затрачивает определённое количество выносливости.</p><p>name{Отлив-удар:}<br>Атаки в ближней стойке по противникам со статусом Отлив вызывают Отлив-удар, который наносит hydro{Гидро урон по площади}. Этот урон считается уроном элементального навыка. Отлив-удар срабатывает не чаще чем один раз в 1,5 сек.</p><p>Тарталья возвращается в дальнюю стойку по истечении 30 сек. или при повторной активации навыка, а сам навык уходит в откат. Чем дольше Тарталья был в ближней стойке, тем дольше будет время отката навыка.<br>Время отката увеличивается, если возврат в дальнюю стойку произошёл по истечении 30 сек.</p><p><i>Он взял на вооружение лук для того, чтобы отточить мастерство стрельбы, но серьёзный бой может потребовать обнажить клинок...</i></p>;<p>Unleashes a set of weaponry made of pure water, dealing hydro{Hydro DMG} to surrounding opponents and entering Melee Stance.<br>In this Stance, Tartaglia's Normal and Charged Attacks are converted to hydro{Hydro DMG} that cannot be overridden by any other elemental infusion and change as follows:</p><p>name{Normal Attack}<br>Performs up to 6 consecutive hydro{Hydro} strikes.</p><p>name{Charged Attack}<br>Consumes a certain amount of Stamina to unleash a cross slash, dealing hydro{Hydro DMG}.</p><p>name{Riptide Slash}<br>Hitting an opponent affected by Riptide with a melee attack unleashes a Riptide Slash that deals hydro{AoE Hydro DMG}. DMG dealt in this way is considered Elemental Skill DMG, and can only occur once every 1.5s.</p><p>After 30s, or when the ability is unleashed again, this skill will end. Tartaglia will return to his Ranged Stance and this ability will enter CD. The longer Tartaglia stays in his Melee Stance, the longer the CD.<br>If the return to a ranged stance occurs automatically after 30s, the CD is even longer.</p><p><i>He chose the bow as his weapon precisely to overcome his weakness with it. But a serious fight demands that he gets serious...</i></p>
talent_name;thoma_crimson_ooyoroi;Багровый оёрой;Crimson Ooyoroi
talent_descr;thoma_crimson_ooyoroi;<p>Тома вращает копьём, обдавая врагов потоками жаркого пламени, которые наносят pyro{Пиро урон по площади} и создают Оёрой огня.</p><p>name{Оёрой огня}<br>Обычные атаки активного персонажа под действием Оёроя огня активируют Огненный разрыв, который наносит pyro{Пиро урон по площади}, и призывают Пылающий щит.<br>Огненный разрыв может возникнуть только раз в секунду.</p><p>Созданный щит идентичен Пылающему покрову, созданному элементальным навыком Томы, во всём, кроме поглощения урона.<br>· pyro{Пиро урон} поглощается с эффективностью 250%.<br>· Если во время действия одного Пылающего щита получен другой Пылающий щит, то оставшееся поглощение урона старого щита добавится новому щиту, время действия щита обновится.</p><p>Макс. поглощение урона щита не может превышать определённую часть от макс. HP Томы.</p><p>Если Тома погибает, то эффект Оёроя огня пропадает.</p><p><i>«Я никогда не забуду данное мной обещание. Пусть это пламя укроет дорогих мне людей, пусть оно вовек не погаснет».</i></p>;"<p>Thoma spins his polearm, slicing at his foes with roaring flames that deal pyro{AoE Pyro DMG} and weave themselves into a Scorching Ooyoroi.</p><p>name{Scorching Ooyoroi}<br>While Scorching Ooyoroi is in effect, the active character's Normal Attacks will trigger Fiery Collapse, dealing pyro{AoE Pyro DMG} and summoning a Blazing Barrier.<br>Fiery Collapse can be triggered once every 1s.</p><p>Except for the amount of DMG they can absorb, the Blazing Barriers created in this way are identical to those created by Thoma's Elemental Skill, Blazing Blessing:<br>·Absorbs pyro{Pyro DMG} 250% more effectively.<br>·When a new Blazing Barrier is obtained, the remaining DMG Absorption of an existing Blazing Barrier will stack and its duration will be refreshed.</p><p>The maximum DMG Absorption of the Blazing Barrier will not exceed a certain percentage of Thoma's Max HP.</p><p>If Thoma falls, the effects of Scorching Ooyoroi will be cleared.</p><p><i>""I will not forget my initial promise. Let this burning flame protect those I cherish, and may it never be extinguished.""</i></p>"
talent_name;thoma_swiftshatter_spear;Быстробойное копьё;Swiftshatter Spear
talent_descr;thoma_swiftshatter_spear;<p>name{Обычная атака:}<br>До четырёх ударов копьём.</p><p>name{Заряженная атака:}<br>Выпад, наносящий урон противникам на пути, на который тратится определённое количество выносливости.</p><p>name{Атака в падении:}<br>Стремительно падает на землю, атакуя всех врагов на пути. Приземлившись, наносит урон по площади.</p>;<p>name{Normal Attack}<br>Performs up to 4 consecutive spear strikes.</p><p>name{Charged Attack}<br>Consumes a certain amount of Stamina to lunge forward, dealing damage to opponents along the way.</p><p>name{Plunging Attack}<br>Plunges from mid-air to strike the ground below, damaging opponents along the path and dealing AoE DMG upon impact.</p>
talent_name;thoma_blazing_blessing;Пылающий покров;Blazing Blessing
talent_descr;thoma_blazing_blessing;<p>Опираясь на воткнутое в землю копьё, Тома стремительно бьёт ногами перед собой и направляет силу пламени, нанося pyro{Пиро урон по площади}. Также Тома призывает Пылающий щит, который накладывает на него pyro{эффект Пиро}.<br>Поглощение урона щитом зависит от макс. HP Томы.<br>Пылающий щит обладает следующими свойствами:<br>· pyro{Пиро урон} поглощается с эффективностью 250%.<br>·Если во время действия одного Пылающего щита получен другой Пылающий щит, то оставшееся поглощение урона старого щита добавится новому щиту, время действия щита обновится.</p><p>Макс. поглощение урона щита не может превышать определённую часть от макс. HP Томы.</p><p><i>Чужеземец может овладеть простым и элегантным инадзумским искусством владения копьём, лишь если в нём ярко пылает огонь почтения. Главное достижение Томы не в том, что освоил это искусство быстрее других и стал настоящим мастером. Важнее, что, веря в важность роли «хранителя», он добавил в это искусство приёмы для сдерживания врага и использование брони.</i></p>;"<p>Thoma vaults forward with his polearm and delivers a flame-filled flying kick that deals pyro{AoE Pyro DMG}, while also summoning a defensive Blazing Barrier. At the moment of casting, Thoma's Elemental Skill applies pyro{Pyro} to himself.<br>The DMG Absorption of the Blazing Barrier scales off Thoma's Max HP.<br>The Blazing Barrier has the following traits:<br>·Absorbs pyro{Pyro DMG} 250% more effectively.<br>·When a new Blazing Barrier is obtained, the remaining DMG Absorption of an existing Blazing Barrier will stack and its duration will be refreshed.</p><p>The maximum DMG Absorption of the Blazing Barrier will not exceed a certain percentage of Thoma's Max HP.</p><p><i>As a guest from afar, only the most burning passion would allow one to master the pure and precise spear arts of Inazuma. Thoma's mastery, indeed, is not limited to being the ""swiftest-studying student"" or ""a master of the spear,"" but he has imbued his will to protect others and fend off foes into his art as well.</i></p>"
talent_name;tighnari_fashioners_tanglevine_shaft;Стрела-лиана жизни;Fashioner's Tanglevine Shaft
talent_descr;tighnari_fashioners_tanglevine_shaft;<p>Собрав силу всех семян, выпускает 6 стрел-лиан. Стрелы-лианы самостоятельно находят цель и наносят dendro{Дендро урон}.<br>При попадании они создают дополнительные стрелы-лианы, которые также самостоятельно находят цель и при попадании наносят dendro{Дендро урон}.</p><p><i>«Даже не думай, что избавиться от них так легко. Лианы вырастут вновь. Не избавишься от них всех - и у тебя будут огромные неприятности».</i></p>;"<p>Combines the power of all seeds to fire 6 Tanglevine Shafts that can track opponents and deal dendro{Dendro DMG}.<br>After they hit, the Tanglevine Shafts will create a secondary wave of Tanglevine Shafts that can also track nearby opponents and deal dendro{Dendro DMG} on hit.</p><p><i>""Do not seek to escape so easily. The vines grow and regrow ever on. Things might get dicey if you don't clear every last one of them out.""</i></p>"
talent_name;tighnari_khanda_barrier_buster;Крушащая преграды кханда;Khanda Barrier-Buster
talent_descr;tighnari_khanda_barrier_buster;<p>name{Обычная атака:}<br>До четырёх выстрелов из лука.</p><p>name{Заряженная атака:}<br>Более меткий name{прицельный выстрел} с увеличенным уроном.<br>Во время прицеливания наконечник стрелы заряжается силой Дендро. Эффект зависит от длительности заряда стрелы:<br>· Уровень заряда 1: Выпускает стрелу, наполненную силой растений, которая наносит dendro{Дендро урон}.<br>· Уровень заряда 2: Выпускает стрелу-венец, наносящую dendro{Дендро урон}. При попадании стрела-венец создаёт 4 стрелы соцветия. Стрелы соцветия самостоятельно находят цель поблизости и наносят dendro{Дендро урон}.</p><p>name{Атака в падении:}<br>Выпускает град стрел в воздухе, которые при приземлении персонажа наносят урон по площади.</p>;<p>name{Normal Attack}<br>Performs up to 4 consecutive shots with a bow.</p><p>name{Charged Attack}<br>Performs a more precise name{Aimed Shot} with increased DMG.<br>While aiming, the power of Dendro will accumulate on the arrowhead before the arrow is fired. Has different effects based on how long the energy has been charged:<br>·Charge Level 1: Fires off an arrow carrying the power of flora that deals dendro{Dendro DMG}.<br>·Charge Level 2: Fires off a Wreath Arrow that deals dendro{Dendro DMG}. Upon hit, the Wreath Arrow will create 4 Clusterbloom Arrows that will track nearby opponents automatically and deal dendro{Dendro DMG}.</p><p>name{Plunging Attack}<br>Fires off a shower of arrows in mid-air before falling and striking the ground, dealing AoE DMG upon impact.</p>
talent_name;tighnari_vijnana_phala_mine;Мина виджняны-пхалы;Vijnana-Phala Mine
talent_descr;tighnari_vijnana_phala_mine;<p>Тигнари бросает вперёд Сердце бури виджняны, которое наносит dendro{Дендро урон по площади} и создаёт Поле виджняны-кханды. Поле порождает иллюзию, которая непрерывно привлекает атаки врагов на себя.<br>Вдобавок Тигнари получает эффект Прорыва виджняны, сокращающий время заряда стрелы-венца на 2,4 сек. Эффект рассеивается, когда закончится его длительность или Тигнари выпустит 3 стрелы-венца.</p><p><i>«Если семечко увядает и гибнет вдали от почвы, оно умирает в одиночестве. Но если оно вернётся в почву, то даст жизнь миллионам семян».</i></p>;"<p>Tighnari throws a Vijnana Stormheart ahead that deals dendro{AoE Dendro DMG}, creating a Vijnana-Khanda Field that creates mysterious illusions that taunt opponents and draw their fire.<br>Additionally, Tighnari gains the Vijnana Suffusion effect, which will decrease the Wreath Arrow's charging time by 2.4s. This effect will dissipate once the skill duration ends or after Tighnari has fired 3 Wreath Arrows.</p><p><i>""If seeds wither apart from the soil, they will remain a single seed. But if returned to the soil, they shall multiply ten-million fold.""</i></p>"
talent_name;traveler_gust_surge;Взрывное торнадо;Gust Surge
talent_descr;traveler_gust_surge;<p>Вы направляете ветряные потоки и создаёте торнадо, который притягивает к себе предметы и врагов, нанося им постоянный anemo{Анемо урон}.</p><p>name{Поглощение стихии:}<br>При контакте с элементами hydro{Гидро}, pyro{Пиро}, cryo{Крио} или electro{Электро} торнадо наносит дополнительный урон этим элементом.<br>За каждое использование навык может поглотить только один элемент.</p><p><i>Вы с Паймон наблюдали за взмахами крыльев бабочки.</i></p>;<p>Guiding the path of the wind currents, you summon a forward-moving tornado that pulls objects and opponents towards itself, dealing continuous anemo{Anemo DMG}.</p><p>name{Elemental Absorption}<br>If the tornado comes into contact with hydro{Hydro}/pyro{Pyro}/cryo{Cryo}/electro{Electro}, it will deal additional elemental DMG of that type.<br>Elemental Absorption may only occur once per use.</p><p><i>You and Paimon studied the flapping of a butterfly's wings.</i></p>
talent_name;traveler_foreign_ironwind;Железный ветер иноземца;Foreign Ironwind
talent_descr;traveler_foreign_ironwind;<p>name{Обычная атака:}<br>До пяти быстрых ударов мечом.</p><p>name{Заряженная атака:}<br>Два быстрых взмаха мечом, на которые тратится определённое количество выносливости.</p><p>name{Атака в падении:}<br>Стремительно падает на землю, атакуя всех врагов на пути. Приземлившись, наносит урон по площади.</p>;<p>name{Normal Attack}<br>Performs up to 5 rapid strikes.</p><p>name{Charged Attack}<br>Consumes a certain amount of Stamina to unleash 2 rapid sword strikes.</p><p>name{Plunging Attack}<br>Plunges from mid-air to strike the ground below, damaging opponents along the path and dealing AoE DMG upon impact.</p>
talent_name;traveler_palm_vortex;Ладонь вихря;Palm Vortex
talent_descr;traveler_palm_vortex;<p>Усмирив ветер, вы выпускаете из ладоней вакуумный вихрь, который наносит постоянный anemo{Анемо урон} врагам на его пути.<br>Когда навык оканчивается, вакуумный вихрь взрывается, нанося огромный Анемо урон по большой площади.</p><p>name{Долгое нажатие:}<br>Постепенно увеличивает урон и его площадь.</p><p>name{Поглощение стихии:}<br>При контакте с элементами hydro{Гидро}, pyro{Пиро}, cryo{Крио} или electro{Электро} вихрь наносит дополнительный урон этим элементом.<br>За каждое использование навык может поглотить только один элемент.</p><p><i>Вы с Паймон придумали, как обуздать бесформенный ветер.</i></p>;<p>Grasping the wind's might, you form a vortex of vacuum in your palm, causing continuous anemo{Anemo DMG} to opponents in front of you.<br>The vacuum vortex explodes when the skill duration ends, causing a greater amount of Anemo DMG over a larger area.</p><p>name{Hold}<br>DMG and AoE will gradually increase.</p><p>name{Elemental Absorption}<br>If the vortex comes into contact with hydro{Hydro}/pyro{Pyro}/cryo{Cryo}/electro{Electro}, it will deal additional elemental DMG of that type.<br>Elemental Absorption may only occur once per use.</p><p><i>You discussed the way to grasp the formless wind with Paimon.</i></p>
talent_name;traveler_surgent_manifestation;Пригибающий траву ветер;Surgent Manifestation
talent_descr;traveler_surgent_manifestation;<p>Призывая силу растений, вы создаёте Лотосовый светильник.<br>Лотосовый светильник наносит продолжительный dendro{Дендро урон} врагам в области действия.</p><p>name{Преобращение света лотоса}<br>Лотосовый светильник при соприкосновении с hydro{Гидро}, electro{Электро} или pyro{Пиро} претерпевает следующие изменения:<br>· hydro{Гидро}: Увеличивается область действия Лотосового светильника и зона поражения его атак.<br>· electro{Электро}: Увеличивается скорость атаки Лотосового светильника.<br>· pyro{Пиро}: Лотосовый светильник вскоре взрывается и исчезает, нанося dendro{Дендро урон по площади}.<br>Преобращение света лотоса может произойти только один раз во время действия Лотосового светильника.</p><p>Одновременно на поле боя может быть не больше одного Лотосового светильника, созданного самим путешественником.</p><p><i>Вы с Паймон изучали звуки растений, которые прорастают после дождя.</i></p>;<p>Calling upon the might of the flora all around you, you create a Lea Lotus Lamp.<br>This Lamp will deal continuous dendro{Dendro DMG} to opponents within its AoE.</p><p>name{Lotuslight Transfiguration}<br>The Lea Lotus Lamp will undergo the following changes after it comes into contact with hydro{Hydro}/electro{Electro}/pyro{Pyro}:<br>·hydro{Hydro}: the Lamp's AoE and the AoE of its attacks are increased.<br>·electro{Electro}: the Lamp's ATK SPD is increased.<br>·pyro{Pyro}: the Lamp will explode after a short delay and then disappear, dealing dendro{AoE Dendro DMG}.<br>The Lea Lotus Lamp can only undergo one Lotuslight Transfiguration in its duration.</p><p>Only one Lamp created by the Traveler can exist at any one time.</p><p><i>You and Paimon studied the sounds of plants that sprout after the rain.</i></p>
talent_name;traveler_foreign_fieldcleaver;Серп иноземца;Foreign Fieldcleaver
talent_descr;traveler_foreign_fieldcleaver;<p>name{Обычная атака:}<br>До пяти быстрых ударов мечом.</p><p>name{Заряженная атака:}<br>Два быстрых взмаха мечом, на которые тратится определённое количество выносливости.</p><p>name{Атака в падении:}<br>Стремительно падает на землю, атакуя всех врагов на пути. Приземлившись, наносит урон по площади.</p>;<p>name{Normal Attack}<br>Performs up to 5 rapid strikes.</p><p>name{Charged Attack}<br>Consumes a certain amount of Stamina to unleash 2 rapid sword strikes.</p><p>name{Plunging Attack}<br>Plunges from mid-air to strike the ground below, damaging opponents along the path and dealing AoE DMG upon impact.</p>
talent_name;traveler_razorgrass_blade;Травяной клинок;Razorgrass Blade
talent_descr;traveler_razorgrass_blade;<p>Вы взмахиваете клинком и выпускаете острые как бритва листья, нанося dendro{Дендро урон} перед собой.</p><p><i>Вы с Паймон рассматривали острые края травинок.</i></p>;<p>With a flourish of your blade, you unleash a spray of razor-sharp leaves that go before you and deal dendro{Dendro DMG}.</p><p><i>You and Paimon observed the flowing edges of grass and leaf.</i></p>
talent_name;traveler_bellowing_thunder;Раскаты грома;Bellowing Thunder
talent_descr;traveler_bellowing_thunder;<p>Вы взываете к защите молнии, которая отбрасывает окружающих врагов и наносит им electro{Электро урон}.</p><p>name{Завеса молнии}<br>Когда обычная или заряженная атака активного персонажа попадает по врагу, генерируется Нисходящий гром, который наносит electro{Электро урон}.<br>Когда Нисходящий гром попадает по врагу, он восстанавливает энергию этого персонажа.<br>Только один удар Нисходящего грома может генерироваться каждые 0,5 сек.</p><p><i>Вы с Паймон изучали свет, что сверкает за тучами.</i></p>;<p>You call upon the protection of lightning, knocking nearby opponents back and dealing electro{Electro DMG} to them.</p><p>name{Lightning Shroud}<br>When your active character's Normal or Charged Attacks hit opponents, they will call Falling Thunder forth, dealing electro{Electro DMG.}<br>When Falling Thunder hits opponents, it will regenerate Energy for that character.<br>One instance of Falling Thunder can be generated every 0.5s.</p><p><i>You and Paimon studied the light that flashes through the clouds.</i></p>
talent_name;traveler_foreign_thundershock;Иноземный гром;Foreign Thundershock
talent_descr;traveler_foreign_thundershock;<p>name{Обычная атака:}<br>До пяти быстрых ударов мечом.</p><p>name{Заряженная атака:}<br>Два быстрых взмаха мечом, на которые тратится определённое количество выносливости.</p><p>name{Атака в падении:}<br>Стремительно падает на землю, атакуя всех врагов на пути. Приземлившись, наносит урон по площади.</p>;<p>name{Normal Attack}<br>Performs up to 5 rapid strikes.</p><p>name{Charged Attack}<br>Consumes a certain amount of Stamina to unleash 2 rapid sword strikes.</p><p>name{Plunging Attack}<br>Plunges from mid-air to strike the ground below, damaging opponents along the path and dealing AoE DMG upon impact.</p>
talent_name;traveler_lightning_blade;Клинок молнии;Lightning Blade
talent_descr;traveler_lightning_blade;<p>Выпускает три стремительные громовые тени, которые наносят electro{Электро урон} противникам и при попадании оставляют после себя Амулеты изобилия.<br>Изначально можно создать только два Амулета изобилия. Использование навыка сбросит все созданные Амулеты изобилия.</p><p>name{Амулеты изобилия}<br>Когда персонаж находится рядом с Амулетом изобилия, он поглощает его и получает следующие эффекты:<br>· Восстанавливает элементальную энергию.<br>· На время действия ускоряет восстановление энергии.</p><p><i>Вы с Паймон обсуждаете пути, по которым может течь электричество.</i></p>;<p>Unleashes three swift thunder shadows that deal electro{Electro DMG} to opponents and leave an Abundance Amulet behind after hitting an opponent.<br>2 Abundance Amulets can be created initially. Using this skill will reset any Abundance Amulets that were generated.</p><p>name{Abundance Amulets}<br>When a character is near an Abundance Amulet, they will absorb it and obtain the following effects:<br>·Restores Elemental Energy<br>·Increases Energy Recharge during the Abundance Amulet's duration.</p><p><i>You and Paimon discuss the paths by which electricity might flow.</i></p>
talent_name;traveler_wake_of_earth;Движение земли;Wake of Earth
talent_descr;traveler_wake_of_earth;<p>Стимулируя глубоко в недрах земли Гео элемент, вы вызываете разрушительное землетрясение.<br>Оно откидывает окружающих врагов и наносит им geo{Гео урон по площади}.<br>По краям ударной волны возводится каменная стена.<br>Она считается geo{Гео конструкцией}, которую можно использовать для блокирования атак.</p><p><i>Вы с Паймон поняли принцип движения тектонических плит.</i></p>;<p>Energizing the Geo deep underground, you set off expanding shockwaves.<br>Launches surrounding opponents back and deals geo{AoE Geo DMG}.<br>A stone wall is erected at the edges of the shockwave.<br>The stone wall is considered a geo{Geo Construct}, and may be used to block attacks.</p><p><i>You and Paimon studied the pulse of the mountains.</i></p>
talent_name;traveler_foreign_rockblade;Каменный меч иноземца;Foreign Rockblade
talent_descr;traveler_foreign_rockblade;<p>name{Обычная атака:}<br>До пяти быстрых ударов мечом.</p><p>name{Заряженная атака:}<br>Два быстрых взмаха мечом, на которые тратится определённое количество выносливости.</p><p>name{Атака в падении:}<br>Стремительно падает на землю, атакуя всех врагов на пути. Приземлившись, наносит урон по площади.</p>;<p>name{Normal Attack}<br>Performs up to 5 rapid strikes.</p><p>name{Charged Attack}<br>Consumes a certain amount of Stamina to unleash 2 rapid sword strikes.</p><p>name{Plunging Attack}<br>Plunges from mid-air to strike the ground below, damaging opponents along the path and dealing AoE DMG upon impact.</p>
talent_name;traveler_starfell_sword;Меч звездопада;Starfell Sword
talent_descr;traveler_starfell_sword;<p>Из глубин земли извергается Комета, которая взрывается, нанося geo{Гео урон по площади}.<br>Комета считается geo{Гео конструкцией}, на неё можно взобраться или использовать её для блокирования атак.</p><p>name{Долгое нажатие:}<br>Можно выбрать место падения Кометы.</p><p><i>Вы с Паймон узнали, куда же всё-таки падают звёзды.</i></p>;<p>You disgorge a meteorite from the depths of the earth, dealing geo{AoE Geo DMG}.<br>The meteorite is considered a geo{Geo Construct}, and can be climbed or used to block attacks.</p><p>name{Hold}<br>This skill's positioning may be adjusted.</p><p><i>You spoke with Paimon about the final destination of falling stars.</i></p>
talent_name;traveler_rising_waters;Прибывающая вода;Rising Waters
talent_descr;traveler_rising_waters;<p>Выпускает медленно парящий пузырь, периодически наносящий hydro{Гидро урон} врагам поблизости.</p><p><i>Вы с Паймон изучали приливы и отливы.</i></p>;<p>Unleashes a slow-moving floating bubble that deals continuous hydro{Hydro DMG} to nearby opponents.</p><p><i>You studied the ebb and flow of the tides with Paimon.</i></p>
talent_name;traveler_foreign_stream;Чужеземный поток;Foreign Stream
talent_descr;traveler_foreign_stream;<p>name{Обычная атака:}<br>До пяти быстрых ударов.</p><p>name{Заряженная атака:}<br>Два быстрых взмаха мечом, на которые тратится определённое количество выносливости.</p><p>name{Атака в падении:}<br>Стремительно падает на землю, атакуя всех врагов на пути. Приземлившись, наносит урон по площади.</p>;<p>name{Normal Attack}<br>Performs up to 5 rapid strikes.</p><p>name{Charged Attack}<br>Consumes a certain amount of Stamina to unleash 2 rapid sword strikes.</p><p>name{Plunging Attack}<br>Plunges from mid-air to strike the ground below, damaging opponents along the path and dealing AoE DMG upon impact.</p>
talent_name;traveler_aquacrest_saber;Клинок водной эмблемы;Aquacrest Saber
talent_descr;traveler_aquacrest_saber;<p>Выпускает стремительный поток, который очищает мир.</p><p>name{Быстрое нажатие}<br>Выпускает вперёд Бурные воды, которые при соприкосновении с врагами наносят hydro{Гидро урон}.</p><p>name{Долгое нажатие}<br>Переходит в режим прицеливания и непрерывно выпускает в направлении прицеливания Капли росы, которые при попадании наносят hydro{Гидро урон}.<br>Навык завершается Бурными водами, выпускаемыми вперёд и при соприкосновении наносящими врагам hydro{Гидро урон}.<br>Затопление: при долгом нажатии, если HP путешественника выше 50%, урон Капель росы повысится пропорционально его макс. HP, причём он начнёт терять определённое количество HP каждую секунду.</p><p>name{Архэ: Пневма}<br>С некоторым интервалом после использования Бурных вод выпускает пронзающую врагов Иглу дыхания душ, которая наносит hydro{Гидро урон} пневмы.</p><p><i>Вы с Паймон наблюдали за рябью, пробегающей по водной глади.</i></p>;<p>Unleashes a torrent that can cleanse the world.</p><p>name{Press}<br>Sends a Torrent Surge forward that will deal hydro{Hydro DMG} to opponents it comes into contact with.</p><p>name{Hold}<br>Enter Aiming Mode and constantly fire off Dewdrops in the direction in which you are aiming, dealing hydro{Hydro DMG} to opponents they hit.<br>When the skill ends, it will send a Torrent Surge forward that will deal hydro{Hydro DMG} to opponents it comes into contact with.<br>Suffusion: When using the Hold configuration of this skill, if the Traveler's HP is higher than 50%, the DMG dealt by Dewdrops will increase based on the Traveler's Max HP, and the Traveler will lose a fixed amount of HP every second.</p><p>name{Arkhe: Pneuma}<br>At certain intervals, after using Torrent Surge, this skill will unleash a Spiritbreath Thorn that pierces opponents, dealing Pneuma-aligned hydro{Hydro DMG}.</p><p><i>You studied the ripples in the water with Paimon.</i></p>
talent_name;traveler_plains_scorcher;Испепеляющий равнины;Plains Scorcher
talent_descr;traveler_plains_scorcher;<p>Концентрирует пламя в метке, нанося врагам впереди pyro{Пиро урон по площади} с характеристикой Ночного духа. В течение следующих 4 сек. путешественник восстанавливает 7 ед. очков Ночного духа в секунду.</p><p><i>Вы с Паймон изучили принципы неугасающего огня.</i></p>;<p>Condense the flames into a mark, dealing Nightsoul-aligned pyro{AoE Pyro DMG} to opponents up ahead. The Traveler restores 7 Nightsoul points per second for the next 4s.</p><p><i>Together, you and Paimon studied the principles behind an undying flame.</i></p>
talent_name;traveler_foreign_blaze;Чужеземное пламя;Foreign Blaze
talent_descr;traveler_foreign_blaze;<p>name{Обычная атака:}<br>До пяти быстрых ударов.</p><p>name{Заряженная атака:}<br>Тратит определённое количество выносливости на два быстрых взмаха мечом.</p><p>name{Атака в падении:}<br>Стремительно падает на землю, атакуя всех врагов на пути. Приземлившись, наносит урон по площади.</p>;<p>name{Normal Attack}<br>Performs up to 5 rapid strikes.</p><p>name{Charged Attack}<br>Consumes a certain amount of Stamina to unleash 2 rapid sword strikes.</p><p>name{Plunging Attack}<br>Plunges from mid-air to strike the ground below, damaging opponents along the path and dealing AoE DMG upon impact.</p>
talent_name;traveler_flowfire_blade;Клинок текущего пламени;Flowfire Blade
talent_descr;traveler_flowfire_blade;<p>Управляет бушующим пламенем, способным испепелить саму землю. При долгом нажатии способ активации навыка меняется.</p><p>name{Быстрое нажатие}<br>В яростном порыве направляет могущество пламени. После применения путешественник получает 42 очка Ночного духа, входит в состояние Благословения Ночного духа и призывает Пылающий порог, который следует за активным персонажем.<br>Приблизившись к врагам, Пылающий порог периодически наносит им pyro{Пиро урон} с характеристикой Ночного духа.</p><p>name{Долгое нажатие}<br>Хладнокровно управляет силой огня, нанося pyro{Пиро урон по площади} с характеристикой Ночного духа врагам поблизости. После использования путешественник получает 42 очка Ночного духа, входит в состояние Благословения Ночного духа и призывает Испепеляющий порог, который следует за активным персонажем.<br>Когда активный персонаж, находящийся внутри Испепеляющего порога, наносит противникам урон, Испепеляющий порог совершает совместную атаку, которая наносит pyro{Пиро урон} с характеристикой Ночного духа, пропорциональный силе атаки путешественника. Этот эффект может возникнуть один раз в 3 сек.</p><p>name{Благословение Ночного духа: Путешественник}<br>Непрерывно расходует очки Ночного духа. Состояние Благословения Ночного духа путешественника длится до 12 сек. Когда очки Ночного духа исчерпаются, состояние Благословения Ночного духа путешественника завершается. Если во время действия активировать элементальный навык повторно, показатель очков Ночного духа путешественника будет сброшен до 42.<br>Пылающий порог и Испепеляющий порог исчезают, когда завершается его состояние Благословения Ночного духа. Одновременно может существовать только один Пылающий порог или Испепеляющий порог, призванный самим путешественником.</p><p><i>Вы с Паймон наблюдали, как изменяется цвет текущего пламени.</i></p>;<p>Wields a searing flame that can incinerate the very earth. Has different effects when Tapped or Held.</p><p>name{Tap}<br>Call forth flames in a raging blaze. When used, the Traveler gains 42 Nightsoul points and enters the Nightsoul's Blessing state, summoning a Blazing Threshold that follows the current active character.<br>When the Blazing Threshold gets close to opponents, it will deal Nightsoul-aligned pyro{Pyro DMG} to nearby opponents at intervals.</p><p>name{Hold}<br>Unleash fire in a composed manner, dealing Nightsoul-aligned pyro{AoE Pyro DMG} to nearby opponents. When used, the Traveler gains 42 Nightsoul points and enters the Nightsoul's Blessing state, summoning a Scorching Threshold that follows the current active character.<br>When the current active character within a Scorching Threshold deals DMG to opponents, the Threshold will launch a Coordinated Attack that deals Nightsoul-aligned pyro{Pyro DMG} based on the Traveler's ATK. This effect can occur once every 3s.</p><p>name{Nightsoul's Blessing: Traveler}<br>Continuously consumes Nightsoul points. The Traveler's Nightsoul's Blessing state lasts 12s at maximum, and when their Nightsoul points are exhausted, this state will end. If this Elemental Skill is used again while active, the Traveler's Nightsoul points will be reset to 42 points.<br>Blazing and Scorching Thresholds will disappear once the Traveler's Nightsoul's Blessing state ends, and only 1 Blazing or Scorching Threshold summoned by the Traveler themselves can exist at any one time.</p><p><i>Together, you and Paimon watched the shifting colors of the flowing flames.</i></p>
talent_name;varesa_guardian_vent;Ослепительное сошествие!;Guardian Vent!
talent_descr;varesa_guardian_vent;<p>Подобно справедливым героям из свитков для детей подпрыгивает высоко в воздух и использует инерцию для выполнения мощного удара в полёте, который наносит врагам electro{Электро урон по площади} с характеристикой Ночного духа.<br>После применения этого навыка Вареса восстанавливает очки Ночного духа до максимума и входит в состояние Пылающего воодушевления.</p><p>Взрыв стихии Варесы в состоянии Пылающего воодушевления наносит повышенный electro{Электро урон по площади} с характеристикой Ночного духа.</p><p>Кроме того, после применения атаки в падении в состоянии Пылающего воодушевления Вареса кратковременно активирует Предельный импульс.</p><p>name{Предельный импульс}<br>Сопротивление прерыванию Варесы повышается. В данном состоянии Вареса может игнорировать откат взрыва стихии и расходует меньше энергии, чтобы активировать свой особый взрыв стихии Ослепительное сошествие: Обрушение вулкана - это позволяет ей применять особенно мощную атаку в падении, Громогласное вулканическое торнадо, которая по приземлении наносит electro{Электро урон по площади} с характеристикой Ночного духа, а Вареса выходит из состояния Предельного импульса. Такой урон считается уроном атаки в падении.<br>После активации элементального навыка Вареса выходит из состояния Предельного импульса.</p><p><i>Изначально Вареса назвала этот приём «Величайший приём сверхистребления: Молниеносный непобедимый сверхзвуковой и раскалывающий небеса удар ногой нисходящего героя справедливости», но название оказалось слишком длинным. Кроме того, выкрикивать его на публике было неловко даже в маске, поэтому в итоге она остановилась на нынешнем названии.</i></p>;"<p>Leaps into the air before using the momentum of the drop to unleash a powerful flying kick, dealing Nightsoul-aligned electro{AoE Electro DMG} to opponents — just like those heroes of justice in woven scrolls for kids!<br>After using this Skill, Varesa's Nightsoul points will be restored to maximum and she will enter the Fiery Passion state.</p><p>In the Fiery Passion state, Varesa's Elemental Burst will deal a greater amount of Nightsoul-aligned electro{AoE Electro DMG}.</p><p>Additionally, she will briefly activate Apex Drive after using a Plunging Attack while in her Fiery Passion state.</p><p>name{Apex Drive}<br>Increases Varesa's interruption resistance. While affected by Apex Drive, Varesa can ignore her Elemental Burst CD and consume less Energy to use her special Elemental Burst, ""Guardian Vent: Volcano Kablam"": This causes her to use the especially powerful Plunging Attack, the ""Thunderous Tornado Eruption,"" which deals Nightsoul-aligned electro{AoE Electro DMG} upon landing before causing her to exit Apex Drive. This DMG is considered Plunging Attack DMG.<br>Varesa will exit Apex Drive after using her Elemental Skill.</p><p><i>In truth, the original name Varesa gave this move was the ""Invincible Dynamic Heroic Justice Super Mega Ultimate Thundercrash Sky-Splitting Supersonic Boom Kick."" Alas, this name proved too long, and she was too embarrassed to shout it in front of everyone, even with her mask on. As such, she changed it to its present title instead.</i></p>"
talent_name;varesa_by_the_horns;За рога;By the Horns
talent_descr;varesa_by_the_horns;<p>name{Обычная атака:}<br>Нужно... нужно сражаться, как величайшие борцы-чемпионы! Вареса совершает до трёх ударов, нанося electro{Электро урон}.</p><p>name{Заряженная атака:}<br>Тратит определённое количество выносливости на удар головой перед собой, нанося electro{Электро урон} с характеристикой Ночного духа, и подпрыгивает, используя инерцию.</p><p>name{Атака в падении:}<br>Стремительно падает на землю, атакуя всех врагов на пути. Приземлившись, наносит electro{Электро урон по площади} с характеристикой Ночного духа. Если Вареса при этом находится в состоянии боя или ударная волна от приземления поражает врагов, то она получает 25 очков Ночного духа. Когда таким способом набирается максимум очков Ночного духа, Вареса входит в состояние Пылающего воодушевления.</p><p>name{Пылающее воодушевление}<br>Обычная атака, заряженная атака и атака в падении Варесы в этом состоянии получают соответствующие усиления:</p><p>name{Обычная атака}<br>Сражаться так же бесстрашно, как звёзды борьбы! Совершает до трёх яростных ударов, нанося более высокий electro{Электро урон}.</p><p>name{Заряженная атака}<br>Тратит определённое количество выносливости на выпад во врагов впереди, нанося более высокий electro{Электро урон} с характеристикой Ночного духа и подпрыгивает, используя инерцию.</p><p>name{Атака в падении}<br>Тратит все очки Ночного духа и стремительно падает на землю, атакуя всех врагов на пути. Приземлившись, наносит более высокий electro{Электро урон по площади} с характеристикой Ночного духа.</p>;<p>name{Normal Attack}<br>Gotta try... to do battle like the greatest champion luchadors do! Varesa launches up to 3 strikes, dealing electro{Electro DMG}.</p><p>name{Charged Attack}<br>Consumes a certain amount of Stamina to headbutt opponents in front, dealing Nightsoul-aligned electro{Electro DMG} and using the momentum to leap into the air.</p><p>name{Plunging Attack}<br>Plunges from mid-air to strike the ground below, damaging opponents along the path and dealing Nightsoul-aligned electro{AoE Electro DMG} upon impact. If Varesa is in a combat state upon landing, or if the shockwave from her plunging attack hits an opponent, she will gain 25 Nightsoul points. She enters the Fiery Passion state upon reaching maximum Nightsoul points through this method.</p><p>name{Fiery Passion}<br>In this state, Varesa's Normal, Charged, and Plunging Attacks will gain corresponding buffs:</p><p>name{Normal Attack}<br>Fight like a superstar champion luchador! Launches up to 3 fierce strikes, dealing greater electro{Electro DMG}.</p><p>name{Charged Attack}<br>Consumes a certain amount of Stamina to slam into her opponents, dealing greater amounts of Nightsoul-aligned electro{Electro DMG} and using the momentum to leap into the air.</p><p>name{Plunging Attack}<br>Consumes all her Nightsoul points and slams down on the ground from mid-air, dealing DMG to opponents in her path and dealing greater amounts of Nightsoul-aligned electro{AoE Electro DMG} upon hitting the ground.</p>
talent_name;varesa_riding_the_night_rainbow;Верхом на ночной радуге;Riding the Night-Rainbow
talent_descr;varesa_riding_the_night_rainbow;<p>Быстрой как молния и свирепой как гром поступью Вареса демонстрирует истинный дух борьбы и совершает рывок вперёд, нанося врагам на пути electro{Электро урон} с характеристикой Ночного духа.<br>После применения навыка Вареса получает 20 очков Ночного духа и эффект Последующего удара: во время его действия усиливается сопротивление прерыванию Варесы, а при активации обычной атаки быстрым нажатием она стремительно выполнит заряженную атаку, не расходуя выносливости. После выполнения заряженной атаки эффект Последующего удара снимается.<br>При быстром или долгом нажатии Вареса применяет различные борцовские техники.</p><p>name{Быстрое нажатие}<br>Выполняет стремительный выпад вперёд.</p><p>name{Долгое нажатие}<br>Вареса входит в состояние Благословения Ночного духа и переходит в режим Внезапного натиска.</p><p>name{Внезапный натиск}<br>Непрерывно расходует очки Ночного духа. Скорость передвижения и сопротивление прерыванию Варесы в этом состоянии повышаются. Кроме того, она становится способна совершать летающие рывки, используя местность, либо дополнительно расходовать очки Ночного духа и передвигаться по поверхности воды или жидкого флогистона, не получая урона от последнего.</p><p>name{Благословение Ночного духа: Вареса}<br>Когда очки Ночного духа исчерпаются, Благословение Ночного духа Варесы завершается. Пока Вареса пребывает в режиме Внезапного натиска или состоянии Пылающего воодушевления, постоянно будет считаться, что она находится в состоянии Благословения ночного духа.</p><p>Навык имеет 2 заряда. Когда Вареса входит в состояние Пылающего воодушевления, она получает дополнительный заряд использования элементального навыка быстрым нажатием, причём его урон повышается.</p><p>name{Пылающее воодушевление}<br>· Когда Вареса не пребывает в состоянии Пылающего воодушевления, то с помощью атак в падении она может получать очки Ночного духа. Когда очки Ночного духа таким способом достигнут максимума или когда Вареса применяет взрыв стихии name{Ослепительное сошествие!}, она входит в состояние Пылающего воодушевления.<br>· Обычная атака, элементальный навык и взрыв стихии Варесы в состоянии Пылающего воодушевления получают свои собственные усиления. Кроме того, в течение короткого времени после атаки в падении Вареса может применить особый взрыв стихии.<br>· Состояние Пылающего воодушевления длится до 15 сек. и завершается, когда исчерпаются очки Ночного духа или через некоторое время после выхода из боя.</p><p><i>«Сейчас мой герой - это я».</i></p>;"<p>With footwork swift as lightning and fierce as thunder, Varesa displays the true spirit of lucha libre, rushing forward a certain distance and dealing Nightsoul-aligned electro{Electro DMG} to opponents in her path.<br>After using this Skill, Varesa gains 20 Nightsoul points and gains the ""Follow-Up Strike"" effect: Varesa has increased interruption resistance during this time, and upon pressing her Normal Attack, she will quickly unleash a Charged Attack that does not consume Stamina. ""Follow-Up Strike"" will be canceled after Varesa uses a Charged Attack.<br>She will use different techniques based on whether the skill is Tapped or Held.</p><p>name{Tap}<br>Quickly rush a certain distance forward.</p><p>name{Hold}<br>Varesa enters the Nightsoul's Blessing state and switches to Sudden Onrush mode.</p><p>name{Sudden Onrush}<br>Continuously consumes Nightsoul points. In this state, Varesa's Movement SPD and interruption resistance are increased. She can use terrain to execute flying leaps or consume additional Nightsoul points to traverse atop water or liquid Phlogiston while remaining immune to DMG from the latter.</p><p>name{Nightsoul's Blessing: Varesa}<br>When she runs out of Nightsoul points, her Nightsoul's Blessing state will be canceled. When Varesa is in the Sudden Onrush state or Fiery Passion state, she will always be counted as being in the Nightsoul's Blessing state.</p><p>Has 2 charges. When Varesa enters the Fiery Passion state, she will obtain an additional Tap charge of her Elemental Skill and its DMG will be increased.</p><p>name{Fiery Passion}<br>· While not in the Fiery Passion state, Varesa can use Plunging Attacks to gain Nightsoul points. She will enter Fiery Passion when she reaches maximum Nightsoul points via this method, or when she uses her Elemental Burst name{Guardian Vent!}<br>· While in the Fiery Passion state, her Normal Attacks, Elemental Skill, and Elemental Burst will gain unique buffs. She can also use a special Elemental Burst shortly after using a Plunging Attack.<br>· The Fiery Passion state lasts for up to 15s and will end when she runs out of Nightsoul points or after she leaves combat for a period of time.</p><p><i>""Right now, I'm my own hero.""</i></p>"
talent_name;venti_winds_grand_ode;Великая ода ветру;Wind's Grand Ode
talent_descr;venti_winds_grand_ode;<p>Выпустив стрелу из тысячи ветров, призывает огромный глаз бури, который притягивает к себе врагов, нанося им постоянный anemo{Анемо урон}.</p><p>name{Поглощение стихии:}<br>При контакте с элементами hydro{Гидро}, pyro{Пиро}, cryo{Крио} или electro{Электро} глаз бури наносит дополнительный урон этим элементом.<br>За каждое использование навык может поглотить только один элемент.</p><p><i>Многие оды Анемо Архонту канули в лету. Эта ода воспевает господство Архонта над ветром.</i></p>;<p>Fires off an arrow made of countless coalesced winds, creating a huge Stormeye that sucks in opponents and deals continuous anemo{Anemo DMG}.</p><p>name{Elemental Absorption}<br>If the Stormeye comes into contact with hydro{Hydro}/pyro{Pyro}/cryo{Cryo}/electro{Electro}, it will deal additional elemental DMG of that type.<br>Elemental Absorption may only occur once per use.</p><p><i>Many hymns written in praise of the Anemo Archon have been lost to time. This one sings of his mastery over the wind.</i></p>
talent_name;venti_divine_marksmanship;Божественная точность;Divine Marksmanship
talent_descr;venti_divine_marksmanship;<p>name{Обычная атака:}<br>До шести выстрелов из лука.</p><p>name{Заряженная атака:}<br>Более меткий name{прицельный выстрел} с увеличенным уроном.<br>Во время прицеливания наконечник стрелы заряжается божественным ветром. Полностью заряженная ветром стрела наносит anemo{Анемо урон}.</p><p>name{Атака в падении:}<br>Выпускает град стрел в воздухе, которые при приземлении персонажа наносят урон по площади.</p>;<p>name{Normal Attack}<br>Performs up to 6 consecutive shots with a bow.</p><p>name{Charged Attack}<br>Performs a more precise name{Aimed Shot} with increased DMG.<br>While aiming, favorable winds will accumulate on the arrowhead. A fully charged wind arrow will deal anemo{Anemo DMG}.</p><p>name{Plunging Attack}<br>Fires off a shower of arrows in mid-air before falling and striking the ground, dealing AoE DMG upon impact.</p>
talent_name;venti_skyward_sonnet;Небесная поэзия;Skyward Sonnet
talent_descr;venti_skyward_sonnet;<p>О, ветер, о котором поют гимны и слагают песни, неси этих странников к небесам!</p><p>name{Быстрое нажатие:}<br>Создаёт зону ветра, которая наносит anemo{Анемо урон по площади} и подкидывает врагов в воздух.</p><p>name{Долгое нажатие:}<br>Вызывает ещё большую силу ветра с Венти в её центре. Она наносит anemo{Анемо урон по площади} и подкидывает попавших в её зону действия врагов.<br>Эта версия навыка поднимает Венти в воздух.</p><p>Враги, подкинутые навыком Небесная поэзия, медленно опускаются на землю.</p><p><i>Некогда люди и боги существовали вместе во времени и пространстве, и по небу доносилось бесчисленное количество песен, воспевающих это. Те мелодии были забыты тысячелетия назад.</i></p>;<p>O wind upon which all hymns and songs fly, bear these earth-walkers up into the sky!</p><p>name{Press}<br>Summons a Wind Domain at the opponent's location, dealing anemo{AoE Anemo DMG} and launching opponents into the air.</p><p>name{Hold}<br>Summons an even larger Wind Domain with Venti as the epicenter, dealing anemo{AoE Anemo DMG} and launching affected opponents into the air.<br>After unleashing the Hold version of this ability, Venti rides the wind into the air.</p><p>Opponents hit by Skyward Sonnet will fall to the ground slowly.</p><p><i>In the days when gods and men walked the earth together, the heavens were filled with countless songs. This melody has long since been forgotten.</i></p>
talent_name;wanderer_five_ceremonial_plays;Кёгэн: Пять церемониальных актов;Kyougen: Five Ceremonial Plays
talent_descr;wanderer_five_ceremonial_plays;<p>Сжимает атмосферу в одной точке и создаёт вакуум, уничтожающий все страдания, и наносит многократный anemo{Анемо урон по площади}.<br>Если персонаж находится в состоянии Избранника ветра навыка Ханэга: Песнь ветра, активация этого навыка завершит его.</p><p><i>«Станет ясным небо, в котором, покачиваясь на ветру, плывут теням подобные грёзы о прошлом и настоящем».</i></p>;"<p>Compresses the atmosphere into a singular vacuum that grinds all troubles away, dealing multiple instances of anemo{AoE Anemo DMG}.<br>If the character is in the Windfavored state due to the skill ""Hanega: Song of the Wind,"" Windfavored state will end after casting.</p><p><i>""Bright be the narrowed gaze of the sky, casting its sight on dreams both past and present, like radiance washing over dust on the winds.""</i></p>"
talent_name;wanderer_yuuban_meigen;Юбан мэйгэн;Yuuban Meigen
talent_descr;wanderer_yuuban_meigen;<p>name{Обычная атака:}<br>До трёх выстрелов клинками ветра, наносящих anemo{Анемо урон}.</p><p>name{Заряженная атака:}<br>Короткое заклинание, на которое тратится определённое количество выносливости. Накапливает давление ветра перед собой и наносит anemo{Анемо урон по площади}.</p><p>name{Атака в падении:}<br>Накопив энергию ветра, стремительно падает на землю, атакуя всех врагов на пути. Приземлившись, наносит anemo{Анемо урон по площади}.</p>;<p>name{Normal Attack}<br>Performs up to 3 attacks using wind blades, dealing anemo{Anemo DMG}.</p><p>name{Charged Attack}<br>Consumes a certain amount of Stamina, gathers a build up of high wind pressure, and deals anemo{AoE Anemo DMG} after a short casting time.</p><p>name{Plunging Attack}<br>Calling upon the power of Anemo, the Wanderer plunges towards the ground from mid-air, damaging all opponents in his path. Deals anemo{AoE Anemo DMG} upon impact with the ground.</p>
talent_name;wanderer_song_of_the_wind;Ханэга: Песнь ветра;Hanega: Song of the Wind
talent_descr;wanderer_song_of_the_wind;<p>Сосредотачивает силу ветров, чтобы освободиться от оков земли. Наносит anemo{Анемо урон} по площади и подпрыгивает, переходя в состояние Избранника ветра.</p><p>name{Избранник ветра}<br>В этом состоянии Странник не может совершать атаки в падении. Обычные и заряженные атаки превращаются в Куго: Фусёдан и Куго: Тофукай, их урон и зона поражения увеличиваются. Их урон считается уроном обычной и заряженной атаки соответственно. Куго: Тофукай не расходует выносливость.<br>В этом состоянии Странник парит, а его передвижение приобретает следующие характеристики:<br>· Для поддержания парения потребляется куго-рёку.<br>· При выполнении спринта он дополнительно расходует куго-рёку и совершает ускорение в воздухе. При удержании спринта постоянно расходуется куго-рёку, поддерживая быстрое перемещение. Этот эффект заменяет обычный спринт.<br>· Выполняя прыжок, он дополнительно расходует куго-рёку и увеличивает высоту парения. При удержании прыжка постоянно расходуется куго-рёку и увеличивается высота парения.</p><p>Когда куго-рёку заканчивается, это состояние прерывается.<br>Повторная активация во время действия Избранника ветра также завершает это состояние.</p><p><i>«Невесомыми кругами танцует мир, являя секреты, которые существуют только в цветах».</i></p>;"<p>Concentrates the power of the winds to break free from the shackles of the earth, dealing anemo{AoE Anemo DMG} before leaping into the air and entering the Windfavored state.</p><p>name{Windfavored}<br>The Wanderer cannot perform Plunging Attacks in this state. When he uses Normal and Charged Attacks, they will be converted into Kuugo: Fushoudan and Kuugo: Toufukai respectively; the DMG they deal and their AoE will be increased, and their DMG will be considered Normal and Charged Attack DMG respectively. Kuugo: Toufukai will not consume Stamina.<br>The Wanderer will hover persistently during this time. While this state is active, the Wanderer's movements gain the following properties:<br>·Persistently consumes Kuugoryoku Points to maintain this hovering state.<br>·When sprinting, additional Kuugoryoku Points will be consumed for the Wanderer to accelerate mid-air. Holding sprint will cause persistent Kuugoryoku Point consumption to maintain speed. This effect will replace his default sprint.<br>·Jumping expends extra Kuugoryoku Points to increase hovering height. Holding jump will cause persistent Kuugoryoku Point consumption to keep increasing hovering height.</p><p>Running out of Kuugoryoku Points will end the Windfavored state.<br>A second cast during the duration of Windfavored will also end it.</p><p><i>""The world dances in a weightless whirl, presenting a secret that can only be found in the flowers.""</i></p>"
talent_name;wriothesley_darkgold_wolfbite;Укус чернозлатого волка;Darkgold Wolfbite
talent_descr;wriothesley_darkgold_wolfbite;<p>Активирует свои боксёрские перчатки и выполняет Удар наледи, нанося перед собой многократный cryo{Крио урон по площади}.</p><p>name{Архэ: Усия}<br>После завершения Удара наледи на позицию противника нисходит Клинок бурных вод и наносит cryo{Крио урон} усии.</p><p><i>Есть вещи, перед которыми даже герцог крепости Меропид бессилен. Это, например, запутанная бумажная работа, пустяковые обязанности надзирателя, или даже... дети, которые обклеивают его боксёрские перчатки симпатичными, но трудноудаляемыми наклейками.</i></p>;<p>Activating his boxing gloves, Wriothesley strikes out with an icy straight, then uses Icicle Impact to cause multiple instances of cryo{AoE Cryo DMG} in a frontal area.</p><p>name{Arkhe: Ousia}<br>After Icicle Impact ends, a Surging Blade will descend upon the opponent's position, dealing Ousia-aligned cryo{Cryo DMG}.</p><p><i>There are some things that even the Duke of the Fortress of Meropide can do little about — for example, complicated paperwork, the trivialities of a supervisor, or even... little kids pasting a whole host of cute but difficult-to-remove stickers on his boxing gloves.</i></p>
talent_name;wriothesley_forceful_fists_of_frost;Свирепые кулаки стужи;Forceful Fists of Frost
talent_descr;wriothesley_forceful_fists_of_frost;<p>name{Обычная атака}<br>Собрав в руках мороз, Ризли даёт волю name{Кулакам изгнания} и выполняет до 5 быстрых ударов, которые наносят cryo{Крио урон}.<br>Кроме того, счётчик серии обычных ударов не сбрасывается в течение короткого времени после активации Стремительного ледяного клыка или завершения спринта.</p><p>name{Заряженная атака}<br>Расходует определённое количество выносливости, подпрыгивает и выполняет удар name{Морозного кулака в прыжке}, который наносит cryo{Крио урон по площади}.</p><p>name{Атака в падении}<br>Стремительно падает на землю, атакуя всех врагов на пути. Приземлившись, наносит cryo{Крио урон по площади}.</p>;<p>name{Normal Attack}<br>Coalescing frost about his fist, Wriothesley will unleash powerful name{Repelling Fists}, performing up to 5 rapid attacks that deal cryo{Cryo DMG}.<br>Apart from this, Normal Attack combo count will not reset for a short time after using Icefang Rush or sprinting.</p><p>name{Charged Attack}<br>Consumes a fixed amount of Stamina to leap and unleash a name{Vaulting Fist}, dealing cryo{AoE Cryo DMG}.</p><p>name{Plunging Attack}<br>Plunges from mid-air to strike the ground below, damaging opponents along the path and dealing cryo{AoE Cryo DMG} upon impact.</p>
talent_name;wriothesley_icefang_rush;Стремительный ледяной клык;Icefang Rush
talent_descr;wriothesley_icefang_rush;<p>Быстро подстроив дыхание, темп и ритм, Ризли совершает рывок на короткое расстояние вперёд, входит в состояние name{Леденящего наказания} и наносит ещё более мощные и яростные атаки.</p><p>name{Леденящее наказание}<br>· Повышает сопротивление прерыванию Ризли.<br>·Когда HP Ризли выше 50%, Кулаки изгнания name{Свирепых кулаков стужи} наносят больше урона, а при попадании Ризли теряет определённое количество HP. HP таким образом теряется не чаще одного раза каждые 0,1 сек.<br>Этот эффект перестаёт действовать, когда Ризли покидает поле боя.</p><p><i>«Былого не изменить, но будущее в наших руках».<br>«Если не желаешь, чтобы мимолётные злодеяния поглотили твою судьбу, дорожи этим мгновением».</i></p>;"<p>Adjusting his breathing, rhythm, and pace, Wriothesley sprints forward a short distance, entering the name{Chilling Penalty} state and unleashing more powerful attacks than before.</p><p>name{Chilling Penalty}<br>·Increases Wriothesley's interruption resistance<br>·When his HP is above 50%, it will enhance the Repelling Fists of name{Normal Attack: Forceful Fists of Frost} and increase its DMG. When such an attack hits, it will consume a fixed amount of Wriothesley's HP. HP can be lost this way once every 0.1s.<br>This effect will be canceled should Wriothesley leave the field.</p><p><i>""Past convictions are past. It is our future choices that we must grasp.""<br>""Defy your fate, or else this glutton be, to pay your fate's due, by the crime and thee.""</i></p>"
talent_name;xiangling_pyronado;Огневихрь;Pyronado
talent_descr;xiangling_pyronado;<p>Используя свои умения Пиро и древкового оружия, Сян Лин закручивает вокруг себя огненный вихрь.<br>Он следует за активным персонажем и наносит pyro{Пиро урон} врагам, которых касается.</p><p><i>Огня много не бывает.</i></p>;<p>Displaying her mastery over both fire and polearms, Xiangling sends a Pyronado whirling around her.<br>The Pyronado will move with your character for the ability's duration, dealing pyro{Pyro DMG} to all opponents in its path.</p><p><i>There will never be enough heat. Never.</i></p>
talent_name;xiangling_dough_fu;Кунг-тесто;Dough-Fu
talent_descr;xiangling_dough_fu;<p>name{Обычная атака:}<br>До пяти ударов копьём.</p><p>name{Заряженная атака:}<br>Выпад, наносящий урон противникам на пути, на который тратится определённое количество выносливости.</p><p>name{Атака в падении:}<br>Стремительно падает на землю, атакуя всех врагов на пути. Приземлившись, наносит урон по площади.</p>;<p>name{Normal Attack}<br>Performs up to 5 consecutive spear strikes.</p><p>name{Charged Attack}<br>Consumes a certain amount of Stamina to lunge forward, dealing damage to opponents along the way.</p><p>name{Plunging Attack}<br>Plunges from mid-air to strike the ground below, damaging opponents along the path and dealing AoE DMG upon impact.</p>
talent_name;xiangling_guoba_attack;Атака Гобы;Guoba Attack
talent_descr;xiangling_guoba_attack;<p>Призывает панду по имени Гоба, который длительное время дышит огнём, нанося pyro{Пиро урон по площади}.</p><p><i>Гоба любит острую еду, но есть одна проблема... Его желудок с ней не очень хорошо справляется.</i></p>;<p>Summons Guoba, who will continuously breathe fire at opponents, dealing pyro{AoE Pyro DMG}.</p><p><i>Guoba loves to eat spicy food. Problem is, his stomach can't handle something this spicy.</i></p>
talent_name;xianyun_stars_gather_at_dusk;Сумеречное собрание звёзд;Stars Gather at Dusk
talent_descr;xianyun_stars_gather_at_dusk;<p>Призывает божественный ветер, который наносит anemo{Анемо урон по площади}, восстанавливает HP всем окружающим членам отряда пропорционально силе атаки Сянь Юнь и призывает механизм «Сплетение звёзд».</p><p>name{Сплетение звёзд}<br>· Следует за активным персонажем и периодически восстанавливает HP всем членам отряда поблизости пропорционально силе атаки Сянь Юнь.<br>· Изначально имеет 8 уровней Поддержки Адептов. Во время действия Поддержки Адептов высота прыжка активных членов отряда поблизости повышена.<br>· Когда активный персонаж завершает атаку в падении, Сплетение звёзд расходует 1 уровень Поддержки Адептов и наносит anemo{Анемо урон по площади}.<br>На поле боя одновременно может быть только одно Сплетение звёзд.</p><p><i>Это последнее из серии чудесных изобретений звезды и луны, которому предшествуют Чудо кулинарной машинерии, Скорый снегоход, Волшебный домработник, Парящий переносной механизм и Садовник. Образчики из этой серии должны были стать подарками юным людям, обожаемых Хранителем Облаков, и к одному полуадепту отношения не имели. К сожалению, некая ученица, которой предстояло принять сей дар, с отсутствующим выражением молвила «Нет, спасибо».<br>Так что Хранителю Облаков пришлось оставить его у себя.</i></p>;"<p>Brings forth a sacred breeze that deals anemo{AoE Anemo DMG} and heals all nearby characters based on Xianyun's ATK. It will also summon the ""Starwicker"" mechanism.</p><p>name{Starwicker}<br>·Continuously follows the active character and periodically heals all nearby party members based on Xianyun's ATK.<br>·Starts with 8 stacks of Adeptal Assistance. While Adeptal Assistance is active, nearby active characters in the party will have their jump height increased.<br>·When the active character completes a Plunging Attack, Starwicker will consume 1 stack of Adeptal Assistance and deal anemo{AoE Anemo DMG}.<br>Only 1 Starwicker can exist simultaneously.</p><p><i>This is the newest invention in the ""Lunastar Artifices"" series, of which previous creations include the Supreme Cuisine Machine, the Snowdrift Mechanism, the Supreme Housekeeping Machine, the Floating Toting Device, and the Bloom Pruner. This series was intended for young humans Cloud Retainer held in great esteem, and so was not designed with a certain half-adeptus in mind. However, when offered Starwicker, a certain female disciple of hers had these emotionless words to say: ""No thank you.""<br>Cloud Retainer thus had no choice but to keep it herself.</i></p>"
talent_name;xianyun_word_of_wind_and_flower;Слово ветра и цветка;Word of Wind and Flower
talent_descr;xianyun_word_of_wind_and_flower;<p>name{Обычная атака:}<br>Призывает кружащие ветра, и выполняет до четырёх атак, наносящих anemo{Анемо урон}.</p><p>name{Заряженная атака:}<br>Тратит определённое количество выносливости и по прямой линии выпускает кольцо ветра, наносящее врагам на пути anemo{Анемо урон}.</p><p>name{Атака в падении:}<br>Собрав мощь Анемо, стремительно падает на землю, атакуя всех врагов на пути. Приземлившись, наносит anemo{Анемо урон по площади}.</p>;<p>name{Normal Attack}<br>Summons swirling winds to perform up to 4 attacks, dealing anemo{Anemo DMG}.</p><p>name{Charged Attack}<br>Consumes a certain amount of Stamina and launches a Breeze Bolt in a straight line that deals anemo{Anemo DMG} to opponents along its path.</p><p>name{Plunging Attack}<br>Gathers the power of Anemo and plunges towards the ground from mid-air, damaging all opponents in her path. Deals anemo{AoE Anemo DMG} upon impact with the ground.</p>
talent_name;xianyun_white_clouds_at_dawn;Белые облака на заре;White Clouds at Dawn
talent_descr;xianyun_white_clouds_at_dawn;<p>Сянь Юнь входит в состояние Превращения облаков, в котором она не получает урон от падения, и один раз использует Небесную лестницу.<br>В этом состоянии её атака в падении превращается в Волну плывущих облаков, которая наносит anemo{Анемо урон по площади} и завершает состояние Превращения облаков. Её урон считается уроном атаки в падении.<br>Каждое применение Небесной лестницы в этом состоянии увеличивает урон и площадь поражения следующей Волны плывущих облаков.</p><p>name{Небесная лестница}<br>Может быть активирована в воздухе. Сянь Юнь совершает рывок вперёд, нанося целям на пути anemo{Анемо урон}.<br>В течение одного состояния Превращения облаков Небесную лестницу можно использовать до 3 раз, причём один и тот же противник может получить урон Небесной лестницы только один раз.<br>Если в течение короткого промежутка времени не активировать Небесную лестницу, состояние Превращения облаков исчезает.</p><p>Если во время текущего состояния Превращения облаков не вызывать Волну плывущих облаков, последующий откат навыка Белые облака на заре сокращается на 3 сек.</p><p><i>Пожимая Хранителю Облаков руку, будьте осторожны - это всё-таки рука Адепта.</i></p>;"<p>Xianyun enters the Cloud Transmogrification state, in which she will not take Fall DMG, and uses Skyladder once.<br>In this state, her Plunging Attack will be converted into Driftcloud Wave instead, which deals anemo{AoE Anemo DMG} and ends the Cloud Transmogrification state. This DMG is considered Plunging Attack DMG.<br>Each use of Skyladder while in this state increases the DMG and AoE of the next Driftcloud Wave used.</p><p>name{Skyladder}<br>Can be used while in mid-air. Xianyun leaps forward, dealing anemo{Anemo DMG} to targets along her path.<br>During each Cloud Transmogrification state Xianyun enters, Skyladder may be used up to 3 times and only 1 instance of Skyladder DMG can be dealt to any one opponent.<br>If Skyladder is not used again in a short period, the Cloud Transmogrification state will be canceled.</p><p>If Xianyun does not use Driftcloud Wave while in this state, the next CD of White Clouds at Dawn will be decreased by 3s.</p><p><i>Do not shake Cloud Retainer's hand too tightly; cranes are quite adept at gripping.</i></p>"
talent_name;xiao_bane_of_all_evil;Истребление всего зла;Bane of All Evil
talent_descr;xiao_bane_of_all_evil;<p>Сяо надевает маску Яксы, заставлявшую трепетать от страха богов и демонов тысячи лет назад.</p><p>name{Маска Яксы:}<br>· Значительно усиливает прыжки Сяо.<br>· Увеличивает область и урон его атак.<br>· Конвертирует урон от атак в anemo{Анемо урон}. Этот эффект не может быть отменён какой-либо элементальной инфузией.</p><p>Находясь в этой форме, Сяо периодически теряет HP.<br>Эффекты этого навыка заканчиваются, когда Сяо покидает поле боя.</p><p><i>Надевая маску Якса, Сяо превращается в ужасающую форму бдительного Яксы, истребляющего демонов. Однако великая сила требует огромных жертв. Люди прозвали его «Истреблением всего зла».</i></p>;"<p>Xiao dons the Yaksha Mask that set gods and demons trembling millennia ago.</p><p>name{Yaksha's Mask}<br>·Greatly increases Xiao's jumping ability.<br>·Increases his attack AoE and attack DMG.<br>·Converts attack DMG into anemo{Anemo DMG}, which cannot be overridden by any other elemental infusion.</p><p>In this state, Xiao will continuously lose HP.<br>The effects of this skill end when Xiao leaves the field.</p><p><i>Donning the Mask of the Yaksha, Xiao takes the terrifying, demon-conquering form of the Vigilant Yaksha. But this great power has also brought him great suffering. Some call him ""The Bane of All Evil.""</i></p>"
talent_name;xiao_whirlwind_thrust;Вихревой удар;Whirlwind Thrust
talent_descr;xiao_whirlwind_thrust;<p>name{Обычная атака:}<br>До шести быстрых ударов копьём.</p><p>name{Заряженная атака:}<br>Проводит воздушную атаку, для которой тратится определённое количество выносливости.</p><p>name{Атака в падении:}<br>Стремительно падает на землю, атакуя всех врагов на пути. Приземлившись, наносит урон по площади.<br>Сяо не получает урона от проведения атаки в падении.</p>;<p>name{Normal Attack}<br>Performs up to 6 consecutive spear strikes.</p><p>name{Charged Attack}<br>Consumes a certain amount of Stamina to perform an upward thrust.</p><p>name{Plunging Attack}<br>Plunges from mid-air to strike the ground below, damaging opponents along the path and dealing AoE DMG upon impact.<br>Xiao does not take DMG from performing Plunging Attacks.</p>
talent_name;xiao_lemniscatic_wind_cycling;Лемниската ветра;Lemniscatic Wind Cycling
talent_descr;xiao_lemniscatic_wind_cycling;<p>Сяо совершает выпад вперёд, нанося anemo{Анемо урон} врагам на пути.<br>Можно совершить в воздухе.<br>Изначально имеет два заряда.</p><p><i>В легендах из далёких земель говорится, что в конце концов мир будет раздроблен двумя ветряными колёсами. Мастерство владения древковым оружием Сяо позволяет ему дробить врагов, словно те два колеса.</i></p>;<p>Xiao lunges forward, dealing anemo{Anemo DMG} to opponents in his path.<br>Can be used in mid-air.<br>Starts with 2 charges.</p><p><i>According to the legends of another land, the world will someday be crushed by two great wind wheels. Xiao's mastery over polearms is transcendent, ripping his foes apart like those legendary wind wheels.</i></p>
talent_name;xilonen_ocelotlicue_point;В ритме оцелота!;Ocelotlicue Point!
talent_descr;xilonen_ocelotlicue_point;<p>Включает флогистоновый стерео DJ-контроллер (портативная версия) на полную мощность, нанося geo{Гео урон по площади} с характеристикой Ночного духа, пропорциональный защите Шилонен.</p><p>Кроме того, на основании разных Исходных сэмплов активирует следующие эффекты:<br>· Если у неё есть как минимум два Исходных сэмпла, которые поменяли свой элемент, Шилонен сыграет Бодрый ритм, периодически исцеляя активных персонажей поблизости пропорционально своей защите.<br>· Если у неё менее двух Исходных сэмплов, которые поменяли свой элемент, Шилонен сыграет Пламенный ритм, выполняя два дополнительных бита, которые наносят geo{Гео урон по площади} с характеристикой Ночного духа, пропорциональный её защите.</p><p><i>«Хорошо, пока сделаем паузу!»<br>«Ничего, ничего. Я записала эти биты. Давайте посмотрим, что получится, если наши ритмы смешать».</i></p>;"<p>Activates the Phlogiston Stereo DJ Controller (Portable) at full power, dealing Nightsoul-aligned geo{AoE Geo DMG} based on Xilonen's DEF.</p><p>Additionally, she will trigger the following effects based on her different Source Samples:<br>·If she has at least 2 Source Samples that have had their Elemental Types changed, Xilonen will play an Ebullient rhythm, healing nearby active characters at intervals based on her DEF.<br>·If she has fewer than 2 Source Samples that have had their Elemental Types changed, Xilonen will start up an Ardent rhythm, which will play two additional beats that deal Nightsoul-aligned geo{AoE Geo DMG} based on her DEF.</p><p><i>""Alright, time for a time-out!""<br>""It's cool, I recorded those beats just now. Let's see what we get when we mix our rhythms!""</i></p>"
talent_name;xilonen_ehecatls_roar;Рёв Эекатля;Ehecatl's Roar
talent_descr;xilonen_ehecatls_roar;<p>name{Обычная атака}<br>До трёх быстрых ударов.</p><p>name{Заряженная атака:}<br>Удар перед собой, на который тратится определённое количество выносливости.</p><p>name{Атака в падении:}<br>Стремительно падает на землю, атакуя всех врагов на пути. Приземлившись, наносит урон по площади. Урон обоих типов атак пропорционален защите Шилонен.</p><p>name{Благословение Ночного духа: Клинки-ролики}<br>Находясь в состоянии Благословения Ночного духа, Шилонен переходит в режим Клинков-роликов. Когда Шилонен пребывает в этом режиме, её обычная атака сменяется на роликовые коньки и позволяет ей выполнить до 4 ударов роликами. При этом нельзя выполнять заряженные атаки.<br>Обычные атаки и атаки в падении в этом состоянии пропорциональны защите Шилонен и наносят geo{Гео урон} с характеристикой Ночного духа, который не может быть отменён другими инфузиями.</p>;<p>name{Normal Attack}<br>Performs up to 3 rapid strikes.</p><p>name{Charged Attack}<br>Consumes a fixed amount of Stamina and performs a forward kick.</p><p>name{Plunging Attack}<br>Plunges from mid-air to strike the ground below, damaging opponents along the path and dealing AoE DMG upon impact, both based on Xilonen's DEF.</p><p>name{Nightsoul's Blessing: Blade Roller}<br>When in the Nightsoul's Blessing state, Xilonen will enter the Blade Roller mode. While in this mode, Xilonen's Normal Attacks will allow her to perform up to 4 kicks using her roller blades, and she will be unable to use Charged Attacks.<br>When her Normal and Plunging Attacks are used in this mode, they will switch to being based on her DEF, and Xilonen will deal Nightsoul-aligned geo{Geo DMG} that cannot be overridden.</p>
talent_name;xilonen_yohuals_scratch;Скретч Йоуаль;Yohual's Scratch
talent_descr;xilonen_yohuals_scratch;<p>Пусть прокатятся по земле ритмы страсти! Шилонен переключается на экипировку катания для скоростного боя и совершает выпад вперёд на определённое расстояние, нанося geo{Гео урон} с характеристикой Ночного духа, пропорциональный своей защите.<br>После применения Шилонен получает 45 очков Ночного духа и переходит в состояние Благословения Ночного духа. В этом состоянии она входит в режим Клинков-роликов.</p><p>name{Исходные сэмплы}<br>У Шилонен есть 3 сэмплера, которые в зависимости от типов элементов других членов отряда создают различные звуковые полотна и снижают соответствующее элементальное сопротивление врагов поблизости, когда они активны.<br>Исходный сэмпл всех трёх сэмплеров - geo{Гео}, а за каждого члена отряда с элементами pyro{Пиро}, hydro{Гидро}, cryo{Крио} или electro{Электро}, 1 сэмпл geo{Гео} превращается в соответствующий элемент.<br>Когда Шилонен находится в состоянии Благословения Ночного духа, её Исходные сэмплы geo{Гео} всё время остаются активными. После открытия своего таланта возвышения Эхо нетотилицтли Шилонен с помощью активации эффектов этого таланта способна восстанавливать себе очки Ночного духа. Когда количество очков Ночного духа достигает максимума, Шилонен расходует все очки Ночного духа и активирует три имеющихся Исходных сэмпла на 15 сек.<br>Когда Исходные сэмплы активны, сопротивление соответствующим элементам врагов поблизости снижается. Эффекты Исходных сэмплов одного и того же элемента не складываются. Шилонен может активировать этот эффект, даже находясь вне поля боя.</p><p>name{Благословение Ночного духа: Шилонен}<br>Непрерывно расходует очки Ночного духа. Когда очки Ночного духа заканчиваются или навык используется повторно, текущее Благословение Ночного духа завершается. Благословение Ночного духа обладает следующими характеристиками:<br>· Переходит в режим Клинков-роликов, что повышает скорость передвижения и карабканья Шилонен, причём во время карабканья она способна совершать скоростные прыжки в форме оцелота.<br>· Благословение Ночного духа Шилонен обладает следующими ограничениями: когда Шилонен пребывает в состоянии Благословения Ночного духа, её очки Ночного духа действуют не более 9 сек. По истечении этого лимита её очки Ночного духа мгновенно расходуются.</p><p>После того как очки Ночного духа Шилонен в состоянии Благословения Ночного духа исчерпываются, она больше не сможет создавать очки Ночного духа с помощью таланта возвышения Эхо нетотилицтли.</p><p><i>Создание самоцветов и сведение музыки в некотором роде имеют схожие принципы: необходимо отфильтровывать примеси и оставлять только самое сверкающее.<br>Но Шилонен не привередлива - и то, и другое доставляет ей массу удовольствия.</i></p>;"<p>Let the rhythms of passion resound throughout the land! Xilonen switches to high-speed combat blading gear and rushes forward a certain distance before dealing Nightsoul-aligned geo{Geo DMG} based on her DEF.<br>After using this, Xilonen will gain 45 Nightsoul points and enter the Nightsoul's Blessing state. In this state, she will shift to the Blade Roller mode.</p><p>name{Source Samples}<br>Xilonen has 3 Samplers with her that can generate different Soundscapes based on her other party members' Elemental Types, decreasing nearby opponents' corresponding Elemental RES while active.<br>The initial recorded Source Sample within each Sampler will be geo{Geo}, and for each party member who is pyro{Pyro}/hydro{Hydro}/cryo{Cryo}/electro{Electro}, 1 geo{Geo} Sample will change to that corresponding Element.<br>While Xilonen is in the Nightsoul's Blessing state, the geo{Geo} Source Sample she carries will always be active. After unlocking her Ascension Talent, ""Netotiliztli's Echoes,"" Xilonen can trigger said Ascension Talent's effects to regenerate Nightsoul points for herself. When her Nightsoul points hit the maximum, she will consume all her Nightsoul points and activate the 3 Source Samples she has on hand for 15s.<br>When the Source Samples are active, nearby opponents' corresponding Elemental RES will decrease. Source Sample effects of the same Elemental Type cannot stack. Xilonen can trigger these effects even when off-field.</p><p>name{Nightsoul's Blessing: Xilonen}<br>Continuously consume Nightsoul points. When these points are depleted or if used again, this Nightsoul's Blessing state will end. This state has the following traits:<br>·Switches to the Blade Roller mode, increasing Xilonen's Movement SPD and climbing speed, and she can perform high-speed leaps in Ocelot Form while climbing.<br>·Xilonen's Nightsoul's Blessing has the following restrictions: When in this state, Xilonen's Nightsoul points have a 9s time limit. After this limit passes, her Nightsoul points will immediately expire.</p><p>After Xilonen's Nightsoul points have expired while she is in the Nightsoul's Blessing state, she will no longer be able to generate Nightsoul points via the Ascension Talent ""Netotiliztli's Echoes.""</p><p><i>In some ways, gem-craft and music-mixing share similar principles: Filtering out impurities and retaining only the most radiant things.<br>Xilonen isn't picky about the two, however. She enjoys both immensely, after all!</i></p>"
talent_name;xingqiu_raincutter;Гухуа: Радужная стойка;Guhua Sword: Raincutter
talent_descr;xingqiu_raincutter;"<p>Активирует Радужную стойку и позволяет сражаться с помощью макс. количества Мечей дождя.</p><p>name{Радужная стойка:}<br>·Обычные атаки вашего персонажа дополняются атаками Мечей дождя, которые наносят hydro{Гидро урон};<br>· Количество Мечей дождя остаётся постоянным на всё время действия навыка.</p><p><i>«Радужная стойка» - одна из древнейших тайных техник школы Гухуа.</i></p>";"<p>Initiate Rainbow Bladework and fight using an illusory sword rain, while creating the maximum number of Rain Swords.</p><p>name{Rainbow Bladework}<br>·Your active character's Normal Attacks will trigger consecutive sword rain attacks, dealing hydro{Hydro DMG}.<br>·Rain Swords will remain at the maximum number throughout the ability's duration.</p><p><i>The ""Way of the Rain Cutter"" is one of the esoteric secret techniques of the Guhua Sect.</i></p>"
talent_name;xingqiu_guhua_style;Стиль Гухуа;Guhua Style
talent_descr;xingqiu_guhua_style;<p>name{Обычная атака:}<br>До пяти быстрых ударов мечом.</p><p>name{Заряженная атака:}<br>Два быстрых взмаха мечом, на которые тратится определённое количество выносливости.</p><p>name{Атака в падении:}<br>Стремительно падает на землю, атакуя всех противников на пути. Приземлившись, наносит урон по площади.</p>;<p>name{Normal Attack}<br>Performs up to 5 rapid strikes.</p><p>name{Charged Attack}<br>Consumes a certain amount of Stamina to unleash 2 rapid sword strikes.</p><p>name{Plunging Attack}<br>Plunges from mid-air to strike the ground below, damaging opponents along the path and dealing AoE DMG upon impact.</p>
talent_name;xingqiu_fatal_rainscreen;Гухуа: Завеса дождя;Guhua Sword: Fatal Rainscreen
talent_descr;xingqiu_fatal_rainscreen;"<p>Син Цю выполняет два удара мечом, которые наносят hydro{Гидро урон}. В то же время, активация навыка создаёт максимальное количество Мечей дождя, которые вращаются вокруг вашего персонажа.<br>Мечи дождя имеют следующие свойства:<br>· Понижают получаемый персонажем урон, но каждая полученная атака уничтожает один меч;<br>· Повышают устойчивость к прерыванию атак;<br>· 20% hydro{бонуса Гидро урона} Син Цю конвертируются в количество поглощаемого урона.</p><p>Таким способом макс. количество поглощаемого урона может быть увеличено до 24%.<br>Начальное макс. количество Мечей дождя равно трём.<br>Активация этого навыка накладывает на персонажа статус hydro{Мокрый}.</p><p><i>«Легче убить дракона, чем сражаться с дождём».</i></p>";"<p>Xingqiu performs twin strikes with his sword, dealing hydro{Hydro DMG}. At the same time, this ability creates the maximum number of Rain Swords, which will orbit your active character.<br>The Rain Swords have the following properties:<br>·When a character takes DMG, the Rain Sword will shatter, reducing the amount of DMG taken.<br>·Increases the character's resistance to interruption.</p><p>20% of Xingqiu's hydro{Hydro DMG Bonus} will be converted to additional DMG Reduction for the Rain Swords.</p><p>The maximum amount of additional DMG Reduction that can be gained this way is 24%.<br>The initial maximum number of Rain Swords is 3.<br>Using this ability applies the hydro{Wet} status onto the character.</p><p><i>""Easier to slay a rain dragon than to sever the rain.""</i></p>"
talent_name;xinyan_riff_revolution;Струны протеста;Riff Revolution
talent_descr;xinyan_riff_revolution;<p>Синь Янь зажигает толпу игрой на своём инструменте, подкидывая окружающих врагов в воздух и нанося им физ. урон.<br>Жаркая атмосфера её выступления создаёт струи огня, которые наносят pyro{Пиро урон} окружающим врагам.</p><p><i>Этим номером Синь Янь заканчивала свои концерты, однако ей пришлось прекратить его исполнение, и не потому что это был опасный номер, а потому что у неё не было более захватывающего номера на случай, если кто-то выкрикнет «На бис!»</i></p>;"<p>Strumming rapidly, Xinyan launches nearby opponents and deals Physical DMG to them, hyping up the crowd.<br>The sheer intensity of the atmosphere will cause explosions that deal pyro{Pyro DMG} to nearby opponents.</p><p><i>Xinyan used to end all her performances with this move. She didn't stop because it was dangerous, however, but because she didn't have a more epic finale in case someone shouted ""Encore!""</i></p>"
talent_name;xinyan_dance_on_fire;Танец в огне;Dance on Fire
talent_descr;xinyan_dance_on_fire;<p>name{Обычная атака:}<br>До четырёх рубящих ударов мечом.</p><p>name{Заряженная атака:}<br>Вращающаяся атака по окружающим врагам, на которую непрерывно тратится выносливость.<br>После вращения проводит дополнительную мощную атаку мечом.</p><p>name{Атака в падении:}<br>Стремительно падает на землю, атакуя всех врагов на пути. Приземлившись, наносит урон по площади.</p>;<p>name{Normal Attack}<br>Performs up to 4 consecutive strikes.</p><p>name{Charged Attack}<br>Drains Stamina over time to perform continuous spinning attacks against all nearby opponents.<br>At the end of the sequence, performs a more powerful slash. </p><p>name{Plunging Attack}<br>Plunges from mid-air to strike the ground below, damaging opponents along the path and dealing AoE DMG upon impact.</p>
talent_name;xinyan_sweeping_fervor;Решительный жар;Sweeping Fervor
talent_descr;xinyan_sweeping_fervor;"<p>Синь Янь размахивает своим музыкальным инструментом, нанося pyro{Пиро урон} окружающим врагам, и создаёт щит из жаркой любви своих фанатов.<br>Поглощение урона щита зависит от защиты Синь Янь и от количества попавших под удар врагов:<br>· Не попадает или попадает по одному - щит 1 ур. «Импровизация»;<br>· Попадает по двум - щит 2 ур. «Вступление»;<br>· Попадает по трём и более - щит 3 ур. «Рейв», который также периодически наносит pyro{Пиро урон} окружающим врагам.</p><p>Щит обладает следующими свойствами:<br>· Во время активации накладывает на Синь Янь pyro{эффект Пиро};<br>pyro{· Пиро урон} поглощается с эффективностью 250%.</p><p><i>Синь Янь утверждает, что кульминация её выступления - это пиротехнические эффекты, которые являются физическим феноменом, никак не связанным с её Глазом Бога.</i></p>";<p>Xinyan brandishes her instrument, dealing pyro{Pyro DMG} on nearby opponents, forming a shield made out of her audience's passion.<br>The shield's DMG Absorption scales based on Xinyan's DEF and on the number of opponents hit.<br>·Hitting 0–1 opponents grants Shield Level 1: Ad Lib.<br>·Hitting 2 opponents grants Shield Level 2: Lead-In.<br>·Hitting 3 or more opponents grants Shield Level 3: Rave, which will also deal intermittent pyro{Pyro DMG} to nearby opponents.</p><p>The shield has the following special properties:<br>·When unleashed, it infuses Xinyan with pyro{Pyro}.<br>·It has 250% DMG Absorption effectiveness against pyro{Pyro DMG}.</p><p><i>Xinyan insists that these pyrotechnics are the apex of performative art, and that they are physical phenomena that have nothing to do with her Vision.</i></p>
talent_name;yae_miko_tenko_kenshin;Великое тайное искусство: Тэнко кэнсин;Great Secret Art: Tenko Kenshin
talent_descr;yae_miko_tenko_kenshin;<p>В Инадзуме существуют легенды о кицунэцуки - людях, в которых вселился дух кицунэ. Из них весьма особенными считаются Небесные кицунэ, которые поражают молниями врагов Великого храма Наруками, нанося electro{Электро урон по площади}.<br>При активации этого навыка Яэ Мико высвобождает Сакуры сэссё поблизости, разрушая их внешнюю форму и обращая в молнии Небесной кицунэ, которые наносят electro{Электро урон по площади}. Каждая разрушенная таким образом Сакура сэссё даёт одну молнию Небесной кицунэ.</p><p><i>Черты Небесной кицунэ Яэ раскрываются лишь тогда, когда она повелевает молнией. От всех видевших её хвосты осталась лишь горстка пепла, поэтому помните - хвостов у госпожи Яэ нет.</i></p>;"<p>Legends of ""kitsunetsuki,"" or the manifestation of a kitsune's might, are common in Inazuma's folktales. One that particularly captures the imagination is that of the Sky Kitsune, said to cause lightning to fall down upon the foes of the Grand Narukami Shrine. Summons a lightning strike, dealing electro{AoE Electro DMG}.<br>When she uses this skill, Yae Miko will unseal nearby Sesshou Sakura, destroying their outer forms and transforming them into Tenko Thunderbolts that descend from the skies, dealing electro{AoE Electro DMG}. Each Sesshou Sakura destroyed in this way will create one Tenko Thunderbolt.</p><p><i>Only at times like these will Yae reveal her Sky Kitsune form and wield lightning itself. None have seen the Lady Guuji's tails and lived to tell the story... so remember, as far as you are concerned, Lady Yae does not have a tail.</i></p>"
talent_name;yae_miko_spiritfox_sin_eater;Пожирающая грехи кицунэ;Spiritfox Sin-Eater
talent_descr;yae_miko_spiritfox_sin_eater;<p>name{Обычная атака:}<br>Совершает до трёх ударов, призывая духов кицунэ, наносящих electro{Электро урон}.</p><p>name{Заряженная атака:}<br>Короткое заклинание, наносящее electro{Электро урон по площади}, на которое тратится определённое количество выносливости.</p><p>name{Атака в падении:}<br>Накопив энергию молнии, стремительно падает на землю, атакуя всех врагов на пути. Приземлившись, наносит electro{Электро урон по площади}.</p>;<p>name{Normal Attack}<br>Summons forth kitsune spirits, initiating a maximum of 3 attacks that deal electro{Electro DMG}.</p><p>name{Charged Attack}<br>Consumes a certain amount of Stamina to deal electro{AoE Electro DMG} after a short casting time.</p><p>name{Plunging Attack}<br>Plunges towards the ground from mid-air, damaging all opponents in her path with thunderous might. Deals electro{AoE Electro DMG} upon impact with the ground.</p>
talent_name;yae_miko_sesshou_sakura;Проклятие якан: Сакура сэссё;Yakan Evocation: Sesshou Sakura
talent_descr;yae_miko_sesshou_sakura;<p>Для Яэ хлопотами вроде изгнания духов нет нужды заниматься лично.<br>Стремительно передвигается, оставляя за собой Сакуру сэссё.</p><p>name{Сакура сэссё}<br>Обладает следующими свойствами:<br>· Периодически бьёт врага поблизости молнией, нанося electro{Электро урон}.<br>· Наличие других Сакур сэссё поблизости повышает их уровень и наносимый ими урон.</p><p>У навыка 3 заряда.<br>На поле боя может быть до 3 Сакур сэссё. Изначально создаёт Сакуры 1-го уровня, они могут быть улучшены максимум до 3-го уровня. Если создать Сакуру слишком близко к уже существующей, то последняя уничтожится.</p><p><i>«Заточённые внутри ветвей сакуры духи кицунэ - это всё якан, которые причиняют людям вред. Они на две ступени ниже нас, Небесных кицунэ, поэтому я без зазрения совести заставляю их выполнять мои приказы. Но вы, люди, с нашей иерархии пример не берите. Что же до того, кто занимает более высокое положение, небесные кицунэ или люди... Хе-хе...»</i></p>;"<p>To Yae, such dull tasks as can be accomplished by driving spirits out need not be done personally.<br>Moves swiftly, leaving a Sesshou Sakura behind.</p><p>name{Sesshou Sakura}<br>Has the following properties:<br>· Periodically strikes one nearby opponent with lightning, dealing electro{Electro DMG}<br>· When there are other Sesshou Sakura nearby, their level will increase, boosting the DMG dealt by these lightning strikes.</p><p>This skill has three charges.<br>A maximum of 3 Sesshou Sakura can exist simultaneously. The initial level of each Sesshou Sakura is 1, and the initial highest level each sakura can reach is 3. If a new Sesshou Sakura is created too close to an existing one, the existing one will be destroyed.</p><p><i>""The kitsune spirits sealed in the branches are all yakan who stooped to preying upon humans. The yakan are two grades lower than us Sky Kitsune, and so, I hardly see the problem with... asking that they do my bidding. Now, this doesn't mean that you humans should go learning from our grading systems, no indeed — and as for which of us, kitsune or human, is higher up in the pecking order... Heh, wouldn't you like to know?""</i></p>"
talent_name;yanfei_done_deal;По рукам;Done Deal
talent_descr;yanfei_done_deal;<p>Вызывает яростный поток огня, который бьёт окружающих врагов, нанося pyro{Пиро урон по площади}. Также даёт Янь Фэй максимальное количество Багровых печатей и эффект Блеска.<br>name{Блеск}<br>Имеет следующие эффекты:<br>· Периодически даёт Янь Фэй одну Багровую печать.<br>· Увеличивает урон заряженной атаки.<br>Эффект Блеска пропадает, если Янь Фэй покидает поле боя или погибает.</p><p><i>«Условия ясны, договор о жизни и смерти заключён. Ты умрёшь - я буду жить!»</i></p>;"<p>Triggers a spray of intense flames that rush at nearby opponents, dealing pyro{AoE Pyro DMG}, granting Yanfei the maximum number of Scarlet Seals, and applying Brilliance to her.</p><p>name{Brilliance}<br>Has the following effects:<br>·Grants Yanfei a Scarlet Seal at fixed intervals.<br>·Increases the DMG dealt by her Charged Attacks.<br>The effects of Brilliance will end if Yanfei leaves the field or falls in battle.</p><p><i>""Here are the full terms for this matter of life and death — by which I mean my life and your death!""</i></p>"
talent_name;yanfei_seal_of_approval;Печать одобрения;Seal of Approval
talent_descr;yanfei_seal_of_approval;<p>name{Обычная атака:}<br>Запускает до трёх огненных шаров, которые наносят pyro{Пиро урон}.<br>Когда обычная атака попадает по врагу, Янь Фэй получает одну Багровую печать. Изначально может иметь максимум три печати. При каждой активации длительность уже имеющихся Багровых печатей обновляется.<br>Каждая Багровая печать снижает потребление выносливости Янь Фэй. Печати исчезают при смене персонажа.</p><p>name{Заряженная атака:}<br>После прочтения краткого заклинания тратит некоторое количество выносливости и все Багровые печати, нанося pyro{Пиро урон по площади} перед собой.<br>Чем больше потрачено Багровых печатей, тем больше урон и радиус заряженной атаки.</p><p>name{Атака в падении:}<br>Накопив энергию огня, стремительно падает на землю, атакуя всех врагов на пути. Приземлившись, наносит pyro{Пиро урон по площади}.</p>;<p>name{Normal Attack}<br>Shoots fireballs that deal up to three counts of pyro{Pyro DMG}.<br>When Yanfei's Normal Attacks hit enemies, they will grant her a single Scarlet Seal. Yanfei may possess a maximum of 3 Scarlet Seals, and each time this effect is triggered, the duration of currently possessed Scarlet Seals will refresh.<br>Each Scarlet Seal will decrease Yanfei's Stamina consumption and will disappear when she leaves the field.</p><p>name{Charged Attack}<br>Consumes Stamina and all Scarlet Seals before dealing pyro{AoE Pyro DMG} to opponents after a short casting time.<br>This Charged Attack's AoE and DMG will increase according to the amount of Scarlet Seals consumed.</p><p>name{Plunging Attack}<br>Gathering the power of Pyro, Yanfei plunges towards the ground from mid-air, damaging all opponents in her path. Deals pyro{AoE Pyro DMG} upon impact with the ground.</p>
talent_name;yanfei_signed_edict;Подписанный указ;Signed Edict
talent_descr;yanfei_signed_edict;<p>Призывает языки пламени, которые наносят pyro{Пиро урон по площади}.<br>При попадании по врагу даёт Янь Фэй максимальное количество Багровых печатей.</p><p><i>Печать, нанесённая огнём, имеет не только юридическую силу, но и накладывает дополнительные условия от самой Янь Фэй. Ведь законы природы не изменить, опираясь лишь на авторитет Департамента по делам граждан.</i></p>;<p>Summons blistering flames that deal pyro{AoE Pyro DMG}.<br>Opponents hit by the flames will grant Yanfei the maximum number of Scarlet Seals.</p><p><i>Apart from their legal uses, Yanfei's seals also come with her customized additional terms and conditions. Well, it's not as if the Ministry of Civil Affairs can change the laws of nature.</i></p>
talent_name;yaoyao_moonjade_descent;Сошествие лунной яшмы;Moonjade Descent
talent_descr;yaoyao_moonjade_descent;<p>По велению некоего Адепта в чрезвычайной ситуации высвобождает всю силу Юэгуя, нанося противникам поблизости dendro{Дендро урон}, и входит во всепобеждающее (в некотором смысле) состояние Наследия Адептов.</p><p>name{Наследие Адептов}<br>· Создаваемая Редька белого нефрита преобразуется для нанесения урона или лечения в соответствии с характеристиками данного навыка. Когда она взрывается, то восстанавливает HP всем персонажам поблизости, а наносимый dendro{Дендро урон} считается уроном взрыва стихии.<br>· Периодически призывает Прыгающих Юэгуев до тех пор, пока их количество не достигнет лимита. Прыгающий Юэгуй ведёт себя так же, как Бросающий Юэгуй, призываемый элементальным навыком Небесное скопление редьки. Одновременно может существовать не более 3 Прыгающих Юэгуев.<br>· Повышает скорость передвижения Яо Яо на 15%.<br>· dendro{Дендро сопротивление} Яо Яо увеличивается. </p><p>Если Яо Яо покинет поле боя, состояние Наследия Адептов прервётся. С завершением этого состояния все Прыгающие Юэгуи исчезнут.</p><p><i>«Который из них Юэгуй? Да все они тут Юэгуи!»</i></p>;"<p>At the enjoinment of a certain adeptus, Yuegui's full potential can be unleashed in an emergency, dealing dendro{Dendro DMG} to nearby opponents and entering an (in some sense) unsurpassed Adeptal Legacy state.</p><p>name{Adeptal Legacy}<br>·White Jade Radishes generated will be changed to heal and deal DMG according to this skill. Explosions will heal all nearby party members, and the dendro{Dendro DMG} that they deal will be viewed as Elemental Burst DMG instead.<br>·Summons ""Yuegui: Jumping Mode"" at intervals until their limit has been reached. The behavior of this version of Yuegui is the same as that of ""Yuegui: Throwing Mode"" in the Elemental Skill, Raphanus Sky Cluster. A maximum of 3 Yuegui: Jumping Mode can exist at any one time.<br>·Yaoyao's Movement SPD is increased by 15%.<br>·Yaoyao's dendro{Dendro RES} will be increased.</p><p>The Adeptal Legacy state will end once Yaoyao is off-field, and all remaining Yuegui: Jumping Mode will be cleared once this state ends.</p><p><i>""Eh? Which one of these is actually Yuegui, you ask? Aren't they all Yuegui?""</i></p>"
talent_name;yaoyao_toss_n_turn_spear;Вращающееся копьё;Toss 'N' Turn Spear
talent_descr;yaoyao_toss_n_turn_spear;<p>name{Обычная атака:}<br>До четырёх ударов копьём.</p><p>name{Заряженная атака:}<br>Выпад, наносящий урон противникам на пути, на который тратится определённое количество выносливости.</p><p>name{Атака в падении:}<br>Стремительно падает на землю, атакуя всех врагов на пути. Приземлившись, наносит урон по площади.</p>;<p>name{Normal Attack}<br>Performs up to 4 consecutive spear strikes.</p><p>name{Charged Attack}<br>Consumes a certain amount of Stamina to lunge forward, dealing damage to opponents along the way.</p><p>name{Plunging Attack}<br>Plunges from mid-air to strike the ground below, damaging opponents along the path and dealing AoE DMG upon impact.</p>
talent_name;yaoyao_raphanus_sky_cluster;Небесное скопление редьки;Raphanus Sky Cluster
talent_descr;yaoyao_raphanus_sky_cluster;<p>Призывает на поле боя Бросающего Юэгуя - особый механизм, изобретение некоего Адепта, которое помогает Яо Яо справиться с неприятностями.<br>При долгом нажатии способ активации навыка меняется.</p><p>name{Долгое нажатие}<br>Переходит в режим прицеливания, в котором можно выбрать направление бросков.</p><p>name{Бросающий Юэгуй}<br>Бросает Редьку белого нефрита, которая при попадании в противников или персонажей взрывается, нанося противникам в определённой области dendro{Дендро урон} и восстанавливая HP персонажам в этой же области пропорционально макс. HP Яо Яо. Если Редька белого нефрита не попадает в противника или персонажа, она остаётся на месте попадания и взрывается, если её коснётся персонаж или противник или истечёт время её действия.<br>Цели для Редьки из белого нефрита выбираются в соответствии с обстановкой поблизости:<br>· Если у всех персонажей рядом более 70% HP, целью для бросков станет ближайший противник.<br>· Если у персонажей рядом 70% HP или менее, в качестве цели будет выбран персонаж рядом с наименьшим количеством HP. Если количество HP персонажей выше 70%, но ниже 100%, а противников рядом нет, броски также совершаются в персонажей. В противном случае броски совершаются в случайном направлении.</p><p>Одновременно может существовать не более 2 Бросающих Юэгуев.</p><p><i>«Врач без дела остаётся, если редька продаётся! Нет, всех болезней редька не лечит, но есть её полезно, это факт!»</i></p>;"<p>Calls upon ""Yuegui: Throwing Mode,"" a special device created by a certain adeptus to help Yaoyao solve her problems.<br>This skill will be used differently in Holding Mode.</p><p>name{Hold}<br>Enters Aiming Mode to adjust the throw direction.</p><p>name{Yuegui: Throwing Mode}<br>Throws out White Jade Radishes that will explode upon hitting characters or opponents, dealing dendro{Dendro DMG} to opponents within a certain AoE, and healing characters within that same AoE based on Yaoyao's Max HP. If a radish does not hit either an opponent or a character, the radish will remain where it is and explode on contact with a character or opponent, or will explode after its duration expires.<br>Yuegui: Throwing Mode will choose its radish-throw targets.<br>·If all nearby characters have more than 70% HP remaining, then it will throw the radish at a nearby opponent.<br>·If nearby characters have 70% or less HP remaining, it will throw a radish at the character with the lowest HP percentage remaining. If no opponents exist nearby, Yuegui will also throw White Jade Radishes at characters if they all have more than 70% HP and less than 100% HP remaining. Otherwise, it will throw radishes into the area at random.</p><p>A maximum of 2 instances of Yuegui: Throwing Mode can exist at any one time.</p><p><i>""A radish a day keeps trouble away! ... Oh, this isn't about a radish's medical properties, exactly, but it does have some health benefits, yeah!""</i></p>"
talent_name;yelan_depth_clarion_dice;Изысканные игральные кости;Depth-Clarion Dice
talent_descr;yelan_depth_clarion_dice;"<p>Наносит hydro{Гидро урон по площади} и создаёт Изысканный бросок, который помогает в битве. </p><p>name{Изысканный бросок}<br>Следует за персонажем и при совместной атаке наносит hydro{Гидро урон}, зависящий от макс. HP Е Лань. Совершает совместную атаку в следующих ситуациях:<br>· когда собственный активный персонаж совершает обычную атаку. Может возникать раз в секунду;<br>· когда собственная Нить жизни Е Лань взрывается и попадает по противнику.</p><p><i>«Зависимость от азартных игр не приведёт ни к чему хорошему. Давай я поясню тебе расклад? Как думаешь, каковы твои шансы победить, когда у меня семь игральных кубиков, а у тебя только один?»</i></p>";"<p>Deals hydro{AoE Hydro DMG} and creates an ""Exquisite Throw,"" which aids her in battle.</p><p>name{Exquisite Throw}<br>Follows the character around and will initiate a coordinated attack under the following circumstances, dealing hydro{Hydro DMG} based on Yelan's Max HP:<br>·Can occur once every second when your active character uses a Normal Attack.<br>·Will occur each time Yelan's Lifeline explodes and hits opponents.</p><p><i>""A gambling addiction is going to do you no good. I mean, let me just do the math for you as the dealer. What do you think your odds of beating me are, when I have seven dice and you, only one?""</i></p>"
talent_name;yelan_stealthy_bowshot;Незаметная стрела;Stealthy Bowshot
talent_descr;yelan_stealthy_bowshot;<p>name{Обычная атака}<br>До четырёх выстрелов из лука подряд.</p><p>name{Заряженная атака}<br>Более меткий name{прицельный выстрел} с увеличенным уроном.<br>Во время прицеливания наконечник стрелы заряжается водным потоком. Полностью заряженная стрела наносит hydro{Гидро урон}.<br>name{Прорыв}<br>Через 5 сек. вне боя Е Лань входит в состояние Прорыва, которое сокращает время зарядки её следующего полностью заряженного прицельного выстрела на 80%. После полной зарядки она выстрелит Прорывной стрелой, которая наносит hydro{Гидро урон по площади}, зависящий от макс. HP Е Лань.</p><p>name{Атака в падении}<br>Выпускает град стрел в воздухе, которые при приземлении персонажа наносят урон по площади.</p>;"<p>name{Normal Attack}<br>Performs up to 4 consecutive shots with a bow.</p><p>name{Charged Attack}<br>Performs a more precise name{Aimed Shot} with increased DMG.<br>While aiming, flowing water will accumulate on the arrowhead. A fully charged torrential arrow will deal hydro{Hydro DMG}.</p><p>name{Breakthrough}<br>Yelan will enter a ""Breakthrough"" state after spending 5s out of combat, which will cause her next Charged Aimed Shot to have 80% decreased charge time, and once charged, she can fire a ""Breakthrough Barb"" that will deal hydro{AoE Hydro DMG} based on Yelan's Max HP.</p><p>name{Plunging Attack}<br>Fires off a shower of arrows in mid-air before falling and striking the ground, dealing AoE DMG upon impact.</p>"
talent_name;yelan_lingering_lifeline;Переплетённая нить жизни;Lingering Lifeline
talent_descr;yelan_lingering_lifeline;<p>Быстро движется, опутывая и отмечая противников по пути Нитью жизни.<br>После окончания движения Нить жизни взрывается, нанося отмеченным противникам hydro{Гидро урон}, который зависит от макс. HP Е Лань. </p><p>name{Быстрое нажатие}<br>Быстро продвигается вперёд на определённое расстояние.</p><p>name{Долгое нажатие}<br>Стремительно движется некоторое время, а её сопротивление прерыванию в этом состоянии повышается.<br>Е Лань может контролировать направление движения. При повторном использовании навыка движение прекращается.</p><p>Каждый противник, отмеченный Нитью жизни, даёт Е Лань 34% шанс на получение Прорыва при взрыве.</p><p><i>Только когда она начинает дёргать за ниточки, коварные злодеи и подлые разбойники понимают, что спасения нет.</i></p>;<p>Fires off a Lifeline that allows her to move rapidly, entangling and marking opponents along its path.<br>When this rapid movement ends, the Lifeline will explode, dealing hydro{Hydro DMG} to the marked opponents based on Yelan's Max HP.</p><p>name{Tap}<br>Moves a certain distance forward swiftly.</p><p>name{Hold}<br>Engages in continuous, swift movement, during which Yelan's resistance to interruption is increased.<br>During this time, Yelan can control this rapid movement and end it by using this Skill again.</p><p>Additionally, each opponent marked by the Lifeline when it explodes grants Yelan a 34% chance to reset her Breakthrough state.</p><p><i>Not until she begins to tug on the strings do evildoers, crooks, and scheming villains alike know that there is no escape.</i></p>
talent_name;yoimiya_ryuukin_saxifrage;Камнеломка Рюкин;Ryuukin Saxifrage
talent_descr;yoimiya_ryuukin_saxifrage;<p>Ёимия взмывает в воздух со своим изобретением, Камнеломкой Рюкин, которая запускает пылающие ракеты, полные сюрпризов, и наносит pyro{Пиро урон по площади}, помечая одного из поражённых противников Золотым сиянием.</p><p>name{Золотое сияние}<br>Обычные атаки, заряженные атаки, атаки в падении, элементальные навыки и взрывы стихии любого члена отряда, кроме Ёимии, поражающие помеченного Золотым сиянием врага, вызывают взрывы, которые наносят pyro{Пиро урон по площади}.<br>Если противник, помеченный Золотым сиянием, погибает во время действия навыка, эффект и его оставшаяся длительность передаются другому ближайшему противнику.</p><p>Каждые 2 сек. может возникнуть только один взрыв Золотого сияния. Если Ёимия погибает в бою, эффекты Золотого сияния, вызванные её навыком, перестанут действовать.</p><p><i>Фейерверки - это искусственный свет звёзд, это запускаемые в небо кометы. Они живут лишь мгновение, но память об их сиянии, несомненно, будет жить вечно.</i></p>;"<p>Yoimiya leaps into the air along with her original creation, the ""Ryuukin Saxifrage,"" and fires forth blazing rockets bursting with surprises that deal pyro{AoE Pyro DMG} and mark one of the hit opponents with Aurous Blaze.</p><p>name{Aurous Blaze}<br>All Normal/Charged/Plunging Attacks, Elemental Skills, and Elemental Bursts by any party member other than Yoimiya that hit an opponent marked by Aurous Blaze will trigger an explosion, dealing pyro{AoE Pyro DMG}.<br>When an opponent affected by Aurous Blaze is defeated before its duration expires, the effect will pass on to another nearby opponent, who will inherit the remaining duration.</p><p>One Aurous Blaze explosion can be triggered every 2s. When Yoimiya is down, Aurous Blaze effects created through her skills will be deactivated.</p><p><i>Fireworks are man-made starlight, comets fired into the sky. Though they last for but an instant, the memory of their brilliance shall surely live on.</i></p>"
talent_name;yoimiya_firework_flare_up;Вспышка фейерверка;Firework Flare-Up
talent_descr;yoimiya_firework_flare_up;<p>name{Обычная атака:}<br>До пяти выстрелов из лука.</p><p>name{Заряженная атака:}<br>Более меткий name{прицельный выстрел} с увеличенным уроном.<br>Во время прицеливания на наконечнике стрелы накапливается пламя. Эффект зависит от длительности заряда стрелы:<br>· Уровень заряда 1: Выпускает огненную стрелу, наносящую pyro{Пиро урон}.<br>· Уровень заряда 2: В зависимости от длительности заряда выпускает до 3 Зажигательных стрел. Зажигательные стрелы самостоятельно находят ближайшую цель и при попадании наносят pyro{Пиро урон}.</p><p>name{Атака в падении:}<br>Выпускает град стрел, которые при приземлении персонажа наносят урон по площади.</p>;<p>name{Normal Attack}<br>Performs up to 5 consecutive shots with a bow.</p><p>name{Charged Attack}<br>Performs a more precise name{Aimed Shot} with increased DMG.<br>While aiming, flames will accumulate on the arrowhead before being fired off as an attack. Has different effects based on how long the energy has been charged:<br>·Charge Level 1: Fires off a flaming arrow that deals pyro{Pyro DMG}.<br>·Charge Level 2: Generates a maximum of 3 Kindling Arrows based on time spent charging, releasing them as part of this Aimed Shot. Kindling Arrows will home in on nearby opponents, dealing pyro{Pyro DMG} on hit.</p><p>name{Plunging Attack}<br>Fires off a shower of arrows in mid-air before falling and striking the ground, dealing AoE DMG upon impact.</p>
talent_name;yoimiya_niwabi_fire_dance;Огненный танец Ниваби;Niwabi Fire-Dance
talent_descr;yoimiya_niwabi_fire_dance;<p>Ёимия взмахивает ниваби и окружает себя кольцом горящей селитры.</p><p>name{Ниваби энсё}<br>Пока навык активен, стрелы, выпущенные обычной атакой Ёимии, становятся Зажигательными стрелами, а их урон увеличивается и конвертируется в pyro{Пиро урон}. Однако второй уровень заряда обычной атаки Вспышка фейерверка не будет генерировать Зажигательные стрелы.</p><p>Этот эффект перестаёт действовать, когда Ёимия покидает бой.</p><p><i>Ниваби - это особый вид фейерверка с благовониями, который придумала сама Ёимия. Хитом продаж его сделало то, насколько легко его использовать без предварительной подготовки и каких-либо знаний. После множества случаев непредумышленных поджогов комиссия Тэнрё приказала запретить ниваби, но в ночи всё равно часто можно увидеть искрящиеся огоньки. Если смотреть с высоты, они похожи на мерцающие звёздочки.</i></p>;"<p>Yoimiya waves a sparkler and causes a ring of saltpeter to surround her.</p><p>name{Niwabi Enshou}<br>During this time, arrows fired by Yoimiya's Normal Attack will be Blazing Arrows, and their DMG will be increased and converted to pyro{Pyro DMG}. During this time, Normal Attack: Firework Flare-Up will not generate Kindling Arrows at Charge Level 2.</p><p>This effect will deactivate when Yoimiya leaves the field.</p><p><i>""Niwabi"" is a form of incense firework created by Yoimiya herself. Its ability to be lit without any prior training or preparation has made it a real hit. After many fire-related incidents, the Tenryou Commission ordered the use of ""Niwabi"" banned, but small, bright sparks can often still be seen springing up at night. If seen from above, they look almost like little twinkling stars.</i></p>"
talent_name;yumemizuki_mizuki_anraku_secret_spring_therapy;Терапия тайных источников анраку;Anraku Secret Spring Therapy
talent_descr;yumemizuki_mizuki_anraku_secret_spring_therapy;"<p>Призывает бесчисленные прекрасные сны и кошмары, которые затягивают предметы и врагов поблизости, наносит anemo{Анемо урон по площади} и призывает мини-баку.</p><p>name{Мини-баку}<br>Следует за активным персонажем. Периодически мини-баку создаёт рядом 1 Закуску в стиле юмэми. Если Закуску в стиле юмэми подберёт персонаж из вашего отряда с HP выше 70%, она взорвётся и выпустит Волну мунэн, один раз нанося врагам поблизости anemo{Анемо урон по площади}. В противном случае подобравший её восстанавливает HP пропорционально мастерству стихий Юмэмидзуки Мидзуки. Когда Юмэмидзуки Мидзуки подбирает Закуску в стиле юмэми и активирует лечение, объём лечения повышается на 100%. Если Закуску в стиле юмэми не подобрать в течение некоторого времени, она взорвётся и выпустит Волну мунэн, один раз нанося врагам поблизости anemo{Анемо урон по площади}.</p><p><i>«Если хоронить в себе мрачные чувства слишком долго, то они станут кошмарами. Тогда почему бы не воспользоваться случаем и не превратить их во ""вкусные закуски""»?</i></p>";"<p>Summons forth countless lovely dreams and nightmares that pull in nearby objects and opponents, dealing anemo{AoE Anemo DMG} and summoning a Mini Baku.</p><p>name{Mini Baku:}<br>Follows the current active character. At regular intervals, the Mini Baku will create 1 Yumemi Style Special Snack nearby. After one of your own party members picks up a Special Snack, if their HP is higher than 70%, the Snack will explode and unleash a Munen Shockwave, dealing 1 instance of anemo{AoE Anemo DMG} to nearby opponents. Otherwise, it will heal the character who picked it up based on Yumemizuki Mizuki's Elemental Mastery. When Yumemizuki Mizuki triggers healing by picking up a Yumemi Style Special Snack, the amount of healing is increased by 100%. If a Snack is not picked up after a period of time, it will explode and release a Munen Shockwave, dealing 1 instance of anemo{AoE Anemo DMG} to surrounding opponents.</p><p><i>""If you bury dark emotions for too long, they will become nightmares. With that in mind, why don't we turn them into 'delicious snacks' while we've got the time?""</i></p>"
talent_name;yumemizuki_mizuki_pure_heart_pure_dreams;Чистое сердце, чистые сны;Pure Heart, Pure Dreams
talent_descr;yumemizuki_mizuki_pure_heart_pure_dreams;<p>name{Обычная атака:}<br>До трёх ударов, наносящих anemo{Анемо урон}.</p><p>name{Заряженная атака:}<br>Короткое заклинание, наносящее anemo{Анемо урон по площади}, на которое тратится определённое количество выносливости.</p><p>name{Атака в падении:}<br>Взывая к силе ветра, стремительно падает на землю, атакуя всех врагов на пути. Приземлившись, наносит anemo{Анемо урон по площади}.</p>;<p>name{Normal Attack}<br>Performs up to 3 attacks, dealing anemo{Anemo DMG}.</p><p>name{Charged Attack}<br>Consumes a certain amount of Stamina and deals anemo{AoE Anemo DMG} after a short casting time.</p><p>name{Plunging Attack}<br>Calling upon the power of Anemo, she plunges towards the ground from mid-air, damaging all opponents in her path. Deals anemo{AoE Anemo DMG} upon impact with the ground.</p>
talent_name;yumemizuki_mizuki_aisa_utamakura_pilgrimage;Паломничество аиса утамакура;Aisa Utamakura Pilgrimage
talent_descr;yumemizuki_mizuki_aisa_utamakura_pilgrimage;<p>Плетя воспоминания о прекрасных снах, входит в состояние name{Парящей по сновидениям}, в котором она парит над землёй, и один раз наносит anemo{Анемо урон по площади} врагам поблизости.</p><p>name{Парящая по сновидениям}<br>· Пребывая в состоянии Парящей по сновидениям, Юмэмидзуки Мидзуки постоянно парит вперёд и периодически наносит врагам поблизости anemo{Анемо урон по площади}.<br>· В это время Юмэмидзуки Мидзуки может управлять направлением парения, а расстояние сбора name{Закусок в стиле юмэми} взрыва стихии name{Терапия тайных источников анраку} увеличивается.<br>· Урон реакции Рассеивание, активируемой членами отряда поблизости, повышается пропорционально мастерству стихий Юмэмидзуки Мидзуки.<br>· Состояние Парящей по сновидениям завершается, когда Мидзуки покидает поле боя, или навык используется повторно.</p><p><i>«В полночь соприкасаются наши сны, их песнь доносится до тайников наших сердец».</i></p>;"<p>Weaves memories of lovely dreams, entering a name{Dreamdrifter} state where Yumemizuki Mizuki floats above the ground, and dealing 1 instance of anemo{AoE Anemo DMG} to nearby opponents.</p><p>name{Dreamdrifter}<br>·While in the Dreamdrifter state, Yumemizuki Mizuki will continuously drift forward, dealing anemo{AoE Anemo DMG} to nearby opponents at regular intervals.<br>·During this time, Yumemizuki Mizuki can control her direction of drift, and the pick-up distance of name{Yumemi Style Special Snacks} from the Elemental Burst name{Anraku Secret Spring Therapy} will be increased.<br>·Increases the Swirl DMG that nearby party members deal based on Yumemizuki Mizuki's Elemental Mastery.<br>·Dreamdrifter will end when Mizuki leaves the field or uses her Elemental Skill again.</p><p><i>""Our dreams touch at midnight, their song ringing on in our hearts.""</i></p>"
talent_name;yun_jin_cliffbreakers_banner;Стяг разрушителя скал;Cliffbreaker's Banner
talent_descr;yun_jin_cliffbreakers_banner;<p>Наносит geo{Гео урон по площади} и накладывает на всех ближайших членов отряда Строй облачных флагов.</p><p>name{Строй облачных флагов}<br>Когда противникам наносится урон обычной атаки, им также наносится дополнительный урон, который зависит от текущей защиты Юнь Цзинь.</p><p>Эффекты навыка будут сняты по окончании его действия или после израсходования определённого количества зарядов.<br>Когда обычная атака наносит урон нескольким противникам, заряды будут расходоваться в зависимости от количества поражённых противников. Количество зарядов Строя облачных флагов каждого члена отряда подсчитывается отдельно.</p><p><i>Под звуки барабанов и лязг мечей красавица превращается в могучего генерала.</i><br><i>Инструменты на сцене поют в унисон. Смотрите, как дева побеждает ужасных демонов!</i></p>;<p>Deals geo{AoE Geo DMG} and grants all nearby party members a Flying Cloud Flag Formation.</p><p>name{Flying Cloud Flag Formation}<br>When Normal Attack DMG is dealt to opponents, Bonus DMG will be dealt based on Yun Jin's current DEF.</p><p>The effects of this skill will be cleared after a set duration or after being triggered a specific number of times.<br>When one Normal Attack hits multiple opponents, the effect is triggered multiple times according to the number of opponents hit. The number of times that the effect is triggered is counted independently for each member of the party with Flying Cloud Flag Formation.</p><p><i>As the drums resound, as swords and halberds weave and clash, the doyenne is transformed into a mighty general.</i><br><i>As the instruments on stage strum in unison, lo, see how she vanquishes these demons!</i></p>
talent_name;yun_jin_cloud_grazing_strike;Облачный удар;Cloud-Grazing Strike
talent_descr;yun_jin_cloud_grazing_strike;<p>name{Обычная атака:}<br>До пяти ударов копьём.</p><p>name{Заряженная атака:}<br>Выпад, наносящий урон противникам на пути, на который тратится определённое количество выносливости.</p><p>name{Атака в падении:}<br>Стремительно падает на землю, атакуя всех врагов на пути. Приземлившись, наносит урон по площади.</p>;<p>name{Normal Attack}<br>Performs up to 5 consecutive spear strikes.</p><p>name{Charged Attack}<br>Consumes a certain amount of Stamina to lunge forward, dealing damage to opponents along the way.</p><p>name{Plunging Attack}<br>Plunges from mid-air to strike the ground below, damaging opponents along the path and dealing AoE DMG upon impact.</p>
talent_name;yun_jin_opening_flourish;Вихревое представление;Opening Flourish
talent_descr;yun_jin_opening_flourish;<p>На сцене Госпожа Юнь лишь изображает бой, но дать отпор врагам она может и по-настоящему.</p><p>name{Быстрое нажатие}<br>Взмахивает копьём, обводя очертания облаков, и наносит geo{Гео урон}.</p><p>name{Долгое нажатие}<br>Встаёт в стойку Вихревое представление, накапливает заряд и создаёт щит. Поглощение урона зависит от максимального HP Юнь Цзинь. Щит поглощает элементальный урон и физический урон на 150% эффективнее. Он действует до тех пор, пока Юнь Цзинь не закончит исполнение элементального навыка.<br>Когда навык применится, закончится его длительность или щит разрушится, Юнь Цзинь высвободит накопленную энергию, нанося geo{Гео урон}. В зависимости от времени, потраченного на зарядку, атака будет уровня заряда 1 или уровня заряда 2.</p><p><i>Минута сияния на сцене, за которой стоит десятилетие подготовки.</i></p>;<p>Ms. Yun may just be acting out fights on stage, but her skills with the spear are real enough to defend against her foes.</p><p>name{Press}<br>Flourishes her polearm in a cloud-grasping stance, dealing geo{Geo DMG}.</p><p>name{Hold}<br>Takes up the Opening Flourish stance and charges up, forming a shield. DMG Absorption is based on Yun Jin's Max HP and has 150% effectiveness against all Elemental DMG and Physical DMG. The shield lasts until she finishes unleashing her Elemental Skill.<br>When the skill is released, when its duration ends, or when the shield breaks, Yun Jin will unleash the charged energy as an attack, dealing geo{Geo DMG}.<br>Based on the time spent charging, it will either unleash an attack at Charge Level 1 or Level 2.</p><p><i>One glorious moment on-stage, a decade of preparation behind it.</i></p>
talent_name;zhongli_planet_befall;Падение кометы;Planet Befall
talent_descr;zhongli_planet_befall;<p>Призывает гигантский метеорит, который наносит огромный geo{Гео урон} врагам в радиусе поражения, а также накладывает на них статус geo{Окаменение}.</p><p>name{Окаменение:}<br>Враги со статусом geo{Окаменение} не могут двигаться.</p><p><i>Падающая комета карает несправедливость.</i></p>;<p>Brings a falling meteor down to earth, dealing massive geo{Geo DMG} to opponents caught in its AoE and applying the geo{Petrification} status to them.</p><p>name{Petrification}<br>Opponents affected by the geo{Petrification} status cannot move.</p><p><i>The falling meteor punishes the unjust.</i></p>
talent_name;zhongli_rain_of_stone;Каменный дождь;Rain of Stone
talent_descr;zhongli_rain_of_stone;<p>name{Обычная атака:}<br>До шести ударов копьём.</p><p>name{Заряженная атака:}<br>Выпад, вызывающий дождь из каменных копий, на который тратится определённое количество выносливости.</p><p>name{Атака в падении:}<br>Стремительно падает на землю, атакуя всех врагов на пути. Приземлившись, наносит урон по площади.</p>;<p>name{Normal Attack}<br>Performs up to 6 consecutive spear strikes.</p><p>name{Charged Attack}<br>Consumes a certain amount of Stamina to lunge forward, causing stone spears to fall along his path.</p><p>name{Plunging Attack}<br>Plunges from mid-air to strike the ground below, damaging opponents along the path and dealing AoE DMG upon impact.</p>
talent_name;zhongli_dominus_lapidis;Власть над камнем;Dominus Lapidis
talent_descr;zhongli_dominus_lapidis;<p>Каждая гора, каждый камень и вся земля пронизаны энергией Гео, но только единицы могут ею управлять.</p><p>name{Быстрое нажатие:}<br>Приказывает силам земли создать Каменную стелу.</p><p>name{Долгое нажатие:}<br>Заставляет окружающую Гео энергию взорваться, что вызывает следующие эффекты:<br>· Создаёт Каменную стелу, если не было достигнуто их максимально допустимое количество.<br>· Создаёт Яшмовый щит. Поглощение урона щита зависит от макс. HP Чжун Ли.<br>· Наносит geo{Гео урон по площади}.<br>· Если поблизости есть цели с geo{элементом Гео}, вытягивает большое количество geo{Гео элемента} из максимум 2 таких целей. Этот эффект не наносит урона.</p><p>name{Каменная стела:}<br>При создании наносит geo{Гео урон по площади}.<br>Также Каменная стела входит в резонанс с окружающими её другими geo{Гео конструкциями}, нанося geo{Гео урон} окружающим врагам.<br>Каменная стела считается geo{Гео конструкцией}, на неё можно взобраться или использовать её для блокирования атак.<br>Первоначально может существовать только одна Каменная стела, созданная самим Чжун Ли.</p><p>name{Яшмовый щит:}<br>Весь элементальный и физический урон поглощается на 150% эффективнее.<br>Персонажи, защищённые Яшмовым щитом, будут понижать элементальное и физическое сопротивление врагов в небольшом радиусе на 20%. Этот эффект не может складываться.</p><p><i>Настоящий мастер может вырезать нефрит и придать форму золоту одной лишь мыслью.</i></p>;<p>Every mountain, rock and inch of land is filled with the power of Geo, but those who can wield such powers freely are few and far between.</p><p>name{Press}<br>Commands the power of earth to create a Stone Stele.</p><p>name{Hold}<br>Causes nearby Geo energy to explode, causing the following effects:<br>·If their maximum number hasn't been reached, creates a Stone Stele.<br>·Creates a shield of jade. The shield's DMG Absorption scales based on Zhongli's Max HP.<br>·Deals geo{AoE Geo DMG}.<br>·If there are nearby targets with the geo{Geo element}, it will drain a large amount of geo{Geo element} from a maximum of 2 such targets. This effect does not cause DMG.</p><p>name{Stone Stele}<br>When created, deals geo{AoE Geo DMG}.<br>Additionally, it will intermittently resonate with other nearby geo{Geo constructs}, dealing geo{Geo DMG} to nearby opponents.<br>The Stone Stele is considered a geo{Geo construct} that can both be climbed and used to block attacks.<br>Only one Stele created by Zhongli himself may initially exist at any one time.</p><p>name{Jade Shield}<br>Possesses 150% DMG Absorption against all Elemental and Physical DMG.<br>Characters protected by the Jade Shield will decrease the Elemental RES and Physical RES of opponents in a small AoE by 20%. This effect cannot be stacked.</p><p><i>A true master of stone may carve jade and shape gold.</i></p>
